{
  "type": "FeatureCollection",
  "features": [
    {
      "type": "Feature",
      "geometry": {
        "type": "LineString",
        "coordinates": [
          [
            124.7836,
            8.4612
          ],
          [
            124.78361,
            8.46122
          ],
          [
            124.78381,
            8.46145
          ],
          [
            124.78406,
            8.4617
          ],
          [
            124.7841,
            8.46175
          ],
          [
            124.78422,
            8.46188
          ],
          [
            124.78441,
            8.4621
          ],
          [
            124.78448,
            8.46218
          ],
          [
            124.78467,
            8.46239
          ],
          [
            124.78487,
            8.46255
          ],
          [
            124.78496,
            8.46263
          ],
          [
            124.78521,
            8.46281
          ],
          [
            124.78547,
            8.46301
          ],
          [
            124.78575,
            8.46323
          ],
          [
            124.78587,
            8.46333
          ],
          [
            124.78588,
            8.46334
          ],
          [
            124.78596,
            8.46339
          ],
          [
            124.78602,
            8.46342
          ],
          [
            124.78607,
            8.46343
          ],
          [
            124.78615,
            8.46342
          ],
          [
            124.78623,
            8.46339
          ],
          [
            124.7863,
            8.46336
          ],
          [
            124.78636,
            8.46332
          ],
          [
            124.78654,
            8.46319
          ],
          [
            124.78679,
            8.46301
          ],
          [
            124.78712,
            8.46286
          ],
          [
            124.78735,
            8.46281
          ],
          [
            124.78746,
            8.46279
          ],
          [
            124.78757,
            8.46273
          ],
          [
            124.78772,
            8.46263
          ],
          [
            124.78792,
            8.46245
          ],
          [
            124.78793,
            8.46244
          ],
          [
            124.78803,
            8.4623
          ],
          [
            124.78806,
            8.46227
          ],
          [
            124.78817,
            8.46211
          ],
          [
            124.78829,
            8.4619
          ],
          [
            124.78848,
            8.46149
          ],
          [
            124.78852,
            8.4614
          ],
          [
            124.78855,
            8.46137
          ],
          [
            124.78859,
            8.46134
          ],
          [
            124.78863,
            8.46133
          ],
          [
            124.78866,
            8.46132
          ],
          [
            124.7887,
            8.46132
          ],
          [
            124.78873,
            8.46131
          ],
          [
            124.78874,
            8.46131
          ],
          [
            124.78879,
            8.46132
          ],
          [
            124.78881,
            8.46133
          ],
          [
            124.78883,
            8.46136
          ],
          [
            124.78885,
            8.46137
          ],
          [
            124.78886,
            8.46139
          ],
          [
            124.78886,
            8.4614
          ],
          [
            124.78886,
            8.46142
          ],
          [
            124.78886,
            8.46158
          ],
          [
            124.78882,
            8.46185
          ],
          [
            124.78881,
            8.46212
          ],
          [
            124.78881,
            8.46213
          ],
          [
            124.7888,
            8.46241
          ],
          [
            124.78883,
            8.46269
          ],
          [
            124.78885,
            8.46284
          ],
          [
            124.78887,
            8.4629
          ],
          [
            124.78889,
            8.46302
          ],
          [
            124.78894,
            8.46316
          ],
          [
            124.789,
            8.46334
          ],
          [
            124.78908,
            8.46353
          ],
          [
            124.7891,
            8.46366
          ],
          [
            124.78913,
            8.46376
          ],
          [
            124.78914,
            8.46385
          ],
          [
            124.78916,
            8.46393
          ],
          [
            124.78918,
            8.46399
          ],
          [
            124.78922,
            8.46404
          ],
          [
            124.78926,
            8.46408
          ],
          [
            124.78931,
            8.46411
          ],
          [
            124.78937,
            8.46413
          ],
          [
            124.78943,
            8.46415
          ],
          [
            124.78992,
            8.46435
          ],
          [
            124.79007,
            8.46441
          ],
          [
            124.78998,
            8.46464
          ],
          [
            124.78989,
            8.46485
          ],
          [
            124.78943,
            8.46595
          ],
          [
            124.7893,
            8.46627
          ],
          [
            124.78911,
            8.46671
          ],
          [
            124.78843,
            8.46836
          ],
          [
            124.78835,
            8.46855
          ],
          [
            124.78828,
            8.46872
          ],
          [
            124.78818,
            8.46895
          ],
          [
            124.78772,
            8.47002
          ],
          [
            124.78761,
            8.47027
          ],
          [
            124.78736,
            8.47085
          ],
          [
            124.7873,
            8.47101
          ],
          [
            124.78728,
            8.47106
          ],
          [
            124.78715,
            8.47135
          ],
          [
            124.78699,
            8.4717
          ],
          [
            124.7869,
            8.47189
          ],
          [
            124.78684,
            8.47199
          ],
          [
            124.78678,
            8.4721
          ],
          [
            124.78661,
            8.47238
          ],
          [
            124.7864,
            8.47269
          ],
          [
            124.78611,
            8.47306
          ],
          [
            124.78539,
            8.47396
          ],
          [
            124.78488,
            8.47459
          ],
          [
            124.78429,
            8.47529
          ],
          [
            124.78384,
            8.47583
          ],
          [
            124.78349,
            8.47623
          ],
          [
            124.78311,
            8.47663
          ],
          [
            124.78291,
            8.47684
          ],
          [
            124.78227,
            8.47745
          ],
          [
            124.78222,
            8.4775
          ],
          [
            124.78168,
            8.47802
          ],
          [
            124.7813,
            8.47837
          ],
          [
            124.78104,
            8.47862
          ],
          [
            124.78022,
            8.4794
          ],
          [
            124.77986,
            8.47974
          ],
          [
            124.77954,
            8.48004
          ],
          [
            124.77931,
            8.48026
          ],
          [
            124.77893,
            8.48061
          ],
          [
            124.77867,
            8.48086
          ],
          [
            124.77801,
            8.48148
          ],
          [
            124.77761,
            8.48186
          ],
          [
            124.77757,
            8.4819
          ],
          [
            124.7772,
            8.48226
          ],
          [
            124.77683,
            8.48261
          ],
          [
            124.77623,
            8.48318
          ],
          [
            124.77563,
            8.48373
          ],
          [
            124.77552,
            8.48384
          ],
          [
            124.77537,
            8.48399
          ],
          [
            124.77487,
            8.48447
          ],
          [
            124.77447,
            8.48484
          ],
          [
            124.77431,
            8.48499
          ],
          [
            124.77353,
            8.48573
          ],
          [
            124.77324,
            8.486
          ],
          [
            124.77316,
            8.48609
          ],
          [
            124.77294,
            8.4863
          ],
          [
            124.7727,
            8.48653
          ],
          [
            124.77246,
            8.48679
          ],
          [
            124.77236,
            8.48689
          ],
          [
            124.772,
            8.48736
          ],
          [
            124.77185,
            8.48757
          ],
          [
            124.77167,
            8.4878
          ],
          [
            124.77152,
            8.488
          ],
          [
            124.77129,
            8.48835
          ],
          [
            124.7711,
            8.48858
          ],
          [
            124.77098,
            8.48871
          ],
          [
            124.77088,
            8.4888
          ],
          [
            124.7707,
            8.48892
          ],
          [
            124.77049,
            8.48903
          ],
          [
            124.77035,
            8.48908
          ],
          [
            124.77022,
            8.48912
          ],
          [
            124.77011,
            8.48914
          ],
          [
            124.76996,
            8.48915
          ],
          [
            124.76974,
            8.48915
          ],
          [
            124.76957,
            8.48913
          ],
          [
            124.76942,
            8.48909
          ],
          [
            124.76923,
            8.48902
          ],
          [
            124.76922,
            8.48902
          ],
          [
            124.76877,
            8.48883
          ],
          [
            124.76858,
            8.48879
          ],
          [
            124.76837,
            8.48876
          ],
          [
            124.76816,
            8.48875
          ],
          [
            124.76794,
            8.48876
          ],
          [
            124.76769,
            8.48879
          ],
          [
            124.76736,
            8.48884
          ],
          [
            124.76711,
            8.48892
          ],
          [
            124.76689,
            8.489
          ],
          [
            124.76671,
            8.48908
          ],
          [
            124.76629,
            8.48924
          ],
          [
            124.76618,
            8.48926
          ],
          [
            124.76607,
            8.48928
          ],
          [
            124.76593,
            8.4893
          ],
          [
            124.76573,
            8.4893
          ],
          [
            124.76558,
            8.48929
          ],
          [
            124.76541,
            8.4893
          ],
          [
            124.76537,
            8.4893
          ],
          [
            124.76523,
            8.48931
          ],
          [
            124.76514,
            8.48932
          ],
          [
            124.76505,
            8.48934
          ],
          [
            124.76494,
            8.48936
          ],
          [
            124.76484,
            8.4894
          ],
          [
            124.76468,
            8.48948
          ],
          [
            124.76458,
            8.48956
          ],
          [
            124.76445,
            8.48967
          ],
          [
            124.76433,
            8.48977
          ],
          [
            124.76422,
            8.48986
          ],
          [
            124.76413,
            8.48992
          ],
          [
            124.76401,
            8.49
          ],
          [
            124.7639,
            8.49008
          ],
          [
            124.7638,
            8.49013
          ],
          [
            124.7637,
            8.49017
          ],
          [
            124.7635,
            8.49027
          ],
          [
            124.76335,
            8.49034
          ],
          [
            124.76316,
            8.49045
          ],
          [
            124.76304,
            8.49053
          ],
          [
            124.76291,
            8.49064
          ],
          [
            124.76283,
            8.49072
          ],
          [
            124.76277,
            8.49079
          ],
          [
            124.76263,
            8.49095
          ],
          [
            124.76251,
            8.49108
          ],
          [
            124.76243,
            8.49118
          ],
          [
            124.762,
            8.49165
          ],
          [
            124.76167,
            8.49203
          ],
          [
            124.76162,
            8.49208
          ],
          [
            124.76145,
            8.49227
          ],
          [
            124.76142,
            8.4923
          ],
          [
            124.76127,
            8.49246
          ],
          [
            124.76118,
            8.49254
          ],
          [
            124.76114,
            8.49257
          ],
          [
            124.7611,
            8.4926
          ],
          [
            124.76102,
            8.49264
          ],
          [
            124.76092,
            8.49266
          ],
          [
            124.7608,
            8.49268
          ],
          [
            124.76066,
            8.49268
          ],
          [
            124.76054,
            8.49267
          ],
          [
            124.76041,
            8.49265
          ],
          [
            124.76028,
            8.49264
          ],
          [
            124.7601,
            8.49261
          ],
          [
            124.75997,
            8.4926
          ],
          [
            124.75982,
            8.49259
          ],
          [
            124.75971,
            8.49259
          ],
          [
            124.75961,
            8.4926
          ],
          [
            124.75951,
            8.49263
          ],
          [
            124.75941,
            8.49268
          ],
          [
            124.75929,
            8.49276
          ],
          [
            124.75923,
            8.49281
          ],
          [
            124.75904,
            8.493
          ],
          [
            124.75862,
            8.49348
          ],
          [
            124.75861,
            8.49349
          ],
          [
            124.75855,
            8.49358
          ],
          [
            124.75851,
            8.49362
          ],
          [
            124.7585,
            8.49364
          ],
          [
            124.75844,
            8.49375
          ],
          [
            124.7584,
            8.49384
          ],
          [
            124.75838,
            8.49394
          ],
          [
            124.75837,
            8.49403
          ],
          [
            124.75836,
            8.49413
          ],
          [
            124.75838,
            8.49426
          ],
          [
            124.75842,
            8.49441
          ],
          [
            124.75848,
            8.49459
          ],
          [
            124.7585,
            8.49465
          ],
          [
            124.75868,
            8.49525
          ],
          [
            124.75875,
            8.49552
          ],
          [
            124.75876,
            8.49561
          ],
          [
            124.75876,
            8.49567
          ],
          [
            124.75876,
            8.49569
          ],
          [
            124.75874,
            8.49576
          ],
          [
            124.7587,
            8.49583
          ],
          [
            124.75868,
            8.49586
          ],
          [
            124.75865,
            8.4959
          ],
          [
            124.75861,
            8.49595
          ],
          [
            124.75855,
            8.49599
          ],
          [
            124.75849,
            8.49602
          ],
          [
            124.7584,
            8.49604
          ],
          [
            124.75839,
            8.49604
          ],
          [
            124.75832,
            8.49605
          ],
          [
            124.7582,
            8.49605
          ],
          [
            124.75807,
            8.49605
          ],
          [
            124.7578,
            8.49602
          ],
          [
            124.75763,
            8.496
          ],
          [
            124.75748,
            8.49596
          ],
          [
            124.75735,
            8.49591
          ],
          [
            124.75721,
            8.49584
          ],
          [
            124.7571,
            8.49575
          ],
          [
            124.757,
            8.49564
          ],
          [
            124.75686,
            8.49547
          ],
          [
            124.75675,
            8.49529
          ],
          [
            124.75668,
            8.49516
          ],
          [
            124.75648,
            8.49495
          ],
          [
            124.75636,
            8.49484
          ],
          [
            124.75622,
            8.49472
          ],
          [
            124.75601,
            8.49454
          ],
          [
            124.75599,
            8.49452
          ],
          [
            124.75596,
            8.49451
          ],
          [
            124.75594,
            8.4945
          ],
          [
            124.75591,
            8.4945
          ],
          [
            124.75588,
            8.4945
          ],
          [
            124.75585,
            8.49451
          ],
          [
            124.75583,
            8.49453
          ],
          [
            124.75582,
            8.49454
          ],
          [
            124.75581,
            8.49456
          ],
          [
            124.7558,
            8.49458
          ],
          [
            124.75579,
            8.4946
          ],
          [
            124.75579,
            8.49464
          ],
          [
            124.75579,
            8.49467
          ],
          [
            124.7558,
            8.49471
          ],
          [
            124.75583,
            8.49476
          ],
          [
            124.75587,
            8.49483
          ],
          [
            124.75597,
            8.49496
          ],
          [
            124.75615,
            8.49519
          ],
          [
            124.75625,
            8.49529
          ],
          [
            124.75631,
            8.49538
          ],
          [
            124.75635,
            8.49548
          ],
          [
            124.75638,
            8.49557
          ],
          [
            124.7564,
            8.49565
          ],
          [
            124.75641,
            8.49574
          ],
          [
            124.75642,
            8.49582
          ],
          [
            124.75643,
            8.49589
          ],
          [
            124.75646,
            8.4961
          ],
          [
            124.75651,
            8.49646
          ],
          [
            124.75654,
            8.4967
          ],
          [
            124.75653,
            8.49679
          ],
          [
            124.75652,
            8.49687
          ],
          [
            124.75651,
            8.49696
          ],
          [
            124.75649,
            8.49702
          ],
          [
            124.75646,
            8.49707
          ],
          [
            124.75642,
            8.49711
          ],
          [
            124.75637,
            8.49714
          ],
          [
            124.75631,
            8.49717
          ],
          [
            124.75625,
            8.49718
          ],
          [
            124.75616,
            8.49719
          ],
          [
            124.75606,
            8.49718
          ],
          [
            124.75593,
            8.49717
          ],
          [
            124.75584,
            8.49717
          ],
          [
            124.75579,
            8.49718
          ],
          [
            124.75574,
            8.49719
          ],
          [
            124.75569,
            8.49721
          ],
          [
            124.75565,
            8.49725
          ],
          [
            124.75562,
            8.49728
          ],
          [
            124.75559,
            8.49733
          ],
          [
            124.75558,
            8.49738
          ],
          [
            124.75557,
            8.49747
          ],
          [
            124.75556,
            8.49761
          ],
          [
            124.75555,
            8.49769
          ],
          [
            124.75553,
            8.49778
          ],
          [
            124.7555,
            8.49786
          ],
          [
            124.75546,
            8.49791
          ],
          [
            124.75543,
            8.49795
          ],
          [
            124.75536,
            8.49801
          ],
          [
            124.75527,
            8.4981
          ],
          [
            124.75522,
            8.49814
          ],
          [
            124.75518,
            8.49819
          ],
          [
            124.75516,
            8.49822
          ],
          [
            124.75515,
            8.49823
          ],
          [
            124.75514,
            8.49826
          ],
          [
            124.75514,
            8.49831
          ],
          [
            124.75515,
            8.49836
          ],
          [
            124.75517,
            8.49839
          ],
          [
            124.75519,
            8.49842
          ],
          [
            124.75522,
            8.49844
          ],
          [
            124.75525,
            8.49846
          ],
          [
            124.75529,
            8.49846
          ],
          [
            124.75532,
            8.49846
          ],
          [
            124.75538,
            8.49845
          ],
          [
            124.75545,
            8.49841
          ],
          [
            124.75555,
            8.49834
          ],
          [
            124.75564,
            8.49826
          ],
          [
            124.75567,
            8.49824
          ],
          [
            124.75572,
            8.49822
          ],
          [
            124.75577,
            8.4982
          ],
          [
            124.75583,
            8.49819
          ],
          [
            124.7559,
            8.49819
          ],
          [
            124.75597,
            8.4982
          ],
          [
            124.75604,
            8.49822
          ],
          [
            124.75609,
            8.49825
          ],
          [
            124.75615,
            8.49829
          ],
          [
            124.75619,
            8.49833
          ],
          [
            124.75622,
            8.49836
          ],
          [
            124.75624,
            8.49839
          ],
          [
            124.75626,
            8.49843
          ],
          [
            124.75627,
            8.49846
          ],
          [
            124.75628,
            8.49851
          ],
          [
            124.75629,
            8.49854
          ],
          [
            124.7563,
            8.49861
          ],
          [
            124.7563,
            8.49868
          ],
          [
            124.75628,
            8.49877
          ],
          [
            124.75626,
            8.49885
          ],
          [
            124.75623,
            8.49894
          ],
          [
            124.75619,
            8.499
          ],
          [
            124.75614,
            8.49906
          ],
          [
            124.75607,
            8.49911
          ],
          [
            124.75598,
            8.49917
          ],
          [
            124.75584,
            8.49924
          ],
          [
            124.75572,
            8.49931
          ],
          [
            124.7556,
            8.49939
          ],
          [
            124.75553,
            8.49944
          ],
          [
            124.75546,
            8.49952
          ],
          [
            124.75542,
            8.49958
          ],
          [
            124.7554,
            8.49965
          ],
          [
            124.7554,
            8.49974
          ],
          [
            124.7554,
            8.49984
          ],
          [
            124.75542,
            8.49991
          ],
          [
            124.75545,
            8.49996
          ],
          [
            124.75547,
            8.49999
          ],
          [
            124.7555,
            8.50002
          ],
          [
            124.75559,
            8.50008
          ],
          [
            124.75571,
            8.50016
          ],
          [
            124.75578,
            8.5002
          ],
          [
            124.75584,
            8.50025
          ],
          [
            124.75587,
            8.50028
          ],
          [
            124.75589,
            8.50032
          ],
          [
            124.75591,
            8.50037
          ],
          [
            124.75592,
            8.50041
          ],
          [
            124.75592,
            8.50047
          ],
          [
            124.75592,
            8.50052
          ],
          [
            124.7559,
            8.50059
          ],
          [
            124.75587,
            8.50064
          ],
          [
            124.75584,
            8.50069
          ],
          [
            124.75579,
            8.50074
          ],
          [
            124.75574,
            8.50077
          ],
          [
            124.75567,
            8.50079
          ],
          [
            124.7556,
            8.5008
          ],
          [
            124.75558,
            8.50081
          ],
          [
            124.7555,
            8.5008
          ],
          [
            124.7553,
            8.50078
          ],
          [
            124.75491,
            8.50071
          ],
          [
            124.75471,
            8.50066
          ],
          [
            124.75452,
            8.5006
          ],
          [
            124.75436,
            8.50054
          ],
          [
            124.75412,
            8.50045
          ],
          [
            124.75403,
            8.50041
          ],
          [
            124.75387,
            8.50034
          ],
          [
            124.75347,
            8.50014
          ],
          [
            124.75297,
            8.49992
          ],
          [
            124.75284,
            8.49985
          ],
          [
            124.75268,
            8.49979
          ],
          [
            124.75248,
            8.49974
          ],
          [
            124.75235,
            8.49973
          ],
          [
            124.75204,
            8.49972
          ],
          [
            124.75197,
            8.49973
          ],
          [
            124.7519,
            8.49974
          ],
          [
            124.75177,
            8.49977
          ],
          [
            124.75167,
            8.49981
          ],
          [
            124.75157,
            8.49985
          ],
          [
            124.75149,
            8.49989
          ],
          [
            124.75143,
            8.49993
          ],
          [
            124.75133,
            8.5
          ],
          [
            124.75124,
            8.50007
          ],
          [
            124.75118,
            8.50013
          ],
          [
            124.7511,
            8.50022
          ],
          [
            124.75093,
            8.50042
          ],
          [
            124.75093,
            8.50042
          ],
          [
            124.75083,
            8.50054
          ],
          [
            124.75055,
            8.50089
          ],
          [
            124.75045,
            8.50099
          ],
          [
            124.75035,
            8.50091
          ],
          [
            124.74988,
            8.50049
          ],
          [
            124.74957,
            8.5002
          ],
          [
            124.74937,
            8.49997
          ],
          [
            124.74932,
            8.49991
          ],
          [
            124.74929,
            8.49987
          ],
          [
            124.74924,
            8.49976
          ],
          [
            124.74923,
            8.49972
          ],
          [
            124.74905,
            8.49949
          ],
          [
            124.74904,
            8.49947
          ],
          [
            124.74902,
            8.49944
          ],
          [
            124.74887,
            8.49926
          ],
          [
            124.74886,
            8.49923
          ],
          [
            124.74871,
            8.49903
          ],
          [
            124.74825,
            8.49834
          ],
          [
            124.74806,
            8.49807
          ],
          [
            124.74806,
            8.49806
          ],
          [
            124.74797,
            8.49793
          ],
          [
            124.74789,
            8.49781
          ],
          [
            124.74773,
            8.49759
          ],
          [
            124.74757,
            8.49737
          ],
          [
            124.7473,
            8.49702
          ],
          [
            124.74715,
            8.4968
          ],
          [
            124.74708,
            8.49672
          ],
          [
            124.74701,
            8.49663
          ],
          [
            124.74691,
            8.49651
          ],
          [
            124.7468,
            8.49639
          ],
          [
            124.74656,
            8.49611
          ],
          [
            124.74644,
            8.49598
          ],
          [
            124.74632,
            8.49585
          ],
          [
            124.74617,
            8.49569
          ],
          [
            124.74602,
            8.49555
          ],
          [
            124.74588,
            8.49542
          ],
          [
            124.74569,
            8.49524
          ],
          [
            124.74545,
            8.49501
          ],
          [
            124.74461,
            8.49427
          ],
          [
            124.74451,
            8.49418
          ],
          [
            124.74424,
            8.49394
          ],
          [
            124.74391,
            8.49364
          ],
          [
            124.74383,
            8.49356
          ],
          [
            124.74369,
            8.49344
          ],
          [
            124.7435,
            8.49326
          ],
          [
            124.74329,
            8.49307
          ],
          [
            124.74306,
            8.49286
          ],
          [
            124.74283,
            8.49265
          ],
          [
            124.74236,
            8.49223
          ],
          [
            124.74227,
            8.49214
          ],
          [
            124.74222,
            8.4921
          ],
          [
            124.74209,
            8.49198
          ],
          [
            124.74195,
            8.49185
          ],
          [
            124.74142,
            8.49136
          ],
          [
            124.74079,
            8.49078
          ],
          [
            124.74023,
            8.49025
          ],
          [
            124.7398,
            8.4898
          ],
          [
            124.73992,
            8.48965
          ],
          [
            124.73999,
            8.48955
          ],
          [
            124.74004,
            8.48951
          ],
          [
            124.74008,
            8.48947
          ],
          [
            124.74011,
            8.48946
          ],
          [
            124.74014,
            8.48946
          ],
          [
            124.74017,
            8.48945
          ],
          [
            124.74019,
            8.48946
          ],
          [
            124.74025,
            8.48947
          ],
          [
            124.74039,
            8.48953
          ],
          [
            124.7405,
            8.48958
          ],
          [
            124.7405,
            8.48959
          ],
          [
            124.74071,
            8.48968
          ],
          [
            124.74093,
            8.48977
          ],
          [
            124.74116,
            8.48981
          ],
          [
            124.74141,
            8.48982
          ],
          [
            124.74167,
            8.48977
          ],
          [
            124.74173,
            8.48976
          ],
          [
            124.74223,
            8.48966
          ],
          [
            124.74255,
            8.48957
          ],
          [
            124.74276,
            8.48947
          ],
          [
            124.74301,
            8.4893
          ],
          [
            124.74312,
            8.48915
          ],
          [
            124.74313,
            8.48913
          ],
          [
            124.74319,
            8.48899
          ],
          [
            124.74321,
            8.48878
          ],
          [
            124.74324,
            8.48848
          ],
          [
            124.7433,
            8.48827
          ],
          [
            124.74336,
            8.4881
          ],
          [
            124.74337,
            8.48809
          ],
          [
            124.74357,
            8.48777
          ],
          [
            124.74367,
            8.48764
          ],
          [
            124.74376,
            8.48752
          ],
          [
            124.74377,
            8.48751
          ],
          [
            124.74394,
            8.48733
          ],
          [
            124.7441,
            8.48722
          ],
          [
            124.74421,
            8.48718
          ],
          [
            124.74424,
            8.48718
          ],
          [
            124.74432,
            8.48717
          ],
          [
            124.74441,
            8.48716
          ],
          [
            124.74484,
            8.48717
          ],
          [
            124.74534,
            8.48721
          ],
          [
            124.74545,
            8.48721
          ],
          [
            124.7456,
            8.48722
          ],
          [
            124.74568,
            8.48723
          ],
          [
            124.74578,
            8.48723
          ],
          [
            124.74584,
            8.48722
          ],
          [
            124.7459,
            8.48721
          ],
          [
            124.74596,
            8.48718
          ],
          [
            124.74603,
            8.48712
          ],
          [
            124.74609,
            8.48703
          ],
          [
            124.7461,
            8.48702
          ],
          [
            124.74614,
            8.48693
          ],
          [
            124.74614,
            8.48689
          ],
          [
            124.74615,
            8.48679
          ],
          [
            124.74614,
            8.48658
          ],
          [
            124.74615,
            8.48641
          ],
          [
            124.74617,
            8.48631
          ],
          [
            124.7462,
            8.48621
          ],
          [
            124.74622,
            8.48618
          ],
          [
            124.74625,
            8.48615
          ],
          [
            124.74628,
            8.48611
          ],
          [
            124.74634,
            8.48605
          ],
          [
            124.74639,
            8.48601
          ],
          [
            124.74643,
            8.48599
          ],
          [
            124.74646,
            8.48597
          ],
          [
            124.74648,
            8.48596
          ],
          [
            124.74651,
            8.48596
          ],
          [
            124.74654,
            8.48597
          ],
          [
            124.74658,
            8.48597
          ],
          [
            124.7466,
            8.48598
          ],
          [
            124.74662,
            8.486
          ],
          [
            124.74665,
            8.48604
          ],
          [
            124.74677,
            8.48619
          ],
          [
            124.74688,
            8.48632
          ],
          [
            124.74699,
            8.48638
          ],
          [
            124.74708,
            8.48642
          ],
          [
            124.74712,
            8.48643
          ],
          [
            124.74724,
            8.48647
          ],
          [
            124.74737,
            8.48649
          ],
          [
            124.7475,
            8.48648
          ],
          [
            124.74758,
            8.48646
          ],
          [
            124.74775,
            8.48639
          ],
          [
            124.74793,
            8.48629
          ],
          [
            124.74804,
            8.48623
          ],
          [
            124.74811,
            8.48622
          ],
          [
            124.74814,
            8.48622
          ],
          [
            124.74816,
            8.48622
          ],
          [
            124.74818,
            8.48623
          ],
          [
            124.7482,
            8.48624
          ],
          [
            124.74823,
            8.48626
          ],
          [
            124.74826,
            8.48628
          ],
          [
            124.74828,
            8.48632
          ],
          [
            124.7483,
            8.48638
          ],
          [
            124.74837,
            8.48663
          ],
          [
            124.74841,
            8.48673
          ],
          [
            124.74841,
            8.48675
          ],
          [
            124.74846,
            8.48682
          ],
          [
            124.74853,
            8.4869
          ],
          [
            124.74861,
            8.48695
          ],
          [
            124.74878,
            8.48707
          ],
          [
            124.74891,
            8.48714
          ],
          [
            124.74902,
            8.48718
          ],
          [
            124.74936,
            8.48723
          ],
          [
            124.74961,
            8.48728
          ],
          [
            124.7497,
            8.48729
          ],
          [
            124.74981,
            8.48731
          ],
          [
            124.74991,
            8.48731
          ],
          [
            124.75,
            8.4873
          ],
          [
            124.7501,
            8.48725
          ],
          [
            124.75016,
            8.48717
          ],
          [
            124.75021,
            8.487
          ],
          [
            124.75026,
            8.48685
          ],
          [
            124.75031,
            8.48676
          ],
          [
            124.75038,
            8.48669
          ],
          [
            124.75048,
            8.48662
          ],
          [
            124.75057,
            8.48659
          ],
          [
            124.7506,
            8.48658
          ],
          [
            124.75089,
            8.48652
          ],
          [
            124.75118,
            8.4864
          ],
          [
            124.75143,
            8.48629
          ],
          [
            124.75175,
            8.48616
          ],
          [
            124.75176,
            8.48616
          ],
          [
            124.75198,
            8.48609
          ],
          [
            124.75207,
            8.48606
          ],
          [
            124.75221,
            8.48605
          ],
          [
            124.75232,
            8.48607
          ],
          [
            124.75242,
            8.48611
          ],
          [
            124.75251,
            8.48622
          ],
          [
            124.75266,
            8.48644
          ],
          [
            124.75277,
            8.48659
          ],
          [
            124.75285,
            8.48668
          ],
          [
            124.75292,
            8.48675
          ],
          [
            124.75303,
            8.48681
          ],
          [
            124.75304,
            8.48682
          ],
          [
            124.75315,
            8.48688
          ],
          [
            124.7532,
            8.48691
          ],
          [
            124.75322,
            8.48692
          ],
          [
            124.75324,
            8.48693
          ],
          [
            124.7533,
            8.48694
          ],
          [
            124.75335,
            8.48695
          ],
          [
            124.75339,
            8.48694
          ],
          [
            124.75343,
            8.48694
          ],
          [
            124.75349,
            8.48693
          ],
          [
            124.75353,
            8.48692
          ],
          [
            124.75355,
            8.4869
          ],
          [
            124.75357,
            8.48688
          ],
          [
            124.75358,
            8.48685
          ],
          [
            124.75358,
            8.48682
          ],
          [
            124.75359,
            8.48677
          ],
          [
            124.75358,
            8.48674
          ],
          [
            124.75357,
            8.48672
          ],
          [
            124.75351,
            8.48657
          ],
          [
            124.75349,
            8.48651
          ],
          [
            124.75338,
            8.48625
          ],
          [
            124.75326,
            8.48598
          ],
          [
            124.75324,
            8.4859
          ],
          [
            124.75323,
            8.48587
          ],
          [
            124.75324,
            8.48584
          ],
          [
            124.75325,
            8.48582
          ],
          [
            124.75325,
            8.48581
          ],
          [
            124.75326,
            8.4858
          ],
          [
            124.75328,
            8.48579
          ],
          [
            124.7533,
            8.48577
          ],
          [
            124.75332,
            8.48576
          ],
          [
            124.75333,
            8.48576
          ],
          [
            124.75344,
            8.48573
          ],
          [
            124.75368,
            8.48571
          ],
          [
            124.75372,
            8.4857
          ],
          [
            124.7539,
            8.48567
          ],
          [
            124.75403,
            8.48562
          ],
          [
            124.75412,
            8.48558
          ],
          [
            124.75419,
            8.48552
          ],
          [
            124.75429,
            8.48544
          ],
          [
            124.75438,
            8.48539
          ],
          [
            124.7545,
            8.48534
          ],
          [
            124.75453,
            8.48533
          ],
          [
            124.75488,
            8.48522
          ],
          [
            124.75499,
            8.48521
          ],
          [
            124.75513,
            8.48521
          ],
          [
            124.75521,
            8.48522
          ],
          [
            124.75535,
            8.48525
          ],
          [
            124.7554,
            8.48527
          ],
          [
            124.75564,
            8.48534
          ],
          [
            124.75587,
            8.48546
          ],
          [
            124.75601,
            8.4855
          ],
          [
            124.75614,
            8.48552
          ],
          [
            124.75633,
            8.48551
          ],
          [
            124.75661,
            8.48548
          ],
          [
            124.7567,
            8.48545
          ],
          [
            124.75677,
            8.48543
          ],
          [
            124.75689,
            8.48535
          ],
          [
            124.75698,
            8.48527
          ],
          [
            124.75699,
            8.48525
          ],
          [
            124.7572,
            8.485
          ],
          [
            124.75751,
            8.4848
          ],
          [
            124.75779,
            8.48465
          ],
          [
            124.75786,
            8.48461
          ],
          [
            124.75803,
            8.48452
          ],
          [
            124.75817,
            8.48444
          ],
          [
            124.75838,
            8.48433
          ],
          [
            124.75856,
            8.48422
          ],
          [
            124.75862,
            8.48418
          ],
          [
            124.75865,
            8.48414
          ],
          [
            124.75869,
            8.48407
          ],
          [
            124.7587,
            8.48401
          ],
          [
            124.75869,
            8.48393
          ],
          [
            124.75868,
            8.4839
          ],
          [
            124.75866,
            8.48386
          ],
          [
            124.75864,
            8.48383
          ],
          [
            124.75863,
            8.48382
          ],
          [
            124.75859,
            8.48378
          ],
          [
            124.75851,
            8.48374
          ],
          [
            124.75841,
            8.48371
          ],
          [
            124.75831,
            8.48369
          ],
          [
            124.75822,
            8.48368
          ],
          [
            124.75807,
            8.48369
          ],
          [
            124.75792,
            8.4837
          ],
          [
            124.75783,
            8.4837
          ],
          [
            124.75775,
            8.4837
          ],
          [
            124.7577,
            8.48368
          ],
          [
            124.75767,
            8.48366
          ],
          [
            124.75765,
            8.48364
          ],
          [
            124.75764,
            8.48363
          ],
          [
            124.75763,
            8.4836
          ],
          [
            124.75762,
            8.48356
          ],
          [
            124.75762,
            8.48354
          ],
          [
            124.75763,
            8.48345
          ],
          [
            124.75773,
            8.48321
          ],
          [
            124.75778,
            8.48309
          ],
          [
            124.7578,
            8.48305
          ],
          [
            124.75783,
            8.48294
          ],
          [
            124.75785,
            8.48284
          ],
          [
            124.75787,
            8.48272
          ],
          [
            124.75789,
            8.48264
          ],
          [
            124.75793,
            8.48255
          ],
          [
            124.75799,
            8.48247
          ],
          [
            124.75804,
            8.48243
          ],
          [
            124.75831,
            8.48219
          ],
          [
            124.7586,
            8.48193
          ],
          [
            124.75881,
            8.4817
          ],
          [
            124.75883,
            8.48169
          ],
          [
            124.75888,
            8.48163
          ],
          [
            124.75897,
            8.48156
          ],
          [
            124.75906,
            8.48152
          ],
          [
            124.75921,
            8.48147
          ],
          [
            124.75937,
            8.48143
          ],
          [
            124.75952,
            8.48142
          ],
          [
            124.75964,
            8.48143
          ],
          [
            124.75966,
            8.48144
          ],
          [
            124.7598,
            8.48149
          ],
          [
            124.76016,
            8.48159
          ],
          [
            124.76025,
            8.48158
          ],
          [
            124.76034,
            8.48155
          ],
          [
            124.7604,
            8.4815
          ],
          [
            124.76046,
            8.48141
          ],
          [
            124.76047,
            8.4814
          ],
          [
            124.76056,
            8.48129
          ],
          [
            124.76062,
            8.48124
          ],
          [
            124.76073,
            8.48121
          ],
          [
            124.76087,
            8.4812
          ],
          [
            124.7611,
            8.48123
          ],
          [
            124.76112,
            8.48123
          ],
          [
            124.76117,
            8.48123
          ],
          [
            124.76124,
            8.48119
          ],
          [
            124.76136,
            8.48109
          ],
          [
            124.76158,
            8.48086
          ],
          [
            124.76183,
            8.48051
          ],
          [
            124.76192,
            8.48041
          ],
          [
            124.76199,
            8.48035
          ],
          [
            124.76205,
            8.4803
          ],
          [
            124.76214,
            8.48024
          ],
          [
            124.76269,
            8.4799
          ],
          [
            124.76331,
            8.4795
          ],
          [
            124.76378,
            8.47922
          ],
          [
            124.7643,
            8.4789
          ],
          [
            124.76433,
            8.47888
          ],
          [
            124.76527,
            8.47829
          ],
          [
            124.76537,
            8.47823
          ],
          [
            124.76575,
            8.47799
          ],
          [
            124.76625,
            8.47769
          ],
          [
            124.76706,
            8.47719
          ],
          [
            124.76747,
            8.47695
          ],
          [
            124.76758,
            8.47688
          ],
          [
            124.76788,
            8.47668
          ],
          [
            124.76823,
            8.47646
          ],
          [
            124.76849,
            8.4763
          ],
          [
            124.76866,
            8.4762
          ],
          [
            124.76898,
            8.47601
          ],
          [
            124.76951,
            8.47567
          ],
          [
            124.76969,
            8.47556
          ],
          [
            124.76998,
            8.47537
          ],
          [
            124.77031,
            8.47518
          ],
          [
            124.77031,
            8.47517
          ],
          [
            124.77056,
            8.47505
          ],
          [
            124.77084,
            8.47487
          ],
          [
            124.77102,
            8.47474
          ],
          [
            124.7711,
            8.47468
          ],
          [
            124.77142,
            8.47447
          ],
          [
            124.77166,
            8.47433
          ],
          [
            124.77196,
            8.47419
          ],
          [
            124.77224,
            8.47405
          ],
          [
            124.77266,
            8.47385
          ],
          [
            124.77277,
            8.47379
          ],
          [
            124.77319,
            8.47361
          ],
          [
            124.77361,
            8.47342
          ],
          [
            124.77382,
            8.47333
          ],
          [
            124.77394,
            8.47326
          ],
          [
            124.77424,
            8.47307
          ],
          [
            124.77432,
            8.473
          ],
          [
            124.77468,
            8.47271
          ],
          [
            124.77505,
            8.47244
          ],
          [
            124.77526,
            8.47226
          ],
          [
            124.7753,
            8.47223
          ],
          [
            124.77548,
            8.47207
          ],
          [
            124.77572,
            8.4718
          ],
          [
            124.77602,
            8.47145
          ],
          [
            124.77628,
            8.47116
          ],
          [
            124.77673,
            8.47064
          ],
          [
            124.7771,
            8.47022
          ],
          [
            124.7773,
            8.47
          ],
          [
            124.77746,
            8.46982
          ],
          [
            124.77787,
            8.46934
          ],
          [
            124.77818,
            8.46895
          ],
          [
            124.77857,
            8.46847
          ],
          [
            124.77884,
            8.46815
          ],
          [
            124.77916,
            8.46778
          ],
          [
            124.77919,
            8.46775
          ],
          [
            124.77982,
            8.46699
          ],
          [
            124.78017,
            8.46656
          ],
          [
            124.78044,
            8.46625
          ],
          [
            124.78052,
            8.46617
          ],
          [
            124.78078,
            8.46587
          ],
          [
            124.78111,
            8.46553
          ],
          [
            124.7813,
            8.46528
          ],
          [
            124.78142,
            8.46504
          ],
          [
            124.78149,
            8.46478
          ],
          [
            124.78151,
            8.46452
          ],
          [
            124.78152,
            8.46445
          ],
          [
            124.78152,
            8.46432
          ],
          [
            124.78153,
            8.46423
          ],
          [
            124.78153,
            8.46383
          ],
          [
            124.7815,
            8.46334
          ],
          [
            124.78147,
            8.46302
          ],
          [
            124.78147,
            8.46287
          ],
          [
            124.78152,
            8.4627
          ],
          [
            124.7817,
            8.46239
          ],
          [
            124.78184,
            8.46218
          ],
          [
            124.78199,
            8.46193
          ],
          [
            124.78226,
            8.46156
          ],
          [
            124.78241,
            8.46134
          ],
          [
            124.78269,
            8.461
          ],
          [
            124.78284,
            8.46084
          ],
          [
            124.78303,
            8.46064
          ],
          [
            124.7836,
            8.4612
          ]
        ]
      },
      "properties": {
        "name": "Balubal (R1) – Puerto Public Market"
      }
    },
    {
      "type": "Feature",
      "geometry": {
        "type": "LineString",
        "coordinates": [
          [
            124.78303,
            8.46064
          ],
          [
            124.78284,
            8.46084
          ],
          [
            124.78269,
            8.461
          ],
          [
            124.78241,
            8.46134
          ],
          [
            124.78226,
            8.46156
          ],
          [
            124.78199,
            8.46193
          ],
          [
            124.78184,
            8.46218
          ],
          [
            124.7817,
            8.46239
          ],
          [
            124.78152,
            8.4627
          ],
          [
            124.78147,
            8.46287
          ],
          [
            124.78147,
            8.46302
          ],
          [
            124.7815,
            8.46334
          ],
          [
            124.78153,
            8.46383
          ],
          [
            124.78153,
            8.46423
          ],
          [
            124.78152,
            8.46432
          ],
          [
            124.78152,
            8.46445
          ],
          [
            124.78151,
            8.46452
          ],
          [
            124.78149,
            8.46478
          ],
          [
            124.78142,
            8.46504
          ],
          [
            124.7813,
            8.46528
          ],
          [
            124.78111,
            8.46553
          ],
          [
            124.78078,
            8.46587
          ],
          [
            124.78052,
            8.46617
          ],
          [
            124.78044,
            8.46625
          ],
          [
            124.78017,
            8.46656
          ],
          [
            124.77982,
            8.46699
          ],
          [
            124.77919,
            8.46775
          ],
          [
            124.77916,
            8.46778
          ],
          [
            124.77884,
            8.46815
          ],
          [
            124.77857,
            8.46847
          ],
          [
            124.77818,
            8.46895
          ],
          [
            124.77787,
            8.46934
          ],
          [
            124.77746,
            8.46982
          ],
          [
            124.7773,
            8.47
          ],
          [
            124.7771,
            8.47022
          ],
          [
            124.77673,
            8.47064
          ],
          [
            124.77628,
            8.47116
          ],
          [
            124.77602,
            8.47145
          ],
          [
            124.77572,
            8.4718
          ],
          [
            124.77548,
            8.47207
          ],
          [
            124.7753,
            8.47223
          ],
          [
            124.77526,
            8.47226
          ],
          [
            124.77505,
            8.47244
          ],
          [
            124.77468,
            8.47271
          ],
          [
            124.77432,
            8.473
          ],
          [
            124.77424,
            8.47307
          ],
          [
            124.77394,
            8.47326
          ],
          [
            124.77382,
            8.47333
          ],
          [
            124.77361,
            8.47342
          ],
          [
            124.77319,
            8.47361
          ],
          [
            124.77277,
            8.47379
          ],
          [
            124.77266,
            8.47385
          ],
          [
            124.77224,
            8.47405
          ],
          [
            124.77196,
            8.47419
          ],
          [
            124.77166,
            8.47433
          ],
          [
            124.77142,
            8.47447
          ],
          [
            124.7711,
            8.47468
          ],
          [
            124.77102,
            8.47474
          ],
          [
            124.77084,
            8.47487
          ],
          [
            124.77056,
            8.47505
          ],
          [
            124.77031,
            8.47517
          ],
          [
            124.77031,
            8.47518
          ],
          [
            124.76998,
            8.47537
          ],
          [
            124.76969,
            8.47556
          ],
          [
            124.76951,
            8.47567
          ],
          [
            124.76898,
            8.47601
          ],
          [
            124.76866,
            8.4762
          ],
          [
            124.76849,
            8.4763
          ],
          [
            124.76823,
            8.47646
          ],
          [
            124.76788,
            8.47668
          ],
          [
            124.76758,
            8.47688
          ],
          [
            124.76747,
            8.47695
          ],
          [
            124.76706,
            8.47719
          ],
          [
            124.76625,
            8.47769
          ],
          [
            124.76575,
            8.47799
          ],
          [
            124.76537,
            8.47823
          ],
          [
            124.76527,
            8.47829
          ],
          [
            124.76433,
            8.47888
          ],
          [
            124.7643,
            8.4789
          ],
          [
            124.76378,
            8.47922
          ],
          [
            124.76331,
            8.4795
          ],
          [
            124.76269,
            8.4799
          ],
          [
            124.76214,
            8.48024
          ],
          [
            124.76205,
            8.4803
          ],
          [
            124.76199,
            8.48035
          ],
          [
            124.76192,
            8.48041
          ],
          [
            124.76183,
            8.48051
          ],
          [
            124.76158,
            8.48086
          ],
          [
            124.76136,
            8.48109
          ],
          [
            124.76124,
            8.48119
          ],
          [
            124.76117,
            8.48123
          ],
          [
            124.76112,
            8.48123
          ],
          [
            124.7611,
            8.48123
          ],
          [
            124.76087,
            8.4812
          ],
          [
            124.76073,
            8.48121
          ],
          [
            124.76062,
            8.48124
          ],
          [
            124.76056,
            8.48129
          ],
          [
            124.76047,
            8.4814
          ],
          [
            124.76046,
            8.48141
          ],
          [
            124.7604,
            8.4815
          ],
          [
            124.76034,
            8.48155
          ],
          [
            124.76025,
            8.48158
          ],
          [
            124.76016,
            8.48159
          ],
          [
            124.7598,
            8.48149
          ],
          [
            124.75966,
            8.48144
          ],
          [
            124.75964,
            8.48143
          ],
          [
            124.75952,
            8.48142
          ],
          [
            124.75937,
            8.48143
          ],
          [
            124.75921,
            8.48147
          ],
          [
            124.75906,
            8.48152
          ],
          [
            124.75897,
            8.48156
          ],
          [
            124.75888,
            8.48163
          ],
          [
            124.75883,
            8.48169
          ],
          [
            124.75881,
            8.4817
          ],
          [
            124.7586,
            8.48193
          ],
          [
            124.75831,
            8.48219
          ],
          [
            124.75804,
            8.48243
          ],
          [
            124.75799,
            8.48247
          ],
          [
            124.75793,
            8.48255
          ],
          [
            124.75789,
            8.48264
          ],
          [
            124.75787,
            8.48272
          ],
          [
            124.75785,
            8.48284
          ],
          [
            124.75783,
            8.48294
          ],
          [
            124.7578,
            8.48305
          ],
          [
            124.75778,
            8.48309
          ],
          [
            124.75773,
            8.48321
          ],
          [
            124.75763,
            8.48345
          ],
          [
            124.75762,
            8.48354
          ],
          [
            124.75762,
            8.48356
          ],
          [
            124.75763,
            8.4836
          ],
          [
            124.75764,
            8.48363
          ],
          [
            124.75765,
            8.48364
          ],
          [
            124.75767,
            8.48366
          ],
          [
            124.7577,
            8.48368
          ],
          [
            124.75775,
            8.4837
          ],
          [
            124.75783,
            8.4837
          ],
          [
            124.75792,
            8.4837
          ],
          [
            124.75807,
            8.48369
          ],
          [
            124.75822,
            8.48368
          ],
          [
            124.75831,
            8.48369
          ],
          [
            124.75841,
            8.48371
          ],
          [
            124.75851,
            8.48374
          ],
          [
            124.75859,
            8.48378
          ],
          [
            124.75863,
            8.48382
          ],
          [
            124.75864,
            8.48383
          ],
          [
            124.75866,
            8.48386
          ],
          [
            124.75868,
            8.4839
          ],
          [
            124.75869,
            8.48393
          ],
          [
            124.7587,
            8.48401
          ],
          [
            124.75869,
            8.48407
          ],
          [
            124.75865,
            8.48414
          ],
          [
            124.75862,
            8.48418
          ],
          [
            124.75856,
            8.48422
          ],
          [
            124.75838,
            8.48433
          ],
          [
            124.75817,
            8.48444
          ],
          [
            124.75803,
            8.48452
          ],
          [
            124.75786,
            8.48461
          ],
          [
            124.75779,
            8.48465
          ],
          [
            124.75751,
            8.4848
          ],
          [
            124.7572,
            8.485
          ],
          [
            124.75699,
            8.48525
          ],
          [
            124.75698,
            8.48527
          ],
          [
            124.75689,
            8.48535
          ],
          [
            124.75677,
            8.48543
          ],
          [
            124.7567,
            8.48545
          ],
          [
            124.75661,
            8.48548
          ],
          [
            124.75633,
            8.48551
          ],
          [
            124.75614,
            8.48552
          ],
          [
            124.75601,
            8.4855
          ],
          [
            124.75587,
            8.48546
          ],
          [
            124.75564,
            8.48534
          ],
          [
            124.7554,
            8.48527
          ],
          [
            124.75535,
            8.48525
          ],
          [
            124.75521,
            8.48522
          ],
          [
            124.75513,
            8.48521
          ],
          [
            124.75499,
            8.48521
          ],
          [
            124.75488,
            8.48522
          ],
          [
            124.75453,
            8.48533
          ],
          [
            124.7545,
            8.48534
          ],
          [
            124.75438,
            8.48539
          ],
          [
            124.75429,
            8.48544
          ],
          [
            124.75419,
            8.48552
          ],
          [
            124.75412,
            8.48558
          ],
          [
            124.75403,
            8.48562
          ],
          [
            124.7539,
            8.48567
          ],
          [
            124.75372,
            8.4857
          ],
          [
            124.75368,
            8.48571
          ],
          [
            124.75344,
            8.48573
          ],
          [
            124.75333,
            8.48576
          ],
          [
            124.75332,
            8.48576
          ],
          [
            124.7533,
            8.48577
          ],
          [
            124.75328,
            8.48579
          ],
          [
            124.75326,
            8.4858
          ],
          [
            124.75325,
            8.48581
          ],
          [
            124.75325,
            8.48582
          ],
          [
            124.75324,
            8.48584
          ],
          [
            124.75323,
            8.48587
          ],
          [
            124.75324,
            8.4859
          ],
          [
            124.75326,
            8.48598
          ],
          [
            124.75338,
            8.48625
          ],
          [
            124.75349,
            8.48651
          ],
          [
            124.75351,
            8.48657
          ],
          [
            124.75357,
            8.48672
          ],
          [
            124.75358,
            8.48674
          ],
          [
            124.75359,
            8.48677
          ],
          [
            124.75358,
            8.48682
          ],
          [
            124.75358,
            8.48685
          ],
          [
            124.75357,
            8.48688
          ],
          [
            124.75355,
            8.4869
          ],
          [
            124.75353,
            8.48692
          ],
          [
            124.75349,
            8.48693
          ],
          [
            124.75343,
            8.48694
          ],
          [
            124.75339,
            8.48694
          ],
          [
            124.75335,
            8.48695
          ],
          [
            124.7533,
            8.48694
          ],
          [
            124.75324,
            8.48693
          ],
          [
            124.75322,
            8.48692
          ],
          [
            124.7532,
            8.48691
          ],
          [
            124.75315,
            8.48688
          ],
          [
            124.75304,
            8.48682
          ],
          [
            124.75303,
            8.48681
          ],
          [
            124.75292,
            8.48675
          ],
          [
            124.75285,
            8.48668
          ],
          [
            124.75277,
            8.48659
          ],
          [
            124.75266,
            8.48644
          ],
          [
            124.75251,
            8.48622
          ],
          [
            124.75242,
            8.48611
          ],
          [
            124.75232,
            8.48607
          ],
          [
            124.75221,
            8.48605
          ],
          [
            124.75207,
            8.48606
          ],
          [
            124.75198,
            8.48609
          ],
          [
            124.75176,
            8.48616
          ],
          [
            124.75175,
            8.48616
          ],
          [
            124.75143,
            8.48629
          ],
          [
            124.75118,
            8.4864
          ],
          [
            124.75089,
            8.48652
          ],
          [
            124.7506,
            8.48658
          ],
          [
            124.75057,
            8.48659
          ],
          [
            124.75048,
            8.48662
          ],
          [
            124.75038,
            8.48669
          ],
          [
            124.75031,
            8.48676
          ],
          [
            124.75026,
            8.48685
          ],
          [
            124.75021,
            8.487
          ],
          [
            124.75016,
            8.48717
          ],
          [
            124.7501,
            8.48725
          ],
          [
            124.75,
            8.4873
          ],
          [
            124.74991,
            8.48731
          ],
          [
            124.74981,
            8.48731
          ],
          [
            124.7497,
            8.48729
          ],
          [
            124.74961,
            8.48728
          ],
          [
            124.74936,
            8.48723
          ],
          [
            124.74902,
            8.48718
          ],
          [
            124.74891,
            8.48714
          ],
          [
            124.74878,
            8.48707
          ],
          [
            124.74861,
            8.48695
          ],
          [
            124.74853,
            8.4869
          ],
          [
            124.74846,
            8.48682
          ],
          [
            124.74841,
            8.48675
          ],
          [
            124.74841,
            8.48673
          ],
          [
            124.74837,
            8.48663
          ],
          [
            124.7483,
            8.48638
          ],
          [
            124.74828,
            8.48632
          ],
          [
            124.74826,
            8.48628
          ],
          [
            124.74823,
            8.48626
          ],
          [
            124.7482,
            8.48624
          ],
          [
            124.74818,
            8.48623
          ],
          [
            124.74816,
            8.48622
          ],
          [
            124.74814,
            8.48622
          ],
          [
            124.74811,
            8.48622
          ],
          [
            124.74804,
            8.48623
          ],
          [
            124.74793,
            8.48629
          ],
          [
            124.74775,
            8.48639
          ],
          [
            124.74758,
            8.48646
          ],
          [
            124.7475,
            8.48648
          ],
          [
            124.74737,
            8.48649
          ],
          [
            124.74724,
            8.48647
          ],
          [
            124.74712,
            8.48643
          ],
          [
            124.74708,
            8.48642
          ],
          [
            124.74699,
            8.48638
          ],
          [
            124.74688,
            8.48632
          ],
          [
            124.74677,
            8.48619
          ],
          [
            124.74665,
            8.48604
          ],
          [
            124.74662,
            8.486
          ],
          [
            124.7466,
            8.48598
          ],
          [
            124.74658,
            8.48597
          ],
          [
            124.74654,
            8.48597
          ],
          [
            124.74651,
            8.48596
          ],
          [
            124.74648,
            8.48596
          ],
          [
            124.74646,
            8.48597
          ],
          [
            124.74643,
            8.48599
          ],
          [
            124.74639,
            8.48601
          ],
          [
            124.74634,
            8.48605
          ],
          [
            124.74628,
            8.48611
          ],
          [
            124.74625,
            8.48615
          ],
          [
            124.74622,
            8.48618
          ],
          [
            124.7462,
            8.48621
          ],
          [
            124.74617,
            8.48631
          ],
          [
            124.74615,
            8.48641
          ],
          [
            124.74614,
            8.48658
          ],
          [
            124.74615,
            8.48679
          ],
          [
            124.74614,
            8.48689
          ],
          [
            124.74614,
            8.48693
          ],
          [
            124.7461,
            8.48702
          ],
          [
            124.74609,
            8.48703
          ],
          [
            124.74603,
            8.48712
          ],
          [
            124.74596,
            8.48718
          ],
          [
            124.7459,
            8.48721
          ],
          [
            124.74584,
            8.48722
          ],
          [
            124.74578,
            8.48723
          ],
          [
            124.74568,
            8.48723
          ],
          [
            124.7456,
            8.48722
          ],
          [
            124.74545,
            8.48721
          ],
          [
            124.74534,
            8.48721
          ],
          [
            124.74484,
            8.48717
          ],
          [
            124.74441,
            8.48716
          ],
          [
            124.74432,
            8.48717
          ],
          [
            124.74424,
            8.48718
          ],
          [
            124.74421,
            8.48718
          ],
          [
            124.7441,
            8.48722
          ],
          [
            124.74394,
            8.48733
          ],
          [
            124.74377,
            8.48751
          ],
          [
            124.74376,
            8.48752
          ],
          [
            124.74367,
            8.48764
          ],
          [
            124.74357,
            8.48777
          ],
          [
            124.74337,
            8.48809
          ],
          [
            124.74336,
            8.4881
          ],
          [
            124.7433,
            8.48827
          ],
          [
            124.74324,
            8.48848
          ],
          [
            124.74321,
            8.48878
          ],
          [
            124.74319,
            8.48899
          ],
          [
            124.74313,
            8.48913
          ],
          [
            124.74312,
            8.48915
          ],
          [
            124.74301,
            8.4893
          ],
          [
            124.74276,
            8.48947
          ],
          [
            124.74255,
            8.48957
          ],
          [
            124.74223,
            8.48966
          ],
          [
            124.74173,
            8.48976
          ],
          [
            124.74167,
            8.48977
          ],
          [
            124.74141,
            8.48982
          ],
          [
            124.74116,
            8.48981
          ],
          [
            124.74093,
            8.48977
          ],
          [
            124.74071,
            8.48968
          ],
          [
            124.7405,
            8.48959
          ],
          [
            124.7405,
            8.48958
          ],
          [
            124.74039,
            8.48953
          ],
          [
            124.74025,
            8.48947
          ],
          [
            124.74019,
            8.48946
          ],
          [
            124.74017,
            8.48945
          ],
          [
            124.74014,
            8.48946
          ],
          [
            124.74011,
            8.48946
          ],
          [
            124.74008,
            8.48947
          ],
          [
            124.74004,
            8.48951
          ],
          [
            124.73999,
            8.48955
          ],
          [
            124.73992,
            8.48965
          ],
          [
            124.7398,
            8.4898
          ],
          [
            124.74023,
            8.49025
          ],
          [
            124.74079,
            8.49078
          ],
          [
            124.74142,
            8.49136
          ],
          [
            124.74195,
            8.49185
          ],
          [
            124.74209,
            8.49198
          ],
          [
            124.74222,
            8.4921
          ],
          [
            124.74227,
            8.49214
          ],
          [
            124.74236,
            8.49223
          ],
          [
            124.74283,
            8.49265
          ],
          [
            124.74306,
            8.49286
          ],
          [
            124.74329,
            8.49307
          ],
          [
            124.7435,
            8.49326
          ],
          [
            124.74369,
            8.49344
          ],
          [
            124.74383,
            8.49356
          ],
          [
            124.74391,
            8.49364
          ],
          [
            124.74424,
            8.49394
          ],
          [
            124.74451,
            8.49418
          ],
          [
            124.74461,
            8.49427
          ],
          [
            124.74545,
            8.49501
          ],
          [
            124.74569,
            8.49524
          ],
          [
            124.74588,
            8.49542
          ],
          [
            124.74602,
            8.49555
          ],
          [
            124.74617,
            8.49569
          ],
          [
            124.74632,
            8.49585
          ],
          [
            124.74644,
            8.49598
          ],
          [
            124.74656,
            8.49611
          ],
          [
            124.7468,
            8.49639
          ],
          [
            124.74691,
            8.49651
          ],
          [
            124.74701,
            8.49663
          ],
          [
            124.74708,
            8.49672
          ],
          [
            124.74715,
            8.4968
          ],
          [
            124.7473,
            8.49702
          ],
          [
            124.74757,
            8.49737
          ],
          [
            124.74773,
            8.49759
          ],
          [
            124.74789,
            8.49781
          ],
          [
            124.74797,
            8.49793
          ],
          [
            124.74806,
            8.49806
          ],
          [
            124.74806,
            8.49807
          ],
          [
            124.74825,
            8.49834
          ],
          [
            124.74871,
            8.49903
          ],
          [
            124.74886,
            8.49923
          ],
          [
            124.74887,
            8.49926
          ],
          [
            124.74902,
            8.49944
          ],
          [
            124.74904,
            8.49947
          ],
          [
            124.74905,
            8.49949
          ],
          [
            124.74923,
            8.49972
          ],
          [
            124.74928,
            8.49974
          ],
          [
            124.74936,
            8.49981
          ],
          [
            124.74942,
            8.49986
          ],
          [
            124.74995,
            8.50036
          ],
          [
            124.75055,
            8.50089
          ],
          [
            124.75083,
            8.50054
          ],
          [
            124.751,
            8.50033
          ],
          [
            124.751,
            8.50033
          ],
          [
            124.7511,
            8.50022
          ],
          [
            124.75118,
            8.50013
          ],
          [
            124.75124,
            8.50007
          ],
          [
            124.75133,
            8.5
          ],
          [
            124.75143,
            8.49993
          ],
          [
            124.75149,
            8.49989
          ],
          [
            124.75157,
            8.49985
          ],
          [
            124.75167,
            8.49981
          ],
          [
            124.75177,
            8.49977
          ],
          [
            124.7519,
            8.49974
          ],
          [
            124.75197,
            8.49973
          ],
          [
            124.75204,
            8.49972
          ],
          [
            124.75235,
            8.49973
          ],
          [
            124.75248,
            8.49974
          ],
          [
            124.75268,
            8.49979
          ],
          [
            124.75284,
            8.49985
          ],
          [
            124.75297,
            8.49992
          ],
          [
            124.75347,
            8.50014
          ],
          [
            124.75387,
            8.50034
          ],
          [
            124.75403,
            8.50041
          ],
          [
            124.75412,
            8.50045
          ],
          [
            124.75436,
            8.50054
          ],
          [
            124.75452,
            8.5006
          ],
          [
            124.75471,
            8.50066
          ],
          [
            124.75491,
            8.50071
          ],
          [
            124.7553,
            8.50078
          ],
          [
            124.7555,
            8.5008
          ],
          [
            124.75558,
            8.50081
          ],
          [
            124.7556,
            8.5008
          ],
          [
            124.75567,
            8.50079
          ],
          [
            124.75574,
            8.50077
          ],
          [
            124.75579,
            8.50074
          ],
          [
            124.75584,
            8.50069
          ],
          [
            124.75587,
            8.50064
          ],
          [
            124.7559,
            8.50059
          ],
          [
            124.75592,
            8.50052
          ],
          [
            124.75592,
            8.50047
          ],
          [
            124.75592,
            8.50041
          ],
          [
            124.75591,
            8.50037
          ],
          [
            124.75589,
            8.50032
          ],
          [
            124.75587,
            8.50028
          ],
          [
            124.75584,
            8.50025
          ],
          [
            124.75578,
            8.5002
          ],
          [
            124.75571,
            8.50016
          ],
          [
            124.75559,
            8.50008
          ],
          [
            124.7555,
            8.50002
          ],
          [
            124.75547,
            8.49999
          ],
          [
            124.75545,
            8.49996
          ],
          [
            124.75542,
            8.49991
          ],
          [
            124.7554,
            8.49984
          ],
          [
            124.7554,
            8.49974
          ],
          [
            124.7554,
            8.49965
          ],
          [
            124.75542,
            8.49958
          ],
          [
            124.75546,
            8.49952
          ],
          [
            124.75553,
            8.49944
          ],
          [
            124.7556,
            8.49939
          ],
          [
            124.75572,
            8.49931
          ],
          [
            124.75584,
            8.49924
          ],
          [
            124.75598,
            8.49917
          ],
          [
            124.75607,
            8.49911
          ],
          [
            124.75614,
            8.49906
          ],
          [
            124.75619,
            8.499
          ],
          [
            124.75623,
            8.49894
          ],
          [
            124.75626,
            8.49885
          ],
          [
            124.75628,
            8.49877
          ],
          [
            124.7563,
            8.49868
          ],
          [
            124.7563,
            8.49861
          ],
          [
            124.75629,
            8.49854
          ],
          [
            124.75628,
            8.49851
          ],
          [
            124.75627,
            8.49846
          ],
          [
            124.75626,
            8.49843
          ],
          [
            124.75624,
            8.49839
          ],
          [
            124.75622,
            8.49836
          ],
          [
            124.75619,
            8.49833
          ],
          [
            124.75615,
            8.49829
          ],
          [
            124.75609,
            8.49825
          ],
          [
            124.75604,
            8.49822
          ],
          [
            124.75597,
            8.4982
          ],
          [
            124.7559,
            8.49819
          ],
          [
            124.75583,
            8.49819
          ],
          [
            124.75577,
            8.4982
          ],
          [
            124.75572,
            8.49822
          ],
          [
            124.75567,
            8.49824
          ],
          [
            124.75564,
            8.49826
          ],
          [
            124.75555,
            8.49834
          ],
          [
            124.75545,
            8.49841
          ],
          [
            124.75538,
            8.49845
          ],
          [
            124.75532,
            8.49846
          ],
          [
            124.75529,
            8.49846
          ],
          [
            124.75525,
            8.49846
          ],
          [
            124.75522,
            8.49844
          ],
          [
            124.75519,
            8.49842
          ],
          [
            124.75517,
            8.49839
          ],
          [
            124.75515,
            8.49836
          ],
          [
            124.75514,
            8.49831
          ],
          [
            124.75514,
            8.49826
          ],
          [
            124.75515,
            8.49823
          ],
          [
            124.75516,
            8.49822
          ],
          [
            124.75518,
            8.49819
          ],
          [
            124.75522,
            8.49814
          ],
          [
            124.75527,
            8.4981
          ],
          [
            124.75536,
            8.49801
          ],
          [
            124.75543,
            8.49795
          ],
          [
            124.75546,
            8.49791
          ],
          [
            124.7555,
            8.49786
          ],
          [
            124.75553,
            8.49778
          ],
          [
            124.75555,
            8.49769
          ],
          [
            124.75556,
            8.49761
          ],
          [
            124.75557,
            8.49747
          ],
          [
            124.75558,
            8.49738
          ],
          [
            124.75559,
            8.49733
          ],
          [
            124.75562,
            8.49728
          ],
          [
            124.75565,
            8.49725
          ],
          [
            124.75569,
            8.49721
          ],
          [
            124.75574,
            8.49719
          ],
          [
            124.75579,
            8.49718
          ],
          [
            124.75584,
            8.49717
          ],
          [
            124.75593,
            8.49717
          ],
          [
            124.75606,
            8.49718
          ],
          [
            124.75616,
            8.49719
          ],
          [
            124.75625,
            8.49718
          ],
          [
            124.75631,
            8.49717
          ],
          [
            124.75637,
            8.49714
          ],
          [
            124.75642,
            8.49711
          ],
          [
            124.75646,
            8.49707
          ],
          [
            124.75649,
            8.49702
          ],
          [
            124.75651,
            8.49696
          ],
          [
            124.75652,
            8.49687
          ],
          [
            124.75653,
            8.49679
          ],
          [
            124.75654,
            8.4967
          ],
          [
            124.75651,
            8.49646
          ],
          [
            124.75646,
            8.4961
          ],
          [
            124.75643,
            8.49589
          ],
          [
            124.75642,
            8.49582
          ],
          [
            124.75641,
            8.49574
          ],
          [
            124.7564,
            8.49565
          ],
          [
            124.75638,
            8.49557
          ],
          [
            124.75635,
            8.49548
          ],
          [
            124.75631,
            8.49538
          ],
          [
            124.75625,
            8.49529
          ],
          [
            124.75615,
            8.49519
          ],
          [
            124.75597,
            8.49496
          ],
          [
            124.75587,
            8.49483
          ],
          [
            124.75583,
            8.49476
          ],
          [
            124.7558,
            8.49471
          ],
          [
            124.75579,
            8.49467
          ],
          [
            124.75579,
            8.49464
          ],
          [
            124.75579,
            8.4946
          ],
          [
            124.7558,
            8.49458
          ],
          [
            124.75581,
            8.49456
          ],
          [
            124.75582,
            8.49454
          ],
          [
            124.75583,
            8.49453
          ],
          [
            124.75585,
            8.49451
          ],
          [
            124.75588,
            8.4945
          ],
          [
            124.75591,
            8.4945
          ],
          [
            124.75594,
            8.4945
          ],
          [
            124.75596,
            8.49451
          ],
          [
            124.75599,
            8.49452
          ],
          [
            124.75601,
            8.49454
          ],
          [
            124.75622,
            8.49472
          ],
          [
            124.75636,
            8.49484
          ],
          [
            124.75648,
            8.49495
          ],
          [
            124.75668,
            8.49516
          ],
          [
            124.75675,
            8.49529
          ],
          [
            124.75686,
            8.49547
          ],
          [
            124.757,
            8.49564
          ],
          [
            124.7571,
            8.49575
          ],
          [
            124.75721,
            8.49584
          ],
          [
            124.75735,
            8.49591
          ],
          [
            124.75748,
            8.49596
          ],
          [
            124.75763,
            8.496
          ],
          [
            124.7578,
            8.49602
          ],
          [
            124.75807,
            8.49605
          ],
          [
            124.7582,
            8.49605
          ],
          [
            124.75832,
            8.49605
          ],
          [
            124.75839,
            8.49604
          ],
          [
            124.7584,
            8.49604
          ],
          [
            124.75849,
            8.49602
          ],
          [
            124.75855,
            8.49599
          ],
          [
            124.75861,
            8.49595
          ],
          [
            124.75865,
            8.4959
          ],
          [
            124.75868,
            8.49586
          ],
          [
            124.7587,
            8.49583
          ],
          [
            124.75874,
            8.49576
          ],
          [
            124.75876,
            8.49569
          ],
          [
            124.75876,
            8.49567
          ],
          [
            124.75876,
            8.49561
          ],
          [
            124.75875,
            8.49552
          ],
          [
            124.75868,
            8.49525
          ],
          [
            124.7585,
            8.49465
          ],
          [
            124.75848,
            8.49459
          ],
          [
            124.75842,
            8.49441
          ],
          [
            124.75838,
            8.49426
          ],
          [
            124.75836,
            8.49413
          ],
          [
            124.75837,
            8.49403
          ],
          [
            124.75838,
            8.49394
          ],
          [
            124.7584,
            8.49384
          ],
          [
            124.75844,
            8.49375
          ],
          [
            124.7585,
            8.49364
          ],
          [
            124.75851,
            8.49362
          ],
          [
            124.75855,
            8.49358
          ],
          [
            124.75861,
            8.49349
          ],
          [
            124.75862,
            8.49348
          ],
          [
            124.75904,
            8.493
          ],
          [
            124.75923,
            8.49281
          ],
          [
            124.75929,
            8.49276
          ],
          [
            124.75941,
            8.49268
          ],
          [
            124.75951,
            8.49263
          ],
          [
            124.75961,
            8.4926
          ],
          [
            124.75971,
            8.49259
          ],
          [
            124.75982,
            8.49259
          ],
          [
            124.75997,
            8.4926
          ],
          [
            124.7601,
            8.49261
          ],
          [
            124.76028,
            8.49264
          ],
          [
            124.76041,
            8.49265
          ],
          [
            124.76054,
            8.49267
          ],
          [
            124.76066,
            8.49268
          ],
          [
            124.7608,
            8.49268
          ],
          [
            124.76092,
            8.49266
          ],
          [
            124.76102,
            8.49264
          ],
          [
            124.7611,
            8.4926
          ],
          [
            124.76114,
            8.49257
          ],
          [
            124.76118,
            8.49254
          ],
          [
            124.76127,
            8.49246
          ],
          [
            124.76142,
            8.4923
          ],
          [
            124.76145,
            8.49227
          ],
          [
            124.76162,
            8.49208
          ],
          [
            124.76167,
            8.49203
          ],
          [
            124.762,
            8.49165
          ],
          [
            124.76243,
            8.49118
          ],
          [
            124.76251,
            8.49108
          ],
          [
            124.76263,
            8.49095
          ],
          [
            124.76277,
            8.49079
          ],
          [
            124.76283,
            8.49072
          ],
          [
            124.76291,
            8.49064
          ],
          [
            124.76304,
            8.49053
          ],
          [
            124.76316,
            8.49045
          ],
          [
            124.76335,
            8.49034
          ],
          [
            124.7635,
            8.49027
          ],
          [
            124.7637,
            8.49017
          ],
          [
            124.7638,
            8.49013
          ],
          [
            124.7639,
            8.49008
          ],
          [
            124.76401,
            8.49
          ],
          [
            124.76413,
            8.48992
          ],
          [
            124.76422,
            8.48986
          ],
          [
            124.76433,
            8.48977
          ],
          [
            124.76445,
            8.48967
          ],
          [
            124.76458,
            8.48956
          ],
          [
            124.76468,
            8.48948
          ],
          [
            124.76484,
            8.4894
          ],
          [
            124.76494,
            8.48936
          ],
          [
            124.76505,
            8.48934
          ],
          [
            124.76514,
            8.48932
          ],
          [
            124.76523,
            8.48931
          ],
          [
            124.76537,
            8.4893
          ],
          [
            124.76541,
            8.4893
          ],
          [
            124.76558,
            8.48929
          ],
          [
            124.76573,
            8.4893
          ],
          [
            124.76593,
            8.4893
          ],
          [
            124.76607,
            8.48928
          ],
          [
            124.76618,
            8.48926
          ],
          [
            124.76629,
            8.48924
          ],
          [
            124.76671,
            8.48908
          ],
          [
            124.76689,
            8.489
          ],
          [
            124.76711,
            8.48892
          ],
          [
            124.76736,
            8.48884
          ],
          [
            124.76769,
            8.48879
          ],
          [
            124.76794,
            8.48876
          ],
          [
            124.76816,
            8.48875
          ],
          [
            124.76837,
            8.48876
          ],
          [
            124.76858,
            8.48879
          ],
          [
            124.76877,
            8.48883
          ],
          [
            124.76922,
            8.48902
          ],
          [
            124.76923,
            8.48902
          ],
          [
            124.76942,
            8.48909
          ],
          [
            124.76957,
            8.48913
          ],
          [
            124.76974,
            8.48915
          ],
          [
            124.76996,
            8.48915
          ],
          [
            124.77011,
            8.48914
          ],
          [
            124.77022,
            8.48912
          ],
          [
            124.77035,
            8.48908
          ],
          [
            124.77049,
            8.48903
          ],
          [
            124.7707,
            8.48892
          ],
          [
            124.77088,
            8.4888
          ],
          [
            124.77098,
            8.48871
          ],
          [
            124.7711,
            8.48858
          ],
          [
            124.77129,
            8.48835
          ],
          [
            124.77152,
            8.488
          ],
          [
            124.77167,
            8.4878
          ],
          [
            124.77185,
            8.48757
          ],
          [
            124.772,
            8.48736
          ],
          [
            124.77236,
            8.48689
          ],
          [
            124.77246,
            8.48679
          ],
          [
            124.7727,
            8.48653
          ],
          [
            124.77294,
            8.4863
          ],
          [
            124.77316,
            8.48609
          ],
          [
            124.77324,
            8.486
          ],
          [
            124.77353,
            8.48573
          ],
          [
            124.77431,
            8.48499
          ],
          [
            124.77447,
            8.48484
          ],
          [
            124.77487,
            8.48447
          ],
          [
            124.77537,
            8.48399
          ],
          [
            124.77552,
            8.48384
          ],
          [
            124.77563,
            8.48373
          ],
          [
            124.77623,
            8.48318
          ],
          [
            124.77683,
            8.48261
          ],
          [
            124.7772,
            8.48226
          ],
          [
            124.77757,
            8.4819
          ],
          [
            124.77761,
            8.48186
          ],
          [
            124.77801,
            8.48148
          ],
          [
            124.77867,
            8.48086
          ],
          [
            124.77893,
            8.48061
          ],
          [
            124.77931,
            8.48026
          ],
          [
            124.77954,
            8.48004
          ],
          [
            124.77986,
            8.47974
          ],
          [
            124.78022,
            8.4794
          ],
          [
            124.78104,
            8.47862
          ],
          [
            124.7813,
            8.47837
          ],
          [
            124.78168,
            8.47802
          ],
          [
            124.78222,
            8.4775
          ],
          [
            124.78227,
            8.47745
          ],
          [
            124.78291,
            8.47684
          ],
          [
            124.78311,
            8.47663
          ],
          [
            124.78349,
            8.47623
          ],
          [
            124.78384,
            8.47583
          ],
          [
            124.78429,
            8.47529
          ],
          [
            124.78488,
            8.47459
          ],
          [
            124.78539,
            8.47396
          ],
          [
            124.78611,
            8.47306
          ],
          [
            124.7864,
            8.47269
          ],
          [
            124.78661,
            8.47238
          ],
          [
            124.78678,
            8.4721
          ],
          [
            124.78684,
            8.47199
          ],
          [
            124.7869,
            8.47189
          ],
          [
            124.78699,
            8.4717
          ],
          [
            124.78715,
            8.47135
          ],
          [
            124.78728,
            8.47106
          ],
          [
            124.7873,
            8.47101
          ],
          [
            124.78736,
            8.47085
          ],
          [
            124.78761,
            8.47027
          ],
          [
            124.78772,
            8.47002
          ],
          [
            124.78818,
            8.46895
          ],
          [
            124.78828,
            8.46872
          ],
          [
            124.78835,
            8.46855
          ],
          [
            124.78843,
            8.46836
          ],
          [
            124.78911,
            8.46671
          ],
          [
            124.7893,
            8.46627
          ],
          [
            124.78943,
            8.46595
          ],
          [
            124.78989,
            8.46485
          ],
          [
            124.78998,
            8.46464
          ],
          [
            124.79007,
            8.46441
          ],
          [
            124.78992,
            8.46435
          ],
          [
            124.78943,
            8.46415
          ],
          [
            124.78937,
            8.46413
          ],
          [
            124.78931,
            8.46411
          ],
          [
            124.78926,
            8.46408
          ],
          [
            124.78922,
            8.46404
          ],
          [
            124.78918,
            8.46399
          ],
          [
            124.78916,
            8.46393
          ],
          [
            124.78914,
            8.46385
          ],
          [
            124.78913,
            8.46376
          ],
          [
            124.7891,
            8.46366
          ],
          [
            124.78908,
            8.46353
          ],
          [
            124.789,
            8.46334
          ],
          [
            124.78894,
            8.46316
          ],
          [
            124.78889,
            8.46302
          ],
          [
            124.78887,
            8.4629
          ],
          [
            124.78885,
            8.46284
          ],
          [
            124.78883,
            8.46269
          ],
          [
            124.7888,
            8.46241
          ],
          [
            124.78881,
            8.46213
          ],
          [
            124.78881,
            8.46212
          ],
          [
            124.78882,
            8.46185
          ],
          [
            124.78886,
            8.46158
          ],
          [
            124.78886,
            8.46142
          ],
          [
            124.78886,
            8.4614
          ],
          [
            124.78886,
            8.46139
          ],
          [
            124.78885,
            8.46137
          ],
          [
            124.78883,
            8.46136
          ],
          [
            124.78881,
            8.46133
          ],
          [
            124.78879,
            8.46132
          ],
          [
            124.78874,
            8.46131
          ],
          [
            124.78873,
            8.46131
          ],
          [
            124.7887,
            8.46132
          ],
          [
            124.78866,
            8.46132
          ],
          [
            124.78863,
            8.46133
          ],
          [
            124.78859,
            8.46134
          ],
          [
            124.78855,
            8.46137
          ],
          [
            124.78852,
            8.4614
          ],
          [
            124.78848,
            8.46149
          ],
          [
            124.78829,
            8.4619
          ],
          [
            124.78817,
            8.46211
          ],
          [
            124.78806,
            8.46227
          ],
          [
            124.78803,
            8.4623
          ],
          [
            124.78793,
            8.46244
          ],
          [
            124.78792,
            8.46245
          ],
          [
            124.78772,
            8.46263
          ],
          [
            124.78757,
            8.46273
          ],
          [
            124.78746,
            8.46279
          ],
          [
            124.78735,
            8.46281
          ],
          [
            124.78712,
            8.46286
          ],
          [
            124.78679,
            8.46301
          ],
          [
            124.78654,
            8.46319
          ],
          [
            124.78636,
            8.46332
          ],
          [
            124.7863,
            8.46336
          ],
          [
            124.78623,
            8.46339
          ],
          [
            124.78615,
            8.46342
          ],
          [
            124.78607,
            8.46343
          ],
          [
            124.78602,
            8.46342
          ],
          [
            124.78596,
            8.46339
          ],
          [
            124.78588,
            8.46334
          ],
          [
            124.78587,
            8.46333
          ],
          [
            124.78575,
            8.46323
          ],
          [
            124.78547,
            8.46301
          ],
          [
            124.78521,
            8.46281
          ],
          [
            124.78496,
            8.46263
          ],
          [
            124.78487,
            8.46255
          ],
          [
            124.78467,
            8.46239
          ],
          [
            124.78448,
            8.46218
          ],
          [
            124.78441,
            8.4621
          ],
          [
            124.78422,
            8.46188
          ],
          [
            124.7841,
            8.46175
          ],
          [
            124.78406,
            8.4617
          ],
          [
            124.78381,
            8.46145
          ],
          [
            124.78361,
            8.46122
          ],
          [
            124.78303,
            8.46064
          ]
        ]
      },
      "properties": {
        "name": "Balubal (R2) – Puerto Public Market"
      }
    },
    {
      "type": "Feature",
      "geometry": {
        "type": "LineString",
        "coordinates": [
          [
            124.7721,
            8.51025
          ],
          [
            124.77209,
            8.51025
          ],
          [
            124.77198,
            8.51025
          ],
          [
            124.77089,
            8.5102
          ],
          [
            124.77035,
            8.51017
          ],
          [
            124.76997,
            8.51015
          ],
          [
            124.77012,
            8.50989
          ],
          [
            124.77019,
            8.50975
          ],
          [
            124.77026,
            8.50963
          ],
          [
            124.7704,
            8.50936
          ],
          [
            124.77064,
            8.50883
          ],
          [
            124.77055,
            8.50872
          ],
          [
            124.77035,
            8.50847
          ],
          [
            124.77007,
            8.50813
          ],
          [
            124.76997,
            8.50801
          ],
          [
            124.76973,
            8.50764
          ],
          [
            124.76971,
            8.50762
          ],
          [
            124.76962,
            8.50749
          ],
          [
            124.76955,
            8.50745
          ],
          [
            124.76948,
            8.50741
          ],
          [
            124.76944,
            8.50739
          ],
          [
            124.76938,
            8.50737
          ],
          [
            124.76912,
            8.50729
          ],
          [
            124.76892,
            8.50723
          ],
          [
            124.76875,
            8.50718
          ],
          [
            124.7687,
            8.50716
          ],
          [
            124.76852,
            8.50712
          ],
          [
            124.7682,
            8.50709
          ],
          [
            124.76804,
            8.50708
          ],
          [
            124.76776,
            8.50707
          ],
          [
            124.76752,
            8.50704
          ],
          [
            124.76734,
            8.50702
          ],
          [
            124.76729,
            8.50702
          ],
          [
            124.76705,
            8.50699
          ],
          [
            124.76687,
            8.50697
          ],
          [
            124.76648,
            8.50694
          ],
          [
            124.76605,
            8.50685
          ],
          [
            124.76563,
            8.50676
          ],
          [
            124.76516,
            8.50669
          ],
          [
            124.76469,
            8.50665
          ],
          [
            124.76424,
            8.50666
          ],
          [
            124.76379,
            8.50668
          ],
          [
            124.76381,
            8.50778
          ],
          [
            124.76381,
            8.50786
          ],
          [
            124.7638,
            8.50792
          ],
          [
            124.76378,
            8.50795
          ],
          [
            124.76375,
            8.50798
          ],
          [
            124.76371,
            8.508
          ],
          [
            124.76368,
            8.50801
          ],
          [
            124.76364,
            8.50802
          ],
          [
            124.7636,
            8.50801
          ],
          [
            124.76356,
            8.50799
          ],
          [
            124.76346,
            8.50792
          ],
          [
            124.76338,
            8.50787
          ],
          [
            124.76314,
            8.50778
          ],
          [
            124.76304,
            8.50774
          ],
          [
            124.76297,
            8.50772
          ],
          [
            124.7629,
            8.50771
          ],
          [
            124.76282,
            8.50773
          ],
          [
            124.76275,
            8.50776
          ],
          [
            124.76267,
            8.50781
          ],
          [
            124.76266,
            8.50782
          ],
          [
            124.76263,
            8.50785
          ],
          [
            124.76259,
            8.50789
          ],
          [
            124.76254,
            8.50795
          ],
          [
            124.7625,
            8.50801
          ],
          [
            124.76245,
            8.50812
          ],
          [
            124.76242,
            8.50821
          ],
          [
            124.7624,
            8.50826
          ],
          [
            124.76237,
            8.50832
          ],
          [
            124.76233,
            8.50838
          ],
          [
            124.76228,
            8.50843
          ],
          [
            124.7622,
            8.50849
          ],
          [
            124.76212,
            8.50852
          ],
          [
            124.76203,
            8.50854
          ],
          [
            124.76194,
            8.50855
          ],
          [
            124.76176,
            8.50855
          ],
          [
            124.76158,
            8.50856
          ],
          [
            124.76088,
            8.50856
          ],
          [
            124.76001,
            8.50854
          ],
          [
            124.75947,
            8.50853
          ],
          [
            124.75851,
            8.50854
          ],
          [
            124.75797,
            8.50853
          ],
          [
            124.7574,
            8.5085
          ],
          [
            124.75657,
            8.50844
          ],
          [
            124.75655,
            8.50844
          ],
          [
            124.75654,
            8.50844
          ],
          [
            124.75654,
            8.50843
          ],
          [
            124.75651,
            8.50841
          ],
          [
            124.75651,
            8.50839
          ],
          [
            124.75651,
            8.50837
          ],
          [
            124.75668,
            8.50795
          ],
          [
            124.75621,
            8.50794
          ],
          [
            124.75582,
            8.50791
          ],
          [
            124.7552,
            8.50792
          ],
          [
            124.75475,
            8.50793
          ],
          [
            124.75489,
            8.50833
          ],
          [
            124.75453,
            8.50846
          ],
          [
            124.75409,
            8.50865
          ],
          [
            124.75401,
            8.50846
          ],
          [
            124.75399,
            8.50842
          ],
          [
            124.75392,
            8.50826
          ],
          [
            124.75387,
            8.50812
          ],
          [
            124.75382,
            8.50796
          ],
          [
            124.75378,
            8.50783
          ],
          [
            124.75375,
            8.50771
          ],
          [
            124.75373,
            8.50761
          ],
          [
            124.75371,
            8.50752
          ],
          [
            124.7537,
            8.50744
          ],
          [
            124.75369,
            8.50735
          ],
          [
            124.75368,
            8.50726
          ],
          [
            124.75367,
            8.50713
          ],
          [
            124.75367,
            8.50695
          ],
          [
            124.75367,
            8.50682
          ],
          [
            124.75373,
            8.50591
          ],
          [
            124.75374,
            8.50547
          ],
          [
            124.75376,
            8.50525
          ],
          [
            124.75377,
            8.50502
          ],
          [
            124.75378,
            8.50486
          ],
          [
            124.75378,
            8.50471
          ],
          [
            124.75378,
            8.50461
          ],
          [
            124.75376,
            8.5045
          ],
          [
            124.75375,
            8.50443
          ],
          [
            124.75373,
            8.5043
          ],
          [
            124.75372,
            8.50429
          ],
          [
            124.7537,
            8.50419
          ],
          [
            124.75366,
            8.5041
          ],
          [
            124.7536,
            8.50397
          ],
          [
            124.75354,
            8.50387
          ],
          [
            124.75338,
            8.50361
          ],
          [
            124.75327,
            8.50349
          ],
          [
            124.75313,
            8.5033
          ],
          [
            124.7531,
            8.50327
          ],
          [
            124.753,
            8.50314
          ],
          [
            124.75283,
            8.50294
          ],
          [
            124.75262,
            8.50271
          ],
          [
            124.75236,
            8.50247
          ],
          [
            124.7522,
            8.50233
          ],
          [
            124.75206,
            8.50221
          ],
          [
            124.75204,
            8.5022
          ],
          [
            124.75192,
            8.50213
          ],
          [
            124.75172,
            8.50198
          ],
          [
            124.7514,
            8.50172
          ],
          [
            124.75135,
            8.50168
          ],
          [
            124.75126,
            8.50161
          ],
          [
            124.75099,
            8.50137
          ],
          [
            124.75092,
            8.50131
          ],
          [
            124.75086,
            8.50125
          ],
          [
            124.75068,
            8.50109
          ],
          [
            124.75059,
            8.50101
          ],
          [
            124.75055,
            8.50098
          ],
          [
            124.75046,
            8.50089
          ],
          [
            124.75043,
            8.50087
          ],
          [
            124.7504,
            8.50085
          ],
          [
            124.75036,
            8.50081
          ],
          [
            124.75016,
            8.50064
          ],
          [
            124.74999,
            8.50048
          ],
          [
            124.74984,
            8.50036
          ],
          [
            124.74972,
            8.50025
          ],
          [
            124.74966,
            8.50019
          ],
          [
            124.74949,
            8.50001
          ],
          [
            124.74934,
            8.49986
          ],
          [
            124.74933,
            8.49985
          ],
          [
            124.74923,
            8.49972
          ],
          [
            124.74905,
            8.49949
          ],
          [
            124.74904,
            8.49947
          ],
          [
            124.74902,
            8.49944
          ],
          [
            124.74887,
            8.49926
          ],
          [
            124.74886,
            8.49923
          ],
          [
            124.74871,
            8.49903
          ],
          [
            124.74825,
            8.49834
          ],
          [
            124.74806,
            8.49807
          ],
          [
            124.74806,
            8.49806
          ],
          [
            124.74797,
            8.49793
          ],
          [
            124.74789,
            8.49781
          ],
          [
            124.74773,
            8.49759
          ],
          [
            124.74757,
            8.49737
          ],
          [
            124.7473,
            8.49702
          ],
          [
            124.74715,
            8.4968
          ],
          [
            124.74708,
            8.49672
          ],
          [
            124.74701,
            8.49663
          ],
          [
            124.74691,
            8.49651
          ],
          [
            124.7468,
            8.49639
          ],
          [
            124.74656,
            8.49611
          ],
          [
            124.74644,
            8.49598
          ],
          [
            124.74632,
            8.49585
          ],
          [
            124.74617,
            8.49569
          ],
          [
            124.74602,
            8.49555
          ],
          [
            124.74588,
            8.49542
          ],
          [
            124.74569,
            8.49524
          ],
          [
            124.74545,
            8.49501
          ],
          [
            124.74461,
            8.49427
          ],
          [
            124.74451,
            8.49418
          ],
          [
            124.74424,
            8.49394
          ],
          [
            124.74391,
            8.49364
          ],
          [
            124.74383,
            8.49356
          ],
          [
            124.74369,
            8.49344
          ],
          [
            124.7435,
            8.49326
          ],
          [
            124.74329,
            8.49307
          ],
          [
            124.74306,
            8.49286
          ],
          [
            124.74283,
            8.49265
          ],
          [
            124.74236,
            8.49223
          ],
          [
            124.74227,
            8.49214
          ],
          [
            124.74222,
            8.4921
          ],
          [
            124.74209,
            8.49198
          ],
          [
            124.74195,
            8.49185
          ],
          [
            124.74142,
            8.49136
          ],
          [
            124.74079,
            8.49078
          ],
          [
            124.74023,
            8.49025
          ],
          [
            124.7398,
            8.4898
          ],
          [
            124.73965,
            8.48968
          ],
          [
            124.73941,
            8.48948
          ],
          [
            124.73934,
            8.48942
          ],
          [
            124.73905,
            8.48918
          ],
          [
            124.73899,
            8.48913
          ],
          [
            124.73865,
            8.48889
          ],
          [
            124.73833,
            8.48869
          ],
          [
            124.73824,
            8.48862
          ],
          [
            124.73818,
            8.48858
          ],
          [
            124.73798,
            8.48843
          ],
          [
            124.73774,
            8.48827
          ],
          [
            124.73751,
            8.48813
          ],
          [
            124.73739,
            8.48804
          ],
          [
            124.73705,
            8.4878
          ],
          [
            124.73676,
            8.48759
          ],
          [
            124.73636,
            8.48729
          ],
          [
            124.73553,
            8.48669
          ],
          [
            124.73489,
            8.48626
          ],
          [
            124.73477,
            8.48618
          ],
          [
            124.73442,
            8.48594
          ],
          [
            124.73398,
            8.48567
          ],
          [
            124.73394,
            8.48564
          ],
          [
            124.73345,
            8.48536
          ],
          [
            124.73322,
            8.48523
          ],
          [
            124.73302,
            8.48511
          ],
          [
            124.73291,
            8.48505
          ],
          [
            124.73251,
            8.48482
          ],
          [
            124.73169,
            8.48432
          ],
          [
            124.7315,
            8.48421
          ],
          [
            124.73131,
            8.48408
          ],
          [
            124.73119,
            8.48401
          ],
          [
            124.73106,
            8.48392
          ],
          [
            124.73085,
            8.48377
          ],
          [
            124.73076,
            8.4837
          ],
          [
            124.73068,
            8.48364
          ],
          [
            124.73057,
            8.48355
          ],
          [
            124.7305,
            8.48349
          ],
          [
            124.73014,
            8.48319
          ],
          [
            124.72996,
            8.48305
          ],
          [
            124.72973,
            8.48288
          ],
          [
            124.72951,
            8.4827
          ],
          [
            124.72944,
            8.48268
          ],
          [
            124.72929,
            8.48256
          ],
          [
            124.72912,
            8.48242
          ],
          [
            124.72777,
            8.48143
          ],
          [
            124.72737,
            8.48116
          ],
          [
            124.72719,
            8.48103
          ],
          [
            124.72704,
            8.48092
          ],
          [
            124.72669,
            8.4807
          ],
          [
            124.72647,
            8.48056
          ],
          [
            124.72644,
            8.48054
          ],
          [
            124.72597,
            8.48027
          ],
          [
            124.72589,
            8.48022
          ],
          [
            124.72582,
            8.48017
          ],
          [
            124.72575,
            8.48013
          ],
          [
            124.72573,
            8.4801
          ],
          [
            124.72557,
            8.48
          ],
          [
            124.72552,
            8.47997
          ],
          [
            124.72547,
            8.47994
          ],
          [
            124.72538,
            8.47989
          ],
          [
            124.72526,
            8.47983
          ],
          [
            124.72507,
            8.47974
          ],
          [
            124.72473,
            8.47955
          ],
          [
            124.7246,
            8.47948
          ],
          [
            124.72453,
            8.47944
          ],
          [
            124.7243,
            8.47932
          ],
          [
            124.72393,
            8.47913
          ],
          [
            124.72352,
            8.4789
          ],
          [
            124.72325,
            8.47875
          ],
          [
            124.72298,
            8.47861
          ],
          [
            124.72231,
            8.47829
          ],
          [
            124.72214,
            8.47821
          ],
          [
            124.72106,
            8.47772
          ],
          [
            124.72073,
            8.47756
          ],
          [
            124.72024,
            8.47734
          ],
          [
            124.72016,
            8.4773
          ],
          [
            124.71937,
            8.47695
          ],
          [
            124.71863,
            8.47659
          ],
          [
            124.71829,
            8.47643
          ],
          [
            124.71798,
            8.4763
          ],
          [
            124.71761,
            8.47614
          ],
          [
            124.71736,
            8.47602
          ],
          [
            124.71715,
            8.47592
          ],
          [
            124.71688,
            8.47578
          ],
          [
            124.71659,
            8.47564
          ],
          [
            124.71637,
            8.47553
          ],
          [
            124.71606,
            8.47536
          ],
          [
            124.71571,
            8.47518
          ],
          [
            124.71549,
            8.47505
          ],
          [
            124.71514,
            8.47485
          ],
          [
            124.71463,
            8.47457
          ],
          [
            124.71448,
            8.47449
          ],
          [
            124.71437,
            8.47443
          ],
          [
            124.7142,
            8.47433
          ],
          [
            124.71419,
            8.47432
          ],
          [
            124.71394,
            8.47416
          ],
          [
            124.71363,
            8.47393
          ],
          [
            124.71359,
            8.47391
          ],
          [
            124.71334,
            8.47372
          ],
          [
            124.71305,
            8.4735
          ],
          [
            124.71266,
            8.47317
          ],
          [
            124.7122,
            8.4728
          ],
          [
            124.71214,
            8.47275
          ],
          [
            124.71161,
            8.47231
          ],
          [
            124.71149,
            8.47222
          ],
          [
            124.71133,
            8.4721
          ],
          [
            124.71115,
            8.47197
          ],
          [
            124.71104,
            8.47189
          ],
          [
            124.7109,
            8.47179
          ],
          [
            124.71062,
            8.47163
          ],
          [
            124.71056,
            8.47159
          ],
          [
            124.71034,
            8.47146
          ],
          [
            124.7102,
            8.47137
          ],
          [
            124.71,
            8.47126
          ],
          [
            124.70986,
            8.47119
          ],
          [
            124.70944,
            8.47099
          ],
          [
            124.70915,
            8.47087
          ],
          [
            124.70893,
            8.47079
          ],
          [
            124.70868,
            8.47071
          ],
          [
            124.70866,
            8.4707
          ],
          [
            124.7084,
            8.47062
          ],
          [
            124.70816,
            8.47057
          ],
          [
            124.70767,
            8.47044
          ],
          [
            124.70717,
            8.47032
          ],
          [
            124.70686,
            8.47025
          ],
          [
            124.70667,
            8.4702
          ],
          [
            124.7062,
            8.47008
          ],
          [
            124.70609,
            8.47006
          ],
          [
            124.70565,
            8.46996
          ],
          [
            124.70518,
            8.46985
          ],
          [
            124.70512,
            8.46984
          ],
          [
            124.70455,
            8.46971
          ],
          [
            124.70442,
            8.46968
          ],
          [
            124.7041,
            8.46965
          ],
          [
            124.70376,
            8.46965
          ],
          [
            124.70352,
            8.46967
          ],
          [
            124.70331,
            8.46969
          ],
          [
            124.70321,
            8.46971
          ],
          [
            124.70304,
            8.46974
          ],
          [
            124.7028,
            8.4698
          ],
          [
            124.70269,
            8.46984
          ],
          [
            124.70267,
            8.46985
          ],
          [
            124.70252,
            8.4699
          ],
          [
            124.70245,
            8.46993
          ],
          [
            124.70231,
            8.46999
          ],
          [
            124.70182,
            8.4702
          ],
          [
            124.70173,
            8.47026
          ],
          [
            124.70123,
            8.47048
          ],
          [
            124.7007,
            8.47073
          ],
          [
            124.70011,
            8.47101
          ],
          [
            124.69951,
            8.4713
          ],
          [
            124.69923,
            8.47142
          ],
          [
            124.69911,
            8.47149
          ],
          [
            124.69789,
            8.47207
          ],
          [
            124.69733,
            8.47234
          ],
          [
            124.69713,
            8.47244
          ],
          [
            124.69644,
            8.47277
          ],
          [
            124.69535,
            8.47331
          ],
          [
            124.69468,
            8.47363
          ],
          [
            124.6943,
            8.4738
          ],
          [
            124.69425,
            8.47382
          ],
          [
            124.69398,
            8.47394
          ],
          [
            124.69384,
            8.47403
          ],
          [
            124.69349,
            8.47419
          ],
          [
            124.69304,
            8.4744
          ],
          [
            124.69255,
            8.47461
          ],
          [
            124.6923,
            8.47471
          ],
          [
            124.69224,
            8.47475
          ],
          [
            124.69219,
            8.47477
          ],
          [
            124.69212,
            8.47479
          ],
          [
            124.69199,
            8.47483
          ],
          [
            124.69185,
            8.47485
          ],
          [
            124.69172,
            8.47487
          ],
          [
            124.69164,
            8.47487
          ],
          [
            124.69154,
            8.47488
          ],
          [
            124.69143,
            8.47488
          ],
          [
            124.69078,
            8.47486
          ],
          [
            124.69004,
            8.47483
          ],
          [
            124.69003,
            8.47483
          ],
          [
            124.68868,
            8.47477
          ],
          [
            124.68795,
            8.47475
          ],
          [
            124.68774,
            8.47474
          ],
          [
            124.68747,
            8.47472
          ],
          [
            124.68723,
            8.4747
          ],
          [
            124.68708,
            8.47468
          ],
          [
            124.68703,
            8.47467
          ],
          [
            124.68702,
            8.47466
          ],
          [
            124.68701,
            8.47466
          ],
          [
            124.68701,
            8.47465
          ],
          [
            124.687,
            8.47465
          ],
          [
            124.68586,
            8.47451
          ],
          [
            124.68494,
            8.47435
          ],
          [
            124.68378,
            8.47418
          ],
          [
            124.68371,
            8.47418
          ],
          [
            124.68351,
            8.47417
          ],
          [
            124.68333,
            8.47417
          ],
          [
            124.68322,
            8.47417
          ],
          [
            124.68316,
            8.47418
          ],
          [
            124.68307,
            8.47419
          ],
          [
            124.68294,
            8.4742
          ],
          [
            124.68282,
            8.47422
          ],
          [
            124.68257,
            8.47426
          ],
          [
            124.68246,
            8.47427
          ],
          [
            124.68216,
            8.47432
          ],
          [
            124.68213,
            8.47432
          ],
          [
            124.68194,
            8.47435
          ],
          [
            124.68174,
            8.47439
          ],
          [
            124.68158,
            8.47444
          ],
          [
            124.68144,
            8.47448
          ],
          [
            124.68128,
            8.47454
          ],
          [
            124.6811,
            8.47462
          ],
          [
            124.68089,
            8.47473
          ],
          [
            124.68059,
            8.47493
          ],
          [
            124.68037,
            8.47509
          ],
          [
            124.67984,
            8.47545
          ],
          [
            124.67958,
            8.47564
          ],
          [
            124.67933,
            8.4758
          ],
          [
            124.67906,
            8.47598
          ],
          [
            124.67836,
            8.47645
          ],
          [
            124.6774,
            8.47703
          ],
          [
            124.67687,
            8.47732
          ],
          [
            124.67665,
            8.47743
          ],
          [
            124.67543,
            8.47812
          ],
          [
            124.67511,
            8.4783
          ],
          [
            124.67295,
            8.47951
          ],
          [
            124.67251,
            8.47974
          ],
          [
            124.67241,
            8.47978
          ],
          [
            124.67211,
            8.47994
          ],
          [
            124.67176,
            8.48013
          ],
          [
            124.67165,
            8.48019
          ],
          [
            124.67157,
            8.48022
          ],
          [
            124.67131,
            8.48036
          ],
          [
            124.67106,
            8.48049
          ],
          [
            124.67071,
            8.48067
          ],
          [
            124.67059,
            8.48073
          ],
          [
            124.67027,
            8.48091
          ],
          [
            124.66993,
            8.48107
          ],
          [
            124.66984,
            8.48111
          ],
          [
            124.6697,
            8.48118
          ],
          [
            124.66957,
            8.48123
          ],
          [
            124.66931,
            8.48134
          ],
          [
            124.66889,
            8.4815
          ],
          [
            124.66844,
            8.48167
          ],
          [
            124.66835,
            8.48169
          ],
          [
            124.66813,
            8.48177
          ],
          [
            124.66688,
            8.48214
          ],
          [
            124.66666,
            8.4822
          ],
          [
            124.66612,
            8.48235
          ],
          [
            124.66607,
            8.48236
          ],
          [
            124.66527,
            8.48257
          ],
          [
            124.66451,
            8.48277
          ],
          [
            124.66428,
            8.48283
          ],
          [
            124.66407,
            8.48289
          ],
          [
            124.66398,
            8.48291
          ],
          [
            124.66369,
            8.48298
          ],
          [
            124.66351,
            8.48301
          ],
          [
            124.66262,
            8.48322
          ],
          [
            124.66178,
            8.48342
          ],
          [
            124.66166,
            8.48345
          ],
          [
            124.66074,
            8.48367
          ],
          [
            124.66003,
            8.48383
          ],
          [
            124.65945,
            8.48397
          ],
          [
            124.6594,
            8.48398
          ],
          [
            124.65914,
            8.48409
          ],
          [
            124.65901,
            8.48412
          ],
          [
            124.65893,
            8.48414
          ],
          [
            124.6587,
            8.48419
          ],
          [
            124.65849,
            8.48423
          ],
          [
            124.65857,
            8.4845
          ],
          [
            124.65864,
            8.48472
          ],
          [
            124.65866,
            8.48477
          ],
          [
            124.65881,
            8.48527
          ],
          [
            124.65901,
            8.48592
          ],
          [
            124.6592,
            8.48653
          ],
          [
            124.65931,
            8.48693
          ],
          [
            124.65952,
            8.48764
          ],
          [
            124.65967,
            8.48813
          ],
          [
            124.65967,
            8.48813
          ],
          [
            124.6598,
            8.48856
          ],
          [
            124.65986,
            8.48877
          ],
          [
            124.65977,
            8.4888
          ],
          [
            124.65835,
            8.48933
          ],
          [
            124.65786,
            8.48949
          ],
          [
            124.6577,
            8.48955
          ],
          [
            124.65731,
            8.48835
          ],
          [
            124.65794,
            8.48814
          ],
          [
            124.65819,
            8.48806
          ],
          [
            124.65952,
            8.48764
          ],
          [
            124.65931,
            8.48693
          ],
          [
            124.6592,
            8.48653
          ],
          [
            124.65901,
            8.48592
          ],
          [
            124.65881,
            8.48527
          ],
          [
            124.65866,
            8.48477
          ],
          [
            124.65864,
            8.48472
          ],
          [
            124.65857,
            8.4845
          ],
          [
            124.65849,
            8.48423
          ],
          [
            124.65847,
            8.48415
          ],
          [
            124.65868,
            8.4841
          ],
          [
            124.65891,
            8.48405
          ],
          [
            124.65898,
            8.48404
          ],
          [
            124.65911,
            8.484
          ],
          [
            124.6594,
            8.48398
          ],
          [
            124.65945,
            8.48397
          ],
          [
            124.66003,
            8.48383
          ],
          [
            124.66074,
            8.48367
          ],
          [
            124.66166,
            8.48345
          ],
          [
            124.66178,
            8.48342
          ],
          [
            124.66262,
            8.48322
          ],
          [
            124.66351,
            8.48301
          ],
          [
            124.66369,
            8.48298
          ],
          [
            124.66398,
            8.48291
          ],
          [
            124.66407,
            8.48289
          ],
          [
            124.66428,
            8.48283
          ],
          [
            124.66451,
            8.48277
          ],
          [
            124.66527,
            8.48257
          ],
          [
            124.66607,
            8.48236
          ],
          [
            124.66612,
            8.48235
          ],
          [
            124.66666,
            8.4822
          ],
          [
            124.66688,
            8.48214
          ],
          [
            124.66813,
            8.48177
          ],
          [
            124.66835,
            8.48169
          ],
          [
            124.66844,
            8.48167
          ],
          [
            124.66889,
            8.4815
          ],
          [
            124.66931,
            8.48134
          ],
          [
            124.66957,
            8.48123
          ],
          [
            124.6697,
            8.48118
          ],
          [
            124.66984,
            8.48111
          ],
          [
            124.66993,
            8.48107
          ],
          [
            124.67027,
            8.48091
          ],
          [
            124.67059,
            8.48073
          ],
          [
            124.67071,
            8.48067
          ],
          [
            124.67106,
            8.48049
          ],
          [
            124.67131,
            8.48036
          ],
          [
            124.67157,
            8.48022
          ],
          [
            124.67165,
            8.48019
          ],
          [
            124.67176,
            8.48013
          ],
          [
            124.67211,
            8.47994
          ],
          [
            124.67241,
            8.47978
          ],
          [
            124.67251,
            8.47974
          ],
          [
            124.67295,
            8.47951
          ],
          [
            124.67511,
            8.4783
          ],
          [
            124.67543,
            8.47812
          ],
          [
            124.67665,
            8.47743
          ],
          [
            124.67687,
            8.47732
          ],
          [
            124.6774,
            8.47703
          ],
          [
            124.67836,
            8.47645
          ],
          [
            124.67906,
            8.47598
          ],
          [
            124.67933,
            8.4758
          ],
          [
            124.67958,
            8.47564
          ],
          [
            124.67984,
            8.47545
          ],
          [
            124.68037,
            8.47509
          ],
          [
            124.68059,
            8.47493
          ],
          [
            124.68089,
            8.47473
          ],
          [
            124.6811,
            8.47462
          ],
          [
            124.68128,
            8.47454
          ],
          [
            124.68144,
            8.47448
          ],
          [
            124.68158,
            8.47444
          ],
          [
            124.68174,
            8.47439
          ],
          [
            124.68194,
            8.47435
          ],
          [
            124.68213,
            8.47432
          ],
          [
            124.68216,
            8.47432
          ],
          [
            124.68246,
            8.47427
          ],
          [
            124.68257,
            8.47426
          ],
          [
            124.68282,
            8.47422
          ],
          [
            124.68294,
            8.4742
          ],
          [
            124.68307,
            8.47419
          ],
          [
            124.68316,
            8.47418
          ],
          [
            124.68322,
            8.47417
          ],
          [
            124.68333,
            8.47417
          ],
          [
            124.68351,
            8.47417
          ],
          [
            124.68371,
            8.47418
          ],
          [
            124.68378,
            8.47418
          ],
          [
            124.68494,
            8.47435
          ],
          [
            124.68586,
            8.47451
          ],
          [
            124.687,
            8.47465
          ],
          [
            124.68711,
            8.47463
          ],
          [
            124.68725,
            8.47462
          ],
          [
            124.68748,
            8.47462
          ],
          [
            124.68776,
            8.47463
          ],
          [
            124.68783,
            8.47464
          ],
          [
            124.68796,
            8.47464
          ],
          [
            124.6887,
            8.47467
          ],
          [
            124.68921,
            8.47471
          ],
          [
            124.68961,
            8.47473
          ],
          [
            124.69003,
            8.47474
          ],
          [
            124.69006,
            8.47474
          ],
          [
            124.69081,
            8.47476
          ],
          [
            124.69091,
            8.47477
          ],
          [
            124.69125,
            8.47478
          ],
          [
            124.6914,
            8.47479
          ],
          [
            124.69153,
            8.47479
          ],
          [
            124.69162,
            8.47479
          ],
          [
            124.69171,
            8.47478
          ],
          [
            124.69183,
            8.47477
          ],
          [
            124.69198,
            8.47475
          ],
          [
            124.69215,
            8.47472
          ],
          [
            124.69221,
            8.4747
          ],
          [
            124.69223,
            8.4747
          ],
          [
            124.69224,
            8.4747
          ],
          [
            124.69226,
            8.4747
          ],
          [
            124.69228,
            8.4747
          ],
          [
            124.69229,
            8.4747
          ],
          [
            124.6923,
            8.47471
          ],
          [
            124.69255,
            8.47461
          ],
          [
            124.69304,
            8.4744
          ],
          [
            124.69349,
            8.47419
          ],
          [
            124.69384,
            8.47403
          ],
          [
            124.69398,
            8.47394
          ],
          [
            124.69425,
            8.47382
          ],
          [
            124.6943,
            8.4738
          ],
          [
            124.69468,
            8.47363
          ],
          [
            124.69535,
            8.47331
          ],
          [
            124.69644,
            8.47277
          ],
          [
            124.69713,
            8.47244
          ],
          [
            124.69733,
            8.47234
          ],
          [
            124.69789,
            8.47207
          ],
          [
            124.69911,
            8.47149
          ],
          [
            124.69923,
            8.47142
          ],
          [
            124.69951,
            8.4713
          ],
          [
            124.70011,
            8.47101
          ],
          [
            124.7007,
            8.47073
          ],
          [
            124.70123,
            8.47048
          ],
          [
            124.70173,
            8.47026
          ],
          [
            124.70182,
            8.4702
          ],
          [
            124.70231,
            8.46999
          ],
          [
            124.70245,
            8.46993
          ],
          [
            124.70252,
            8.4699
          ],
          [
            124.70267,
            8.46985
          ],
          [
            124.70269,
            8.46984
          ],
          [
            124.7028,
            8.4698
          ],
          [
            124.70304,
            8.46974
          ],
          [
            124.70321,
            8.46971
          ],
          [
            124.70331,
            8.46969
          ],
          [
            124.70352,
            8.46967
          ],
          [
            124.70376,
            8.46965
          ],
          [
            124.7041,
            8.46965
          ],
          [
            124.70442,
            8.46968
          ],
          [
            124.70455,
            8.46971
          ],
          [
            124.70512,
            8.46984
          ],
          [
            124.70518,
            8.46985
          ],
          [
            124.70565,
            8.46996
          ],
          [
            124.70609,
            8.47006
          ],
          [
            124.7062,
            8.47008
          ],
          [
            124.70667,
            8.4702
          ],
          [
            124.70686,
            8.47025
          ],
          [
            124.70717,
            8.47032
          ],
          [
            124.70767,
            8.47044
          ],
          [
            124.70816,
            8.47057
          ],
          [
            124.7084,
            8.47062
          ],
          [
            124.70866,
            8.4707
          ],
          [
            124.70868,
            8.47071
          ],
          [
            124.70893,
            8.47079
          ],
          [
            124.70915,
            8.47087
          ],
          [
            124.70944,
            8.47099
          ],
          [
            124.70986,
            8.47119
          ],
          [
            124.71,
            8.47126
          ],
          [
            124.7102,
            8.47137
          ],
          [
            124.71034,
            8.47146
          ],
          [
            124.71056,
            8.47159
          ],
          [
            124.71062,
            8.47163
          ],
          [
            124.7109,
            8.47179
          ],
          [
            124.71104,
            8.47189
          ],
          [
            124.71115,
            8.47197
          ],
          [
            124.71133,
            8.4721
          ],
          [
            124.71149,
            8.47222
          ],
          [
            124.71161,
            8.47231
          ],
          [
            124.71214,
            8.47275
          ],
          [
            124.7122,
            8.4728
          ],
          [
            124.71266,
            8.47317
          ],
          [
            124.71305,
            8.4735
          ],
          [
            124.71334,
            8.47372
          ],
          [
            124.71359,
            8.47391
          ],
          [
            124.71363,
            8.47393
          ],
          [
            124.71394,
            8.47416
          ],
          [
            124.71419,
            8.47432
          ],
          [
            124.7142,
            8.47433
          ],
          [
            124.71437,
            8.47443
          ],
          [
            124.71448,
            8.47449
          ],
          [
            124.71463,
            8.47457
          ],
          [
            124.71514,
            8.47485
          ],
          [
            124.71549,
            8.47505
          ],
          [
            124.71571,
            8.47518
          ],
          [
            124.71606,
            8.47536
          ],
          [
            124.71637,
            8.47553
          ],
          [
            124.71659,
            8.47564
          ],
          [
            124.71688,
            8.47578
          ],
          [
            124.71715,
            8.47592
          ],
          [
            124.71736,
            8.47602
          ],
          [
            124.71761,
            8.47614
          ],
          [
            124.71798,
            8.4763
          ],
          [
            124.71829,
            8.47643
          ],
          [
            124.71863,
            8.47659
          ],
          [
            124.71937,
            8.47695
          ],
          [
            124.72016,
            8.4773
          ],
          [
            124.72024,
            8.47734
          ],
          [
            124.72073,
            8.47756
          ],
          [
            124.72106,
            8.47772
          ],
          [
            124.72214,
            8.47821
          ],
          [
            124.72231,
            8.47829
          ],
          [
            124.72298,
            8.47861
          ],
          [
            124.72325,
            8.47875
          ],
          [
            124.72352,
            8.4789
          ],
          [
            124.72393,
            8.47913
          ],
          [
            124.7243,
            8.47932
          ],
          [
            124.72453,
            8.47944
          ],
          [
            124.7246,
            8.47948
          ],
          [
            124.72473,
            8.47955
          ],
          [
            124.72507,
            8.47974
          ],
          [
            124.72526,
            8.47983
          ],
          [
            124.72538,
            8.47989
          ],
          [
            124.72547,
            8.47994
          ],
          [
            124.72552,
            8.47997
          ],
          [
            124.72557,
            8.48
          ],
          [
            124.72573,
            8.4801
          ],
          [
            124.72577,
            8.4801
          ],
          [
            124.72585,
            8.48012
          ],
          [
            124.72592,
            8.48015
          ],
          [
            124.72603,
            8.48021
          ],
          [
            124.72645,
            8.48046
          ],
          [
            124.72649,
            8.48048
          ],
          [
            124.72672,
            8.48063
          ],
          [
            124.72707,
            8.48085
          ],
          [
            124.72724,
            8.48096
          ],
          [
            124.72743,
            8.48109
          ],
          [
            124.72781,
            8.48135
          ],
          [
            124.72789,
            8.4814
          ],
          [
            124.72791,
            8.48142
          ],
          [
            124.72823,
            8.48166
          ],
          [
            124.7284,
            8.48178
          ],
          [
            124.72851,
            8.48186
          ],
          [
            124.72869,
            8.48198
          ],
          [
            124.72891,
            8.48215
          ],
          [
            124.72915,
            8.48235
          ],
          [
            124.72934,
            8.4825
          ],
          [
            124.72948,
            8.48262
          ],
          [
            124.72951,
            8.4827
          ],
          [
            124.72973,
            8.48288
          ],
          [
            124.72996,
            8.48305
          ],
          [
            124.73014,
            8.48319
          ],
          [
            124.7305,
            8.48349
          ],
          [
            124.73057,
            8.48355
          ],
          [
            124.73068,
            8.48364
          ],
          [
            124.73076,
            8.4837
          ],
          [
            124.73085,
            8.48377
          ],
          [
            124.73106,
            8.48392
          ],
          [
            124.73119,
            8.48401
          ],
          [
            124.73131,
            8.48408
          ],
          [
            124.7315,
            8.48421
          ],
          [
            124.73169,
            8.48432
          ],
          [
            124.73251,
            8.48482
          ],
          [
            124.73291,
            8.48505
          ],
          [
            124.73302,
            8.48511
          ],
          [
            124.73322,
            8.48523
          ],
          [
            124.73345,
            8.48536
          ],
          [
            124.73394,
            8.48564
          ],
          [
            124.73398,
            8.48567
          ],
          [
            124.73442,
            8.48594
          ],
          [
            124.73477,
            8.48618
          ],
          [
            124.73489,
            8.48626
          ],
          [
            124.73553,
            8.48669
          ],
          [
            124.73636,
            8.48729
          ],
          [
            124.73676,
            8.48759
          ],
          [
            124.73705,
            8.4878
          ],
          [
            124.73739,
            8.48804
          ],
          [
            124.73751,
            8.48813
          ],
          [
            124.73774,
            8.48827
          ],
          [
            124.73798,
            8.48843
          ],
          [
            124.73818,
            8.48858
          ],
          [
            124.73824,
            8.48862
          ],
          [
            124.73833,
            8.48869
          ],
          [
            124.73865,
            8.48889
          ],
          [
            124.73899,
            8.48913
          ],
          [
            124.73905,
            8.48918
          ],
          [
            124.73934,
            8.48942
          ],
          [
            124.73941,
            8.48948
          ],
          [
            124.73965,
            8.48968
          ],
          [
            124.7398,
            8.4898
          ],
          [
            124.74023,
            8.49025
          ],
          [
            124.74079,
            8.49078
          ],
          [
            124.74142,
            8.49136
          ],
          [
            124.74195,
            8.49185
          ],
          [
            124.74209,
            8.49198
          ],
          [
            124.74222,
            8.4921
          ],
          [
            124.74227,
            8.49214
          ],
          [
            124.74236,
            8.49223
          ],
          [
            124.74283,
            8.49265
          ],
          [
            124.74306,
            8.49286
          ],
          [
            124.74329,
            8.49307
          ],
          [
            124.7435,
            8.49326
          ],
          [
            124.74369,
            8.49344
          ],
          [
            124.74383,
            8.49356
          ],
          [
            124.74391,
            8.49364
          ],
          [
            124.74424,
            8.49394
          ],
          [
            124.74451,
            8.49418
          ],
          [
            124.74461,
            8.49427
          ],
          [
            124.74545,
            8.49501
          ],
          [
            124.74569,
            8.49524
          ],
          [
            124.74588,
            8.49542
          ],
          [
            124.74602,
            8.49555
          ],
          [
            124.74617,
            8.49569
          ],
          [
            124.74632,
            8.49585
          ],
          [
            124.74644,
            8.49598
          ],
          [
            124.74656,
            8.49611
          ],
          [
            124.7468,
            8.49639
          ],
          [
            124.74691,
            8.49651
          ],
          [
            124.74701,
            8.49663
          ],
          [
            124.74708,
            8.49672
          ],
          [
            124.74715,
            8.4968
          ],
          [
            124.7473,
            8.49702
          ],
          [
            124.74757,
            8.49737
          ],
          [
            124.74773,
            8.49759
          ],
          [
            124.74789,
            8.49781
          ],
          [
            124.74797,
            8.49793
          ],
          [
            124.74806,
            8.49806
          ],
          [
            124.74806,
            8.49807
          ],
          [
            124.74825,
            8.49834
          ],
          [
            124.74871,
            8.49903
          ],
          [
            124.74886,
            8.49923
          ],
          [
            124.74887,
            8.49926
          ],
          [
            124.74902,
            8.49944
          ],
          [
            124.74904,
            8.49947
          ],
          [
            124.74905,
            8.49949
          ],
          [
            124.74923,
            8.49972
          ],
          [
            124.74933,
            8.49985
          ],
          [
            124.74934,
            8.49986
          ],
          [
            124.74949,
            8.50001
          ],
          [
            124.74966,
            8.50019
          ],
          [
            124.74972,
            8.50025
          ],
          [
            124.74984,
            8.50036
          ],
          [
            124.74999,
            8.50048
          ],
          [
            124.75016,
            8.50064
          ],
          [
            124.75036,
            8.50081
          ],
          [
            124.7504,
            8.50085
          ],
          [
            124.75043,
            8.50087
          ],
          [
            124.75046,
            8.50089
          ],
          [
            124.75055,
            8.50098
          ],
          [
            124.75059,
            8.50101
          ],
          [
            124.75068,
            8.50109
          ],
          [
            124.75086,
            8.50125
          ],
          [
            124.75092,
            8.50131
          ],
          [
            124.75099,
            8.50137
          ],
          [
            124.75126,
            8.50161
          ],
          [
            124.75135,
            8.50168
          ],
          [
            124.7514,
            8.50172
          ],
          [
            124.75172,
            8.50198
          ],
          [
            124.75192,
            8.50213
          ],
          [
            124.75204,
            8.5022
          ],
          [
            124.75206,
            8.50221
          ],
          [
            124.7522,
            8.50233
          ],
          [
            124.75236,
            8.50247
          ],
          [
            124.75262,
            8.50271
          ],
          [
            124.75283,
            8.50294
          ],
          [
            124.753,
            8.50314
          ],
          [
            124.7531,
            8.50327
          ],
          [
            124.75313,
            8.5033
          ],
          [
            124.75327,
            8.50349
          ],
          [
            124.75338,
            8.50361
          ],
          [
            124.75354,
            8.50387
          ],
          [
            124.7536,
            8.50397
          ],
          [
            124.75366,
            8.5041
          ],
          [
            124.7537,
            8.50419
          ],
          [
            124.75372,
            8.50429
          ],
          [
            124.75373,
            8.5043
          ],
          [
            124.75375,
            8.50443
          ],
          [
            124.75376,
            8.5045
          ],
          [
            124.75378,
            8.50461
          ],
          [
            124.75378,
            8.50471
          ],
          [
            124.75378,
            8.50486
          ],
          [
            124.75377,
            8.50502
          ],
          [
            124.75376,
            8.50525
          ],
          [
            124.75374,
            8.50547
          ],
          [
            124.75373,
            8.50591
          ],
          [
            124.75367,
            8.50682
          ],
          [
            124.75367,
            8.50695
          ],
          [
            124.75367,
            8.50713
          ],
          [
            124.75368,
            8.50726
          ],
          [
            124.75369,
            8.50735
          ],
          [
            124.7537,
            8.50744
          ],
          [
            124.75371,
            8.50752
          ],
          [
            124.75373,
            8.50761
          ],
          [
            124.75375,
            8.50771
          ],
          [
            124.75378,
            8.50783
          ],
          [
            124.75382,
            8.50796
          ],
          [
            124.75387,
            8.50812
          ],
          [
            124.75392,
            8.50826
          ],
          [
            124.75399,
            8.50842
          ],
          [
            124.75401,
            8.50846
          ],
          [
            124.75409,
            8.50865
          ],
          [
            124.75453,
            8.50846
          ],
          [
            124.75438,
            8.50812
          ],
          [
            124.75429,
            8.50787
          ],
          [
            124.75424,
            8.50772
          ],
          [
            124.75422,
            8.50763
          ],
          [
            124.75419,
            8.50723
          ],
          [
            124.7542,
            8.5068
          ],
          [
            124.75462,
            8.50679
          ],
          [
            124.75582,
            8.5068
          ],
          [
            124.75586,
            8.5068
          ],
          [
            124.75625,
            8.50681
          ],
          [
            124.75668,
            8.5068
          ],
          [
            124.75715,
            8.5068
          ],
          [
            124.7576,
            8.50679
          ],
          [
            124.75806,
            8.50679
          ],
          [
            124.75851,
            8.50682
          ],
          [
            124.75897,
            8.50681
          ],
          [
            124.7594,
            8.50681
          ],
          [
            124.75986,
            8.50679
          ],
          [
            124.76002,
            8.50677
          ],
          [
            124.76015,
            8.50673
          ],
          [
            124.7603,
            8.5067
          ],
          [
            124.76044,
            8.50668
          ],
          [
            124.76066,
            8.50666
          ],
          [
            124.7609,
            8.50665
          ],
          [
            124.7612,
            8.50665
          ],
          [
            124.76139,
            8.50665
          ],
          [
            124.76161,
            8.50666
          ],
          [
            124.76162,
            8.50666
          ],
          [
            124.76177,
            8.50668
          ],
          [
            124.76181,
            8.50668
          ],
          [
            124.76194,
            8.5067
          ],
          [
            124.76244,
            8.50678
          ],
          [
            124.76258,
            8.50679
          ],
          [
            124.76268,
            8.50679
          ],
          [
            124.76287,
            8.50677
          ],
          [
            124.76335,
            8.50671
          ],
          [
            124.76379,
            8.50668
          ],
          [
            124.76424,
            8.50666
          ],
          [
            124.76469,
            8.50665
          ],
          [
            124.76516,
            8.50669
          ],
          [
            124.76563,
            8.50676
          ],
          [
            124.76605,
            8.50685
          ],
          [
            124.76648,
            8.50694
          ],
          [
            124.76687,
            8.50697
          ],
          [
            124.76705,
            8.50699
          ],
          [
            124.76729,
            8.50702
          ],
          [
            124.76734,
            8.50702
          ],
          [
            124.76752,
            8.50704
          ],
          [
            124.76776,
            8.50707
          ],
          [
            124.76804,
            8.50708
          ],
          [
            124.7682,
            8.50709
          ],
          [
            124.76852,
            8.50712
          ],
          [
            124.7687,
            8.50716
          ],
          [
            124.76875,
            8.50718
          ],
          [
            124.76892,
            8.50723
          ],
          [
            124.76912,
            8.50729
          ],
          [
            124.76938,
            8.50737
          ],
          [
            124.76944,
            8.50739
          ],
          [
            124.76948,
            8.50741
          ],
          [
            124.76955,
            8.50745
          ],
          [
            124.76962,
            8.50749
          ],
          [
            124.76971,
            8.50762
          ],
          [
            124.76973,
            8.50764
          ],
          [
            124.76997,
            8.50801
          ],
          [
            124.77007,
            8.50813
          ],
          [
            124.77035,
            8.50847
          ],
          [
            124.77055,
            8.50872
          ],
          [
            124.77064,
            8.50883
          ],
          [
            124.77074,
            8.50888
          ],
          [
            124.77081,
            8.50892
          ],
          [
            124.77095,
            8.50895
          ],
          [
            124.7708,
            8.50927
          ],
          [
            124.77068,
            8.50952
          ],
          [
            124.77049,
            8.50988
          ],
          [
            124.77035,
            8.51017
          ],
          [
            124.77089,
            8.5102
          ],
          [
            124.77198,
            8.51025
          ],
          [
            124.77209,
            8.51025
          ],
          [
            124.7721,
            8.51025
          ]
        ]
      },
      "properties": {
        "name": "Bugo (R1) – Agora Market City and Terminal"
      }
    },
    {
      "type": "Feature",
      "geometry": {
        "type": "LineString",
        "coordinates": [
          [
            124.7721,
            8.51025
          ],
          [
            124.77209,
            8.51025
          ],
          [
            124.77198,
            8.51025
          ],
          [
            124.77089,
            8.5102
          ],
          [
            124.77035,
            8.51017
          ],
          [
            124.76997,
            8.51015
          ],
          [
            124.77012,
            8.50989
          ],
          [
            124.77019,
            8.50975
          ],
          [
            124.77026,
            8.50963
          ],
          [
            124.7704,
            8.50936
          ],
          [
            124.77064,
            8.50883
          ],
          [
            124.77055,
            8.50872
          ],
          [
            124.77035,
            8.50847
          ],
          [
            124.77007,
            8.50813
          ],
          [
            124.76997,
            8.50801
          ],
          [
            124.76973,
            8.50764
          ],
          [
            124.76971,
            8.50762
          ],
          [
            124.76962,
            8.50749
          ],
          [
            124.76955,
            8.50745
          ],
          [
            124.76948,
            8.50741
          ],
          [
            124.76944,
            8.50739
          ],
          [
            124.76938,
            8.50737
          ],
          [
            124.76912,
            8.50729
          ],
          [
            124.76892,
            8.50723
          ],
          [
            124.76875,
            8.50718
          ],
          [
            124.7687,
            8.50716
          ],
          [
            124.76852,
            8.50712
          ],
          [
            124.7682,
            8.50709
          ],
          [
            124.76804,
            8.50708
          ],
          [
            124.76776,
            8.50707
          ],
          [
            124.76752,
            8.50704
          ],
          [
            124.76734,
            8.50702
          ],
          [
            124.76729,
            8.50702
          ],
          [
            124.76705,
            8.50699
          ],
          [
            124.76687,
            8.50697
          ],
          [
            124.76648,
            8.50694
          ],
          [
            124.76605,
            8.50685
          ],
          [
            124.76563,
            8.50676
          ],
          [
            124.76516,
            8.50669
          ],
          [
            124.76469,
            8.50665
          ],
          [
            124.76424,
            8.50666
          ],
          [
            124.76379,
            8.50668
          ],
          [
            124.76381,
            8.50778
          ],
          [
            124.76381,
            8.50786
          ],
          [
            124.7638,
            8.50792
          ],
          [
            124.76378,
            8.50795
          ],
          [
            124.76375,
            8.50798
          ],
          [
            124.76371,
            8.508
          ],
          [
            124.76368,
            8.50801
          ],
          [
            124.76364,
            8.50802
          ],
          [
            124.7636,
            8.50801
          ],
          [
            124.76356,
            8.50799
          ],
          [
            124.76346,
            8.50792
          ],
          [
            124.76338,
            8.50787
          ],
          [
            124.76314,
            8.50778
          ],
          [
            124.76304,
            8.50774
          ],
          [
            124.76297,
            8.50772
          ],
          [
            124.7629,
            8.50771
          ],
          [
            124.76282,
            8.50773
          ],
          [
            124.76275,
            8.50776
          ],
          [
            124.76267,
            8.50781
          ],
          [
            124.76266,
            8.50782
          ],
          [
            124.76263,
            8.50785
          ],
          [
            124.76259,
            8.50789
          ],
          [
            124.76254,
            8.50795
          ],
          [
            124.7625,
            8.50801
          ],
          [
            124.76245,
            8.50812
          ],
          [
            124.76242,
            8.50821
          ],
          [
            124.7624,
            8.50826
          ],
          [
            124.76237,
            8.50832
          ],
          [
            124.76233,
            8.50838
          ],
          [
            124.76228,
            8.50843
          ],
          [
            124.7622,
            8.50849
          ],
          [
            124.76212,
            8.50852
          ],
          [
            124.76203,
            8.50854
          ],
          [
            124.76194,
            8.50855
          ],
          [
            124.76176,
            8.50855
          ],
          [
            124.76158,
            8.50856
          ],
          [
            124.76088,
            8.50856
          ],
          [
            124.76001,
            8.50854
          ],
          [
            124.75947,
            8.50853
          ],
          [
            124.75851,
            8.50854
          ],
          [
            124.75797,
            8.50853
          ],
          [
            124.7574,
            8.5085
          ],
          [
            124.75657,
            8.50844
          ],
          [
            124.75655,
            8.50844
          ],
          [
            124.75654,
            8.50844
          ],
          [
            124.75654,
            8.50843
          ],
          [
            124.75651,
            8.50841
          ],
          [
            124.75651,
            8.50839
          ],
          [
            124.75651,
            8.50837
          ],
          [
            124.75668,
            8.50795
          ],
          [
            124.75621,
            8.50794
          ],
          [
            124.75582,
            8.50791
          ],
          [
            124.7552,
            8.50792
          ],
          [
            124.75475,
            8.50793
          ],
          [
            124.75489,
            8.50833
          ],
          [
            124.75453,
            8.50846
          ],
          [
            124.75409,
            8.50865
          ],
          [
            124.75401,
            8.50846
          ],
          [
            124.75399,
            8.50842
          ],
          [
            124.75392,
            8.50826
          ],
          [
            124.75387,
            8.50812
          ],
          [
            124.75382,
            8.50796
          ],
          [
            124.75378,
            8.50783
          ],
          [
            124.75375,
            8.50771
          ],
          [
            124.75373,
            8.50761
          ],
          [
            124.75371,
            8.50752
          ],
          [
            124.7537,
            8.50744
          ],
          [
            124.75369,
            8.50735
          ],
          [
            124.75368,
            8.50726
          ],
          [
            124.75367,
            8.50713
          ],
          [
            124.75367,
            8.50695
          ],
          [
            124.75367,
            8.50682
          ],
          [
            124.75373,
            8.50591
          ],
          [
            124.75374,
            8.50547
          ],
          [
            124.75376,
            8.50525
          ],
          [
            124.75377,
            8.50502
          ],
          [
            124.75378,
            8.50486
          ],
          [
            124.75378,
            8.50471
          ],
          [
            124.75378,
            8.50461
          ],
          [
            124.75376,
            8.5045
          ],
          [
            124.75375,
            8.50443
          ],
          [
            124.75373,
            8.5043
          ],
          [
            124.75372,
            8.50429
          ],
          [
            124.7537,
            8.50419
          ],
          [
            124.75366,
            8.5041
          ],
          [
            124.7536,
            8.50397
          ],
          [
            124.75354,
            8.50387
          ],
          [
            124.75338,
            8.50361
          ],
          [
            124.75327,
            8.50349
          ],
          [
            124.75313,
            8.5033
          ],
          [
            124.7531,
            8.50327
          ],
          [
            124.753,
            8.50314
          ],
          [
            124.75283,
            8.50294
          ],
          [
            124.75262,
            8.50271
          ],
          [
            124.75236,
            8.50247
          ],
          [
            124.7522,
            8.50233
          ],
          [
            124.75206,
            8.50221
          ],
          [
            124.75204,
            8.5022
          ],
          [
            124.75192,
            8.50213
          ],
          [
            124.75172,
            8.50198
          ],
          [
            124.7514,
            8.50172
          ],
          [
            124.75135,
            8.50168
          ],
          [
            124.75126,
            8.50161
          ],
          [
            124.75099,
            8.50137
          ],
          [
            124.75092,
            8.50131
          ],
          [
            124.75086,
            8.50125
          ],
          [
            124.75068,
            8.50109
          ],
          [
            124.75059,
            8.50101
          ],
          [
            124.75055,
            8.50098
          ],
          [
            124.75046,
            8.50089
          ],
          [
            124.75043,
            8.50087
          ],
          [
            124.7504,
            8.50085
          ],
          [
            124.75036,
            8.50081
          ],
          [
            124.75016,
            8.50064
          ],
          [
            124.74999,
            8.50048
          ],
          [
            124.74984,
            8.50036
          ],
          [
            124.74972,
            8.50025
          ],
          [
            124.74966,
            8.50019
          ],
          [
            124.74949,
            8.50001
          ],
          [
            124.74934,
            8.49986
          ],
          [
            124.74933,
            8.49985
          ],
          [
            124.74923,
            8.49972
          ],
          [
            124.74905,
            8.49949
          ],
          [
            124.74904,
            8.49947
          ],
          [
            124.74902,
            8.49944
          ],
          [
            124.74887,
            8.49926
          ],
          [
            124.74886,
            8.49923
          ],
          [
            124.74871,
            8.49903
          ],
          [
            124.74825,
            8.49834
          ],
          [
            124.74806,
            8.49807
          ],
          [
            124.74806,
            8.49806
          ],
          [
            124.74797,
            8.49793
          ],
          [
            124.74789,
            8.49781
          ],
          [
            124.74773,
            8.49759
          ],
          [
            124.74757,
            8.49737
          ],
          [
            124.7473,
            8.49702
          ],
          [
            124.74715,
            8.4968
          ],
          [
            124.74708,
            8.49672
          ],
          [
            124.74701,
            8.49663
          ],
          [
            124.74691,
            8.49651
          ],
          [
            124.7468,
            8.49639
          ],
          [
            124.74656,
            8.49611
          ],
          [
            124.74644,
            8.49598
          ],
          [
            124.74632,
            8.49585
          ],
          [
            124.74617,
            8.49569
          ],
          [
            124.74602,
            8.49555
          ],
          [
            124.74588,
            8.49542
          ],
          [
            124.74569,
            8.49524
          ],
          [
            124.74545,
            8.49501
          ],
          [
            124.74461,
            8.49427
          ],
          [
            124.74451,
            8.49418
          ],
          [
            124.74424,
            8.49394
          ],
          [
            124.74391,
            8.49364
          ],
          [
            124.74383,
            8.49356
          ],
          [
            124.74369,
            8.49344
          ],
          [
            124.7435,
            8.49326
          ],
          [
            124.74329,
            8.49307
          ],
          [
            124.74306,
            8.49286
          ],
          [
            124.74283,
            8.49265
          ],
          [
            124.74236,
            8.49223
          ],
          [
            124.74227,
            8.49214
          ],
          [
            124.74222,
            8.4921
          ],
          [
            124.74209,
            8.49198
          ],
          [
            124.74195,
            8.49185
          ],
          [
            124.74142,
            8.49136
          ],
          [
            124.74079,
            8.49078
          ],
          [
            124.74023,
            8.49025
          ],
          [
            124.7398,
            8.4898
          ],
          [
            124.73965,
            8.48968
          ],
          [
            124.73941,
            8.48948
          ],
          [
            124.73934,
            8.48942
          ],
          [
            124.73905,
            8.48918
          ],
          [
            124.73899,
            8.48913
          ],
          [
            124.73865,
            8.48889
          ],
          [
            124.73833,
            8.48869
          ],
          [
            124.73824,
            8.48862
          ],
          [
            124.73818,
            8.48858
          ],
          [
            124.73798,
            8.48843
          ],
          [
            124.73774,
            8.48827
          ],
          [
            124.73751,
            8.48813
          ],
          [
            124.73739,
            8.48804
          ],
          [
            124.73705,
            8.4878
          ],
          [
            124.73676,
            8.48759
          ],
          [
            124.73636,
            8.48729
          ],
          [
            124.73553,
            8.48669
          ],
          [
            124.73489,
            8.48626
          ],
          [
            124.73477,
            8.48618
          ],
          [
            124.73442,
            8.48594
          ],
          [
            124.73398,
            8.48567
          ],
          [
            124.73394,
            8.48564
          ],
          [
            124.73345,
            8.48536
          ],
          [
            124.73322,
            8.48523
          ],
          [
            124.73302,
            8.48511
          ],
          [
            124.73291,
            8.48505
          ],
          [
            124.73251,
            8.48482
          ],
          [
            124.73169,
            8.48432
          ],
          [
            124.7315,
            8.48421
          ],
          [
            124.73131,
            8.48408
          ],
          [
            124.73119,
            8.48401
          ],
          [
            124.73106,
            8.48392
          ],
          [
            124.73085,
            8.48377
          ],
          [
            124.73076,
            8.4837
          ],
          [
            124.73068,
            8.48364
          ],
          [
            124.73057,
            8.48355
          ],
          [
            124.7305,
            8.48349
          ],
          [
            124.73014,
            8.48319
          ],
          [
            124.72996,
            8.48305
          ],
          [
            124.72973,
            8.48288
          ],
          [
            124.72951,
            8.4827
          ],
          [
            124.72944,
            8.48268
          ],
          [
            124.72929,
            8.48256
          ],
          [
            124.72912,
            8.48242
          ],
          [
            124.72777,
            8.48143
          ],
          [
            124.72737,
            8.48116
          ],
          [
            124.72719,
            8.48103
          ],
          [
            124.72704,
            8.48092
          ],
          [
            124.72669,
            8.4807
          ],
          [
            124.72647,
            8.48056
          ],
          [
            124.72644,
            8.48054
          ],
          [
            124.72597,
            8.48027
          ],
          [
            124.72589,
            8.48022
          ],
          [
            124.72582,
            8.48017
          ],
          [
            124.72575,
            8.48013
          ],
          [
            124.72573,
            8.4801
          ],
          [
            124.72557,
            8.48
          ],
          [
            124.72552,
            8.47997
          ],
          [
            124.72547,
            8.47994
          ],
          [
            124.72538,
            8.47989
          ],
          [
            124.72526,
            8.47983
          ],
          [
            124.72507,
            8.47974
          ],
          [
            124.72473,
            8.47955
          ],
          [
            124.7246,
            8.47948
          ],
          [
            124.72453,
            8.47944
          ],
          [
            124.7243,
            8.47932
          ],
          [
            124.72393,
            8.47913
          ],
          [
            124.72352,
            8.4789
          ],
          [
            124.72325,
            8.47875
          ],
          [
            124.72298,
            8.47861
          ],
          [
            124.72231,
            8.47829
          ],
          [
            124.72214,
            8.47821
          ],
          [
            124.72106,
            8.47772
          ],
          [
            124.72073,
            8.47756
          ],
          [
            124.72024,
            8.47734
          ],
          [
            124.72016,
            8.4773
          ],
          [
            124.71937,
            8.47695
          ],
          [
            124.71863,
            8.47659
          ],
          [
            124.71829,
            8.47643
          ],
          [
            124.71798,
            8.4763
          ],
          [
            124.71761,
            8.47614
          ],
          [
            124.71736,
            8.47602
          ],
          [
            124.71715,
            8.47592
          ],
          [
            124.71688,
            8.47578
          ],
          [
            124.71659,
            8.47564
          ],
          [
            124.71637,
            8.47553
          ],
          [
            124.71606,
            8.47536
          ],
          [
            124.71571,
            8.47518
          ],
          [
            124.71549,
            8.47505
          ],
          [
            124.71514,
            8.47485
          ],
          [
            124.71463,
            8.47457
          ],
          [
            124.71448,
            8.47449
          ],
          [
            124.71437,
            8.47443
          ],
          [
            124.7142,
            8.47433
          ],
          [
            124.71419,
            8.47432
          ],
          [
            124.71394,
            8.47416
          ],
          [
            124.71363,
            8.47393
          ],
          [
            124.71359,
            8.47391
          ],
          [
            124.71334,
            8.47372
          ],
          [
            124.71305,
            8.4735
          ],
          [
            124.71266,
            8.47317
          ],
          [
            124.7122,
            8.4728
          ],
          [
            124.71214,
            8.47275
          ],
          [
            124.71161,
            8.47231
          ],
          [
            124.71149,
            8.47222
          ],
          [
            124.71133,
            8.4721
          ],
          [
            124.71115,
            8.47197
          ],
          [
            124.71104,
            8.47189
          ],
          [
            124.7109,
            8.47179
          ],
          [
            124.71062,
            8.47163
          ],
          [
            124.71056,
            8.47159
          ],
          [
            124.71034,
            8.47146
          ],
          [
            124.7102,
            8.47137
          ],
          [
            124.71,
            8.47126
          ],
          [
            124.70986,
            8.47119
          ],
          [
            124.70944,
            8.47099
          ],
          [
            124.70915,
            8.47087
          ],
          [
            124.70893,
            8.47079
          ],
          [
            124.70868,
            8.47071
          ],
          [
            124.70866,
            8.4707
          ],
          [
            124.7084,
            8.47062
          ],
          [
            124.70816,
            8.47057
          ],
          [
            124.70767,
            8.47044
          ],
          [
            124.70717,
            8.47032
          ],
          [
            124.70686,
            8.47025
          ],
          [
            124.70667,
            8.4702
          ],
          [
            124.7062,
            8.47008
          ],
          [
            124.70609,
            8.47006
          ],
          [
            124.70565,
            8.46996
          ],
          [
            124.70518,
            8.46985
          ],
          [
            124.70512,
            8.46984
          ],
          [
            124.70455,
            8.46971
          ],
          [
            124.70442,
            8.46968
          ],
          [
            124.7041,
            8.46965
          ],
          [
            124.70376,
            8.46965
          ],
          [
            124.70352,
            8.46967
          ],
          [
            124.70331,
            8.46969
          ],
          [
            124.70321,
            8.46971
          ],
          [
            124.70304,
            8.46974
          ],
          [
            124.7028,
            8.4698
          ],
          [
            124.70269,
            8.46984
          ],
          [
            124.70267,
            8.46985
          ],
          [
            124.70252,
            8.4699
          ],
          [
            124.70245,
            8.46993
          ],
          [
            124.70231,
            8.46999
          ],
          [
            124.70182,
            8.4702
          ],
          [
            124.70173,
            8.47026
          ],
          [
            124.70123,
            8.47048
          ],
          [
            124.7007,
            8.47073
          ],
          [
            124.70011,
            8.47101
          ],
          [
            124.69951,
            8.4713
          ],
          [
            124.69923,
            8.47142
          ],
          [
            124.69911,
            8.47149
          ],
          [
            124.69789,
            8.47207
          ],
          [
            124.69733,
            8.47234
          ],
          [
            124.69713,
            8.47244
          ],
          [
            124.69644,
            8.47277
          ],
          [
            124.69535,
            8.47331
          ],
          [
            124.69468,
            8.47363
          ],
          [
            124.6943,
            8.4738
          ],
          [
            124.69425,
            8.47382
          ],
          [
            124.69398,
            8.47394
          ],
          [
            124.69384,
            8.47403
          ],
          [
            124.69349,
            8.47419
          ],
          [
            124.69304,
            8.4744
          ],
          [
            124.69255,
            8.47461
          ],
          [
            124.6923,
            8.47471
          ],
          [
            124.69224,
            8.47475
          ],
          [
            124.69219,
            8.47477
          ],
          [
            124.69212,
            8.47479
          ],
          [
            124.69199,
            8.47483
          ],
          [
            124.69185,
            8.47485
          ],
          [
            124.69172,
            8.47487
          ],
          [
            124.69164,
            8.47487
          ],
          [
            124.69154,
            8.47488
          ],
          [
            124.69143,
            8.47488
          ],
          [
            124.69078,
            8.47486
          ],
          [
            124.69004,
            8.47483
          ],
          [
            124.69003,
            8.47483
          ],
          [
            124.68868,
            8.47477
          ],
          [
            124.68795,
            8.47475
          ],
          [
            124.68774,
            8.47474
          ],
          [
            124.68747,
            8.47472
          ],
          [
            124.68723,
            8.4747
          ],
          [
            124.68708,
            8.47468
          ],
          [
            124.68703,
            8.47467
          ],
          [
            124.68702,
            8.47466
          ],
          [
            124.68701,
            8.47466
          ],
          [
            124.68701,
            8.47465
          ],
          [
            124.687,
            8.47465
          ],
          [
            124.68586,
            8.47451
          ],
          [
            124.68494,
            8.47435
          ],
          [
            124.68378,
            8.47418
          ],
          [
            124.68371,
            8.47418
          ],
          [
            124.68351,
            8.47417
          ],
          [
            124.68333,
            8.47417
          ],
          [
            124.68322,
            8.47417
          ],
          [
            124.68316,
            8.47418
          ],
          [
            124.68307,
            8.47419
          ],
          [
            124.68294,
            8.4742
          ],
          [
            124.68282,
            8.47422
          ],
          [
            124.68257,
            8.47426
          ],
          [
            124.68246,
            8.47427
          ],
          [
            124.68216,
            8.47432
          ],
          [
            124.68206,
            8.47402
          ],
          [
            124.68204,
            8.47395
          ],
          [
            124.68197,
            8.47378
          ],
          [
            124.68182,
            8.47334
          ],
          [
            124.68177,
            8.47321
          ],
          [
            124.68172,
            8.47311
          ],
          [
            124.68168,
            8.47305
          ],
          [
            124.68163,
            8.47297
          ],
          [
            124.68153,
            8.47281
          ],
          [
            124.6813,
            8.47246
          ],
          [
            124.68113,
            8.47221
          ],
          [
            124.68083,
            8.4718
          ],
          [
            124.68079,
            8.47175
          ],
          [
            124.68067,
            8.4716
          ],
          [
            124.68061,
            8.47156
          ],
          [
            124.68057,
            8.47154
          ],
          [
            124.68054,
            8.47153
          ],
          [
            124.68052,
            8.47152
          ],
          [
            124.6805,
            8.47151
          ],
          [
            124.68047,
            8.4715
          ],
          [
            124.68045,
            8.4715
          ],
          [
            124.68044,
            8.4715
          ],
          [
            124.68043,
            8.47151
          ],
          [
            124.6804,
            8.47151
          ],
          [
            124.68039,
            8.47152
          ],
          [
            124.68036,
            8.47153
          ],
          [
            124.68034,
            8.47155
          ],
          [
            124.68029,
            8.47157
          ],
          [
            124.67929,
            8.47226
          ],
          [
            124.67903,
            8.47243
          ],
          [
            124.67804,
            8.47311
          ],
          [
            124.67794,
            8.47317
          ],
          [
            124.67778,
            8.47327
          ],
          [
            124.67703,
            8.4738
          ],
          [
            124.67635,
            8.47427
          ],
          [
            124.67608,
            8.47446
          ],
          [
            124.67591,
            8.47457
          ],
          [
            124.67579,
            8.47464
          ],
          [
            124.67573,
            8.47467
          ],
          [
            124.67564,
            8.47471
          ],
          [
            124.67556,
            8.47475
          ],
          [
            124.67546,
            8.47479
          ],
          [
            124.67525,
            8.47483
          ],
          [
            124.67506,
            8.47489
          ],
          [
            124.67479,
            8.47498
          ],
          [
            124.67466,
            8.47502
          ],
          [
            124.67457,
            8.47506
          ],
          [
            124.67434,
            8.47513
          ],
          [
            124.67419,
            8.47517
          ],
          [
            124.67418,
            8.47517
          ],
          [
            124.67407,
            8.47519
          ],
          [
            124.67389,
            8.4752
          ],
          [
            124.67372,
            8.4752
          ],
          [
            124.67301,
            8.47521
          ],
          [
            124.67288,
            8.47528
          ],
          [
            124.67282,
            8.47529
          ],
          [
            124.67256,
            8.47535
          ],
          [
            124.67242,
            8.47539
          ],
          [
            124.67239,
            8.4754
          ],
          [
            124.67211,
            8.47548
          ],
          [
            124.6721,
            8.47548
          ],
          [
            124.67182,
            8.47554
          ],
          [
            124.67168,
            8.47558
          ],
          [
            124.67162,
            8.47559
          ],
          [
            124.67146,
            8.47561
          ],
          [
            124.67136,
            8.47562
          ],
          [
            124.67124,
            8.47562
          ],
          [
            124.67122,
            8.47561
          ],
          [
            124.67107,
            8.4756
          ],
          [
            124.67086,
            8.47556
          ],
          [
            124.67084,
            8.47556
          ],
          [
            124.67046,
            8.47547
          ],
          [
            124.66954,
            8.47524
          ],
          [
            124.66913,
            8.47514
          ],
          [
            124.66883,
            8.47506
          ],
          [
            124.66871,
            8.47504
          ],
          [
            124.66862,
            8.47504
          ],
          [
            124.66853,
            8.47504
          ],
          [
            124.66847,
            8.47504
          ],
          [
            124.66841,
            8.47505
          ],
          [
            124.6683,
            8.47507
          ],
          [
            124.66818,
            8.4751
          ],
          [
            124.66811,
            8.47512
          ],
          [
            124.66801,
            8.47515
          ],
          [
            124.66786,
            8.47519
          ],
          [
            124.66732,
            8.47536
          ],
          [
            124.66683,
            8.4755
          ],
          [
            124.66673,
            8.47553
          ],
          [
            124.66662,
            8.47555
          ],
          [
            124.66651,
            8.47557
          ],
          [
            124.66632,
            8.47559
          ],
          [
            124.66619,
            8.47559
          ],
          [
            124.66599,
            8.4756
          ],
          [
            124.66595,
            8.47559
          ],
          [
            124.66555,
            8.47558
          ],
          [
            124.665,
            8.47558
          ],
          [
            124.66492,
            8.47558
          ],
          [
            124.66454,
            8.47558
          ],
          [
            124.66429,
            8.4756
          ],
          [
            124.66395,
            8.47562
          ],
          [
            124.66394,
            8.47562
          ],
          [
            124.6638,
            8.47563
          ],
          [
            124.66365,
            8.47566
          ],
          [
            124.66343,
            8.47569
          ],
          [
            124.66312,
            8.47573
          ],
          [
            124.66275,
            8.47579
          ],
          [
            124.66251,
            8.47583
          ],
          [
            124.66233,
            8.47586
          ],
          [
            124.6622,
            8.47589
          ],
          [
            124.66208,
            8.47592
          ],
          [
            124.66202,
            8.47594
          ],
          [
            124.66192,
            8.47597
          ],
          [
            124.66174,
            8.47604
          ],
          [
            124.66159,
            8.47611
          ],
          [
            124.66143,
            8.47618
          ],
          [
            124.66137,
            8.4762
          ],
          [
            124.66105,
            8.47634
          ],
          [
            124.66102,
            8.47635
          ],
          [
            124.66098,
            8.47637
          ],
          [
            124.66091,
            8.47638
          ],
          [
            124.66083,
            8.47639
          ],
          [
            124.66076,
            8.47639
          ],
          [
            124.66067,
            8.47639
          ],
          [
            124.66058,
            8.47638
          ],
          [
            124.66046,
            8.47636
          ],
          [
            124.66033,
            8.47633
          ],
          [
            124.66014,
            8.47627
          ],
          [
            124.66003,
            8.47625
          ],
          [
            124.65988,
            8.47624
          ],
          [
            124.65978,
            8.47624
          ],
          [
            124.65963,
            8.47626
          ],
          [
            124.65953,
            8.47628
          ],
          [
            124.65942,
            8.47631
          ],
          [
            124.65938,
            8.47633
          ],
          [
            124.65934,
            8.47634
          ],
          [
            124.6593,
            8.47635
          ],
          [
            124.65926,
            8.47636
          ],
          [
            124.65923,
            8.47636
          ],
          [
            124.65919,
            8.47637
          ],
          [
            124.65916,
            8.47637
          ],
          [
            124.65912,
            8.47637
          ],
          [
            124.65908,
            8.47637
          ],
          [
            124.65894,
            8.47636
          ],
          [
            124.6587,
            8.47632
          ],
          [
            124.65853,
            8.47631
          ],
          [
            124.65851,
            8.47631
          ],
          [
            124.6584,
            8.47631
          ],
          [
            124.6583,
            8.47631
          ],
          [
            124.6582,
            8.47632
          ],
          [
            124.65793,
            8.47638
          ],
          [
            124.65766,
            8.47643
          ],
          [
            124.65753,
            8.47645
          ],
          [
            124.6575,
            8.47645
          ],
          [
            124.65729,
            8.47646
          ],
          [
            124.65714,
            8.47645
          ],
          [
            124.65694,
            8.47643
          ],
          [
            124.65682,
            8.47643
          ],
          [
            124.65669,
            8.47643
          ],
          [
            124.65659,
            8.47644
          ],
          [
            124.6564,
            8.47645
          ],
          [
            124.65633,
            8.47646
          ],
          [
            124.65548,
            8.47656
          ],
          [
            124.65519,
            8.4766
          ],
          [
            124.65411,
            8.47672
          ],
          [
            124.65405,
            8.47673
          ],
          [
            124.65404,
            8.47673
          ],
          [
            124.65402,
            8.47672
          ],
          [
            124.654,
            8.47671
          ],
          [
            124.65398,
            8.4767
          ],
          [
            124.65352,
            8.47673
          ],
          [
            124.65288,
            8.4768
          ],
          [
            124.65221,
            8.47687
          ],
          [
            124.65226,
            8.47734
          ],
          [
            124.65227,
            8.47742
          ],
          [
            124.6523,
            8.47777
          ],
          [
            124.65297,
            8.47769
          ],
          [
            124.6536,
            8.47759
          ],
          [
            124.65419,
            8.47744
          ],
          [
            124.65411,
            8.47672
          ],
          [
            124.65519,
            8.4766
          ],
          [
            124.65548,
            8.47656
          ],
          [
            124.65633,
            8.47646
          ],
          [
            124.6564,
            8.47645
          ],
          [
            124.65659,
            8.47644
          ],
          [
            124.65669,
            8.47643
          ],
          [
            124.65682,
            8.47643
          ],
          [
            124.65694,
            8.47643
          ],
          [
            124.65714,
            8.47645
          ],
          [
            124.65729,
            8.47646
          ],
          [
            124.6575,
            8.47645
          ],
          [
            124.65753,
            8.47645
          ],
          [
            124.65766,
            8.47643
          ],
          [
            124.65793,
            8.47638
          ],
          [
            124.6582,
            8.47632
          ],
          [
            124.6583,
            8.47631
          ],
          [
            124.6584,
            8.47631
          ],
          [
            124.65851,
            8.47631
          ],
          [
            124.6587,
            8.47632
          ],
          [
            124.65894,
            8.47636
          ],
          [
            124.65908,
            8.47637
          ],
          [
            124.65912,
            8.47637
          ],
          [
            124.65916,
            8.47637
          ],
          [
            124.65919,
            8.47637
          ],
          [
            124.65923,
            8.47636
          ],
          [
            124.65926,
            8.47636
          ],
          [
            124.6593,
            8.47635
          ],
          [
            124.65934,
            8.47634
          ],
          [
            124.65938,
            8.47633
          ],
          [
            124.65942,
            8.47631
          ],
          [
            124.65953,
            8.47628
          ],
          [
            124.65963,
            8.47626
          ],
          [
            124.65978,
            8.47624
          ],
          [
            124.65988,
            8.47624
          ],
          [
            124.66003,
            8.47625
          ],
          [
            124.66014,
            8.47627
          ],
          [
            124.66033,
            8.47633
          ],
          [
            124.66046,
            8.47636
          ],
          [
            124.66058,
            8.47638
          ],
          [
            124.66067,
            8.47639
          ],
          [
            124.66076,
            8.47639
          ],
          [
            124.66083,
            8.47639
          ],
          [
            124.66091,
            8.47638
          ],
          [
            124.66098,
            8.47637
          ],
          [
            124.66102,
            8.47635
          ],
          [
            124.66105,
            8.47634
          ],
          [
            124.66137,
            8.4762
          ],
          [
            124.66143,
            8.47618
          ],
          [
            124.66159,
            8.47611
          ],
          [
            124.66174,
            8.47604
          ],
          [
            124.66192,
            8.47597
          ],
          [
            124.66202,
            8.47594
          ],
          [
            124.66208,
            8.47592
          ],
          [
            124.6622,
            8.47589
          ],
          [
            124.66233,
            8.47586
          ],
          [
            124.66251,
            8.47583
          ],
          [
            124.66275,
            8.47579
          ],
          [
            124.66312,
            8.47573
          ],
          [
            124.66343,
            8.47569
          ],
          [
            124.66365,
            8.47566
          ],
          [
            124.6638,
            8.47563
          ],
          [
            124.66395,
            8.47562
          ],
          [
            124.66429,
            8.4756
          ],
          [
            124.66454,
            8.47558
          ],
          [
            124.66492,
            8.47558
          ],
          [
            124.665,
            8.47558
          ],
          [
            124.66555,
            8.47558
          ],
          [
            124.66595,
            8.47559
          ],
          [
            124.66599,
            8.4756
          ],
          [
            124.66619,
            8.47559
          ],
          [
            124.66632,
            8.47559
          ],
          [
            124.66651,
            8.47557
          ],
          [
            124.66662,
            8.47555
          ],
          [
            124.66673,
            8.47553
          ],
          [
            124.66683,
            8.4755
          ],
          [
            124.66732,
            8.47536
          ],
          [
            124.66786,
            8.47519
          ],
          [
            124.66801,
            8.47515
          ],
          [
            124.66811,
            8.47512
          ],
          [
            124.66818,
            8.4751
          ],
          [
            124.6683,
            8.47507
          ],
          [
            124.66841,
            8.47505
          ],
          [
            124.66847,
            8.47504
          ],
          [
            124.66853,
            8.47504
          ],
          [
            124.66862,
            8.47504
          ],
          [
            124.66871,
            8.47504
          ],
          [
            124.66883,
            8.47506
          ],
          [
            124.66913,
            8.47514
          ],
          [
            124.66954,
            8.47524
          ],
          [
            124.67046,
            8.47547
          ],
          [
            124.67084,
            8.47556
          ],
          [
            124.67086,
            8.47556
          ],
          [
            124.67107,
            8.4756
          ],
          [
            124.67124,
            8.47562
          ],
          [
            124.67136,
            8.47562
          ],
          [
            124.67146,
            8.47561
          ],
          [
            124.67162,
            8.47559
          ],
          [
            124.67168,
            8.47558
          ],
          [
            124.67182,
            8.47554
          ],
          [
            124.67211,
            8.47548
          ],
          [
            124.67239,
            8.4754
          ],
          [
            124.67242,
            8.47539
          ],
          [
            124.67256,
            8.47535
          ],
          [
            124.67282,
            8.47529
          ],
          [
            124.67288,
            8.47528
          ],
          [
            124.67301,
            8.47521
          ],
          [
            124.67372,
            8.4752
          ],
          [
            124.67389,
            8.4752
          ],
          [
            124.67407,
            8.47519
          ],
          [
            124.67419,
            8.47517
          ],
          [
            124.67434,
            8.47513
          ],
          [
            124.67457,
            8.47506
          ],
          [
            124.67466,
            8.47502
          ],
          [
            124.67479,
            8.47498
          ],
          [
            124.67506,
            8.47489
          ],
          [
            124.67525,
            8.47483
          ],
          [
            124.67546,
            8.47479
          ],
          [
            124.67556,
            8.47475
          ],
          [
            124.67564,
            8.47471
          ],
          [
            124.67573,
            8.47467
          ],
          [
            124.67579,
            8.47464
          ],
          [
            124.67591,
            8.47457
          ],
          [
            124.67608,
            8.47446
          ],
          [
            124.67635,
            8.47427
          ],
          [
            124.67703,
            8.4738
          ],
          [
            124.67778,
            8.47327
          ],
          [
            124.67794,
            8.47317
          ],
          [
            124.67804,
            8.47311
          ],
          [
            124.67903,
            8.47243
          ],
          [
            124.67929,
            8.47226
          ],
          [
            124.68029,
            8.47157
          ],
          [
            124.68034,
            8.47155
          ],
          [
            124.68036,
            8.47153
          ],
          [
            124.68039,
            8.47152
          ],
          [
            124.6804,
            8.47151
          ],
          [
            124.68044,
            8.47151
          ],
          [
            124.68047,
            8.4715
          ],
          [
            124.6805,
            8.47151
          ],
          [
            124.68052,
            8.47152
          ],
          [
            124.68054,
            8.47153
          ],
          [
            124.68057,
            8.47154
          ],
          [
            124.68061,
            8.47156
          ],
          [
            124.68067,
            8.4716
          ],
          [
            124.68079,
            8.47175
          ],
          [
            124.68083,
            8.4718
          ],
          [
            124.68113,
            8.47221
          ],
          [
            124.6813,
            8.47246
          ],
          [
            124.68153,
            8.47281
          ],
          [
            124.68163,
            8.47297
          ],
          [
            124.68168,
            8.47305
          ],
          [
            124.68172,
            8.47311
          ],
          [
            124.68177,
            8.47321
          ],
          [
            124.68182,
            8.47334
          ],
          [
            124.68197,
            8.47378
          ],
          [
            124.68204,
            8.47395
          ],
          [
            124.68206,
            8.47402
          ],
          [
            124.68216,
            8.47432
          ],
          [
            124.68246,
            8.47427
          ],
          [
            124.68257,
            8.47426
          ],
          [
            124.68282,
            8.47422
          ],
          [
            124.68294,
            8.4742
          ],
          [
            124.68307,
            8.47419
          ],
          [
            124.68316,
            8.47418
          ],
          [
            124.68322,
            8.47417
          ],
          [
            124.68333,
            8.47417
          ],
          [
            124.68351,
            8.47417
          ],
          [
            124.68371,
            8.47418
          ],
          [
            124.68378,
            8.47418
          ],
          [
            124.68494,
            8.47435
          ],
          [
            124.68586,
            8.47451
          ],
          [
            124.687,
            8.47465
          ],
          [
            124.68711,
            8.47463
          ],
          [
            124.68725,
            8.47462
          ],
          [
            124.68748,
            8.47462
          ],
          [
            124.68776,
            8.47463
          ],
          [
            124.68783,
            8.47464
          ],
          [
            124.68796,
            8.47464
          ],
          [
            124.6887,
            8.47467
          ],
          [
            124.68921,
            8.47471
          ],
          [
            124.68961,
            8.47473
          ],
          [
            124.69003,
            8.47474
          ],
          [
            124.69006,
            8.47474
          ],
          [
            124.69081,
            8.47476
          ],
          [
            124.69091,
            8.47477
          ],
          [
            124.69125,
            8.47478
          ],
          [
            124.6914,
            8.47479
          ],
          [
            124.69153,
            8.47479
          ],
          [
            124.69162,
            8.47479
          ],
          [
            124.69171,
            8.47478
          ],
          [
            124.69183,
            8.47477
          ],
          [
            124.69198,
            8.47475
          ],
          [
            124.69215,
            8.47472
          ],
          [
            124.69222,
            8.4747
          ],
          [
            124.69226,
            8.4747
          ],
          [
            124.69228,
            8.4747
          ],
          [
            124.69229,
            8.4747
          ],
          [
            124.69231,
            8.47471
          ],
          [
            124.69255,
            8.47461
          ],
          [
            124.69304,
            8.4744
          ],
          [
            124.69349,
            8.47419
          ],
          [
            124.69384,
            8.47403
          ],
          [
            124.69398,
            8.47394
          ],
          [
            124.69425,
            8.47382
          ],
          [
            124.6943,
            8.4738
          ],
          [
            124.69468,
            8.47363
          ],
          [
            124.69535,
            8.47331
          ],
          [
            124.69644,
            8.47277
          ],
          [
            124.69713,
            8.47244
          ],
          [
            124.69733,
            8.47234
          ],
          [
            124.69789,
            8.47207
          ],
          [
            124.69911,
            8.47149
          ],
          [
            124.69923,
            8.47142
          ],
          [
            124.69951,
            8.4713
          ],
          [
            124.70011,
            8.47101
          ],
          [
            124.7007,
            8.47073
          ],
          [
            124.70123,
            8.47048
          ],
          [
            124.70173,
            8.47026
          ],
          [
            124.70182,
            8.4702
          ],
          [
            124.70231,
            8.46999
          ],
          [
            124.70245,
            8.46993
          ],
          [
            124.70252,
            8.4699
          ],
          [
            124.70267,
            8.46985
          ],
          [
            124.70269,
            8.46984
          ],
          [
            124.7028,
            8.4698
          ],
          [
            124.70304,
            8.46974
          ],
          [
            124.70321,
            8.46971
          ],
          [
            124.70331,
            8.46969
          ],
          [
            124.70352,
            8.46967
          ],
          [
            124.70376,
            8.46965
          ],
          [
            124.7041,
            8.46965
          ],
          [
            124.70442,
            8.46968
          ],
          [
            124.70455,
            8.46971
          ],
          [
            124.70512,
            8.46984
          ],
          [
            124.70518,
            8.46985
          ],
          [
            124.70565,
            8.46996
          ],
          [
            124.70609,
            8.47006
          ],
          [
            124.7062,
            8.47008
          ],
          [
            124.70667,
            8.4702
          ],
          [
            124.70686,
            8.47025
          ],
          [
            124.70717,
            8.47032
          ],
          [
            124.70767,
            8.47044
          ],
          [
            124.70816,
            8.47057
          ],
          [
            124.7084,
            8.47062
          ],
          [
            124.70866,
            8.4707
          ],
          [
            124.70893,
            8.47079
          ],
          [
            124.70915,
            8.47087
          ],
          [
            124.70944,
            8.47099
          ],
          [
            124.70986,
            8.47119
          ],
          [
            124.71,
            8.47126
          ],
          [
            124.7102,
            8.47137
          ],
          [
            124.71034,
            8.47146
          ],
          [
            124.71056,
            8.47159
          ],
          [
            124.71062,
            8.47163
          ],
          [
            124.7109,
            8.47179
          ],
          [
            124.71104,
            8.47189
          ],
          [
            124.71115,
            8.47197
          ],
          [
            124.71133,
            8.4721
          ],
          [
            124.71149,
            8.47222
          ],
          [
            124.71161,
            8.47231
          ],
          [
            124.71214,
            8.47275
          ],
          [
            124.7122,
            8.4728
          ],
          [
            124.71266,
            8.47317
          ],
          [
            124.71305,
            8.4735
          ],
          [
            124.71334,
            8.47372
          ],
          [
            124.71359,
            8.47391
          ],
          [
            124.71363,
            8.47393
          ],
          [
            124.71394,
            8.47416
          ],
          [
            124.7142,
            8.47433
          ],
          [
            124.71437,
            8.47443
          ],
          [
            124.71448,
            8.47449
          ],
          [
            124.71463,
            8.47457
          ],
          [
            124.71514,
            8.47485
          ],
          [
            124.71549,
            8.47505
          ],
          [
            124.71571,
            8.47518
          ],
          [
            124.71606,
            8.47536
          ],
          [
            124.71637,
            8.47553
          ],
          [
            124.71659,
            8.47564
          ],
          [
            124.71688,
            8.47578
          ],
          [
            124.71715,
            8.47592
          ],
          [
            124.71736,
            8.47602
          ],
          [
            124.71761,
            8.47614
          ],
          [
            124.71798,
            8.4763
          ],
          [
            124.71829,
            8.47643
          ],
          [
            124.71863,
            8.47659
          ],
          [
            124.71937,
            8.47695
          ],
          [
            124.72016,
            8.4773
          ],
          [
            124.72024,
            8.47734
          ],
          [
            124.72073,
            8.47756
          ],
          [
            124.72106,
            8.47772
          ],
          [
            124.72214,
            8.47821
          ],
          [
            124.72231,
            8.47829
          ],
          [
            124.72298,
            8.47861
          ],
          [
            124.72325,
            8.47875
          ],
          [
            124.72352,
            8.4789
          ],
          [
            124.72393,
            8.47913
          ],
          [
            124.7243,
            8.47932
          ],
          [
            124.72453,
            8.47944
          ],
          [
            124.7246,
            8.47948
          ],
          [
            124.72473,
            8.47955
          ],
          [
            124.72507,
            8.47974
          ],
          [
            124.72526,
            8.47983
          ],
          [
            124.72538,
            8.47989
          ],
          [
            124.72547,
            8.47994
          ],
          [
            124.72552,
            8.47997
          ],
          [
            124.72557,
            8.48
          ],
          [
            124.72573,
            8.4801
          ],
          [
            124.72577,
            8.4801
          ],
          [
            124.72585,
            8.48012
          ],
          [
            124.72592,
            8.48015
          ],
          [
            124.72603,
            8.48021
          ],
          [
            124.72645,
            8.48046
          ],
          [
            124.72649,
            8.48048
          ],
          [
            124.72672,
            8.48063
          ],
          [
            124.72707,
            8.48085
          ],
          [
            124.72724,
            8.48096
          ],
          [
            124.72743,
            8.48109
          ],
          [
            124.72781,
            8.48135
          ],
          [
            124.72789,
            8.4814
          ],
          [
            124.72791,
            8.48142
          ],
          [
            124.72823,
            8.48166
          ],
          [
            124.7284,
            8.48178
          ],
          [
            124.72851,
            8.48186
          ],
          [
            124.72869,
            8.48198
          ],
          [
            124.72891,
            8.48215
          ],
          [
            124.72915,
            8.48235
          ],
          [
            124.72934,
            8.4825
          ],
          [
            124.72948,
            8.48262
          ],
          [
            124.72951,
            8.4827
          ],
          [
            124.72973,
            8.48288
          ],
          [
            124.72996,
            8.48305
          ],
          [
            124.73014,
            8.48319
          ],
          [
            124.7305,
            8.48349
          ],
          [
            124.73057,
            8.48355
          ],
          [
            124.73068,
            8.48364
          ],
          [
            124.73076,
            8.4837
          ],
          [
            124.73085,
            8.48377
          ],
          [
            124.73106,
            8.48392
          ],
          [
            124.73119,
            8.48401
          ],
          [
            124.73131,
            8.48408
          ],
          [
            124.7315,
            8.48421
          ],
          [
            124.73169,
            8.48432
          ],
          [
            124.73251,
            8.48482
          ],
          [
            124.73291,
            8.48505
          ],
          [
            124.73302,
            8.48511
          ],
          [
            124.73322,
            8.48523
          ],
          [
            124.73345,
            8.48536
          ],
          [
            124.73394,
            8.48564
          ],
          [
            124.73398,
            8.48567
          ],
          [
            124.73442,
            8.48594
          ],
          [
            124.73477,
            8.48618
          ],
          [
            124.73489,
            8.48626
          ],
          [
            124.73553,
            8.48669
          ],
          [
            124.73636,
            8.48729
          ],
          [
            124.73676,
            8.48759
          ],
          [
            124.73705,
            8.4878
          ],
          [
            124.73739,
            8.48804
          ],
          [
            124.73751,
            8.48813
          ],
          [
            124.73774,
            8.48827
          ],
          [
            124.73798,
            8.48843
          ],
          [
            124.73818,
            8.48858
          ],
          [
            124.73824,
            8.48862
          ],
          [
            124.73833,
            8.48869
          ],
          [
            124.73865,
            8.48889
          ],
          [
            124.73899,
            8.48913
          ],
          [
            124.73905,
            8.48918
          ],
          [
            124.73934,
            8.48942
          ],
          [
            124.73941,
            8.48948
          ],
          [
            124.73965,
            8.48968
          ],
          [
            124.7398,
            8.4898
          ],
          [
            124.74023,
            8.49025
          ],
          [
            124.74079,
            8.49078
          ],
          [
            124.74142,
            8.49136
          ],
          [
            124.74195,
            8.49185
          ],
          [
            124.74209,
            8.49198
          ],
          [
            124.74222,
            8.4921
          ],
          [
            124.74227,
            8.49214
          ],
          [
            124.74236,
            8.49223
          ],
          [
            124.74283,
            8.49265
          ],
          [
            124.74306,
            8.49286
          ],
          [
            124.74329,
            8.49307
          ],
          [
            124.7435,
            8.49326
          ],
          [
            124.74369,
            8.49344
          ],
          [
            124.74383,
            8.49356
          ],
          [
            124.74391,
            8.49364
          ],
          [
            124.74424,
            8.49394
          ],
          [
            124.74451,
            8.49418
          ],
          [
            124.74461,
            8.49427
          ],
          [
            124.74545,
            8.49501
          ],
          [
            124.74569,
            8.49524
          ],
          [
            124.74588,
            8.49542
          ],
          [
            124.74602,
            8.49555
          ],
          [
            124.74617,
            8.49569
          ],
          [
            124.74632,
            8.49585
          ],
          [
            124.74644,
            8.49598
          ],
          [
            124.74656,
            8.49611
          ],
          [
            124.7468,
            8.49639
          ],
          [
            124.74691,
            8.49651
          ],
          [
            124.74701,
            8.49663
          ],
          [
            124.74708,
            8.49672
          ],
          [
            124.74715,
            8.4968
          ],
          [
            124.7473,
            8.49702
          ],
          [
            124.74757,
            8.49737
          ],
          [
            124.74773,
            8.49759
          ],
          [
            124.74789,
            8.49781
          ],
          [
            124.74797,
            8.49793
          ],
          [
            124.74806,
            8.49806
          ],
          [
            124.74825,
            8.49834
          ],
          [
            124.74871,
            8.49903
          ],
          [
            124.74886,
            8.49923
          ],
          [
            124.74887,
            8.49926
          ],
          [
            124.74902,
            8.49944
          ],
          [
            124.74904,
            8.49947
          ],
          [
            124.74905,
            8.49949
          ],
          [
            124.74923,
            8.49972
          ],
          [
            124.74924,
            8.49976
          ],
          [
            124.74929,
            8.49987
          ],
          [
            124.74932,
            8.49991
          ],
          [
            124.74937,
            8.49997
          ],
          [
            124.74957,
            8.5002
          ],
          [
            124.74988,
            8.50049
          ],
          [
            124.75035,
            8.50091
          ],
          [
            124.75045,
            8.50099
          ],
          [
            124.75071,
            8.50122
          ],
          [
            124.75095,
            8.50142
          ],
          [
            124.75101,
            8.50147
          ],
          [
            124.75114,
            8.50159
          ],
          [
            124.75122,
            8.50165
          ],
          [
            124.75144,
            8.50183
          ],
          [
            124.75173,
            8.50205
          ],
          [
            124.75188,
            8.50217
          ],
          [
            124.75192,
            8.50219
          ],
          [
            124.75195,
            8.50219
          ],
          [
            124.75205,
            8.5022
          ],
          [
            124.7522,
            8.50233
          ],
          [
            124.75236,
            8.50247
          ],
          [
            124.75262,
            8.50271
          ],
          [
            124.75283,
            8.50294
          ],
          [
            124.753,
            8.50314
          ],
          [
            124.7531,
            8.50327
          ],
          [
            124.75313,
            8.5033
          ],
          [
            124.75327,
            8.50349
          ],
          [
            124.75338,
            8.50361
          ],
          [
            124.75354,
            8.50387
          ],
          [
            124.7536,
            8.50397
          ],
          [
            124.75366,
            8.5041
          ],
          [
            124.7537,
            8.50419
          ],
          [
            124.75373,
            8.5043
          ],
          [
            124.75375,
            8.50443
          ],
          [
            124.75376,
            8.5045
          ],
          [
            124.75378,
            8.50461
          ],
          [
            124.75378,
            8.50471
          ],
          [
            124.75378,
            8.50486
          ],
          [
            124.75377,
            8.50502
          ],
          [
            124.75376,
            8.50525
          ],
          [
            124.75374,
            8.50547
          ],
          [
            124.75373,
            8.50591
          ],
          [
            124.75367,
            8.50682
          ],
          [
            124.75367,
            8.50695
          ],
          [
            124.75367,
            8.50713
          ],
          [
            124.75368,
            8.50726
          ],
          [
            124.75369,
            8.50735
          ],
          [
            124.7537,
            8.50744
          ],
          [
            124.75371,
            8.50752
          ],
          [
            124.75373,
            8.50761
          ],
          [
            124.75375,
            8.50771
          ],
          [
            124.75378,
            8.50783
          ],
          [
            124.75382,
            8.50796
          ],
          [
            124.75387,
            8.50812
          ],
          [
            124.75392,
            8.50826
          ],
          [
            124.75399,
            8.50842
          ],
          [
            124.75401,
            8.50846
          ],
          [
            124.75409,
            8.50865
          ],
          [
            124.75453,
            8.50846
          ],
          [
            124.75438,
            8.50812
          ],
          [
            124.75429,
            8.50787
          ],
          [
            124.75424,
            8.50772
          ],
          [
            124.75422,
            8.50763
          ],
          [
            124.75419,
            8.50723
          ],
          [
            124.7542,
            8.5068
          ],
          [
            124.75462,
            8.50679
          ],
          [
            124.75582,
            8.5068
          ],
          [
            124.75586,
            8.5068
          ],
          [
            124.75625,
            8.50681
          ],
          [
            124.75668,
            8.5068
          ],
          [
            124.75715,
            8.5068
          ],
          [
            124.7576,
            8.50679
          ],
          [
            124.75806,
            8.50679
          ],
          [
            124.75851,
            8.50682
          ],
          [
            124.75897,
            8.50681
          ],
          [
            124.7594,
            8.50681
          ],
          [
            124.75986,
            8.50679
          ],
          [
            124.76002,
            8.50677
          ],
          [
            124.76015,
            8.50673
          ],
          [
            124.7603,
            8.5067
          ],
          [
            124.76044,
            8.50668
          ],
          [
            124.76066,
            8.50666
          ],
          [
            124.7609,
            8.50665
          ],
          [
            124.7612,
            8.50665
          ],
          [
            124.76139,
            8.50665
          ],
          [
            124.76161,
            8.50666
          ],
          [
            124.76162,
            8.50666
          ],
          [
            124.76177,
            8.50668
          ],
          [
            124.76181,
            8.50668
          ],
          [
            124.76194,
            8.5067
          ],
          [
            124.76244,
            8.50678
          ],
          [
            124.76258,
            8.50679
          ],
          [
            124.76268,
            8.50679
          ],
          [
            124.76287,
            8.50677
          ],
          [
            124.76335,
            8.50671
          ],
          [
            124.76379,
            8.50668
          ],
          [
            124.76424,
            8.50666
          ],
          [
            124.76469,
            8.50665
          ],
          [
            124.76516,
            8.50669
          ],
          [
            124.76563,
            8.50676
          ],
          [
            124.76605,
            8.50685
          ],
          [
            124.76648,
            8.50694
          ],
          [
            124.76687,
            8.50697
          ],
          [
            124.76705,
            8.50699
          ],
          [
            124.76729,
            8.50702
          ],
          [
            124.76734,
            8.50702
          ],
          [
            124.76752,
            8.50704
          ],
          [
            124.76776,
            8.50707
          ],
          [
            124.76804,
            8.50708
          ],
          [
            124.7682,
            8.50709
          ],
          [
            124.76852,
            8.50712
          ],
          [
            124.7687,
            8.50716
          ],
          [
            124.76875,
            8.50718
          ],
          [
            124.76892,
            8.50723
          ],
          [
            124.76912,
            8.50729
          ],
          [
            124.76938,
            8.50737
          ],
          [
            124.76944,
            8.50739
          ],
          [
            124.76948,
            8.50741
          ],
          [
            124.76955,
            8.50745
          ],
          [
            124.76962,
            8.50749
          ],
          [
            124.76971,
            8.50762
          ],
          [
            124.76973,
            8.50764
          ],
          [
            124.76997,
            8.50801
          ],
          [
            124.77007,
            8.50813
          ],
          [
            124.77035,
            8.50847
          ],
          [
            124.77055,
            8.50872
          ],
          [
            124.77064,
            8.50883
          ],
          [
            124.77074,
            8.50888
          ],
          [
            124.77081,
            8.50892
          ],
          [
            124.77095,
            8.50895
          ],
          [
            124.7708,
            8.50927
          ],
          [
            124.77068,
            8.50952
          ],
          [
            124.77049,
            8.50988
          ],
          [
            124.77035,
            8.51017
          ],
          [
            124.77089,
            8.5102
          ],
          [
            124.77198,
            8.51025
          ],
          [
            124.77209,
            8.51025
          ],
          [
            124.7721,
            8.51025
          ]
        ]
      },
      "properties": {
        "name": "Bugo (R2) – Cogon Public Market"
      }
    },
    {
      "type": "Feature",
      "geometry": {
        "type": "LineString",
        "coordinates": [
          [
            124.70522,
            8.46986
          ],
          [
            124.70518,
            8.46985
          ],
          [
            124.70512,
            8.46984
          ],
          [
            124.70455,
            8.46971
          ],
          [
            124.70442,
            8.46968
          ],
          [
            124.7041,
            8.46965
          ],
          [
            124.70376,
            8.46965
          ],
          [
            124.70352,
            8.46967
          ],
          [
            124.70331,
            8.46969
          ],
          [
            124.70321,
            8.46971
          ],
          [
            124.70304,
            8.46974
          ],
          [
            124.7028,
            8.4698
          ],
          [
            124.70269,
            8.46984
          ],
          [
            124.70267,
            8.46985
          ],
          [
            124.70252,
            8.4699
          ],
          [
            124.70245,
            8.46993
          ],
          [
            124.70231,
            8.46999
          ],
          [
            124.70182,
            8.4702
          ],
          [
            124.70173,
            8.47026
          ],
          [
            124.70123,
            8.47048
          ],
          [
            124.7007,
            8.47073
          ],
          [
            124.70011,
            8.47101
          ],
          [
            124.69951,
            8.4713
          ],
          [
            124.69923,
            8.47142
          ],
          [
            124.69911,
            8.47149
          ],
          [
            124.69789,
            8.47207
          ],
          [
            124.69733,
            8.47234
          ],
          [
            124.69713,
            8.47244
          ],
          [
            124.69644,
            8.47277
          ],
          [
            124.69535,
            8.47331
          ],
          [
            124.69468,
            8.47363
          ],
          [
            124.6943,
            8.4738
          ],
          [
            124.69425,
            8.47382
          ],
          [
            124.69398,
            8.47394
          ],
          [
            124.69384,
            8.47403
          ],
          [
            124.69349,
            8.47419
          ],
          [
            124.69304,
            8.4744
          ],
          [
            124.69255,
            8.47461
          ],
          [
            124.6923,
            8.47471
          ],
          [
            124.69224,
            8.47475
          ],
          [
            124.69219,
            8.47477
          ],
          [
            124.69212,
            8.47479
          ],
          [
            124.69199,
            8.47483
          ],
          [
            124.69185,
            8.47485
          ],
          [
            124.69172,
            8.47487
          ],
          [
            124.69164,
            8.47487
          ],
          [
            124.69154,
            8.47488
          ],
          [
            124.69143,
            8.47488
          ],
          [
            124.69078,
            8.47486
          ],
          [
            124.69004,
            8.47483
          ],
          [
            124.69003,
            8.47483
          ],
          [
            124.68868,
            8.47477
          ],
          [
            124.68795,
            8.47475
          ],
          [
            124.68774,
            8.47474
          ],
          [
            124.68747,
            8.47472
          ],
          [
            124.68723,
            8.4747
          ],
          [
            124.68708,
            8.47468
          ],
          [
            124.68703,
            8.47467
          ],
          [
            124.68702,
            8.47466
          ],
          [
            124.68701,
            8.47466
          ],
          [
            124.68701,
            8.47465
          ],
          [
            124.687,
            8.47465
          ],
          [
            124.68586,
            8.47451
          ],
          [
            124.68494,
            8.47435
          ],
          [
            124.68378,
            8.47418
          ],
          [
            124.68371,
            8.47418
          ],
          [
            124.68351,
            8.47417
          ],
          [
            124.68333,
            8.47417
          ],
          [
            124.68322,
            8.47417
          ],
          [
            124.68316,
            8.47418
          ],
          [
            124.68307,
            8.47419
          ],
          [
            124.68294,
            8.4742
          ],
          [
            124.68282,
            8.47422
          ],
          [
            124.68257,
            8.47426
          ],
          [
            124.68246,
            8.47427
          ],
          [
            124.68216,
            8.47432
          ],
          [
            124.68213,
            8.47432
          ],
          [
            124.68194,
            8.47435
          ],
          [
            124.68174,
            8.47439
          ],
          [
            124.68158,
            8.47444
          ],
          [
            124.68144,
            8.47448
          ],
          [
            124.68128,
            8.47454
          ],
          [
            124.6811,
            8.47462
          ],
          [
            124.68089,
            8.47473
          ],
          [
            124.68059,
            8.47493
          ],
          [
            124.68037,
            8.47509
          ],
          [
            124.67984,
            8.47545
          ],
          [
            124.67958,
            8.47564
          ],
          [
            124.67933,
            8.4758
          ],
          [
            124.67906,
            8.47598
          ],
          [
            124.67836,
            8.47645
          ],
          [
            124.6774,
            8.47703
          ],
          [
            124.67687,
            8.47732
          ],
          [
            124.67665,
            8.47743
          ],
          [
            124.67543,
            8.47812
          ],
          [
            124.67511,
            8.4783
          ],
          [
            124.67295,
            8.47951
          ],
          [
            124.67251,
            8.47974
          ],
          [
            124.67241,
            8.47978
          ],
          [
            124.67211,
            8.47994
          ],
          [
            124.67176,
            8.48013
          ],
          [
            124.67165,
            8.48019
          ],
          [
            124.67157,
            8.48022
          ],
          [
            124.67131,
            8.48036
          ],
          [
            124.67106,
            8.48049
          ],
          [
            124.67071,
            8.48067
          ],
          [
            124.67059,
            8.48073
          ],
          [
            124.67027,
            8.48091
          ],
          [
            124.66993,
            8.48107
          ],
          [
            124.66984,
            8.48111
          ],
          [
            124.6697,
            8.48118
          ],
          [
            124.66957,
            8.48123
          ],
          [
            124.66931,
            8.48134
          ],
          [
            124.66889,
            8.4815
          ],
          [
            124.66844,
            8.48167
          ],
          [
            124.66835,
            8.48169
          ],
          [
            124.66813,
            8.48177
          ],
          [
            124.66688,
            8.48214
          ],
          [
            124.66666,
            8.4822
          ],
          [
            124.66612,
            8.48235
          ],
          [
            124.66607,
            8.48236
          ],
          [
            124.66527,
            8.48257
          ],
          [
            124.66451,
            8.48277
          ],
          [
            124.66428,
            8.48283
          ],
          [
            124.66407,
            8.48289
          ],
          [
            124.66398,
            8.48291
          ],
          [
            124.66369,
            8.48298
          ],
          [
            124.66351,
            8.48301
          ],
          [
            124.66262,
            8.48322
          ],
          [
            124.66178,
            8.48342
          ],
          [
            124.66166,
            8.48345
          ],
          [
            124.66074,
            8.48367
          ],
          [
            124.66003,
            8.48383
          ],
          [
            124.65945,
            8.48397
          ],
          [
            124.6594,
            8.48398
          ],
          [
            124.65914,
            8.48409
          ],
          [
            124.65901,
            8.48412
          ],
          [
            124.65893,
            8.48414
          ],
          [
            124.6587,
            8.48419
          ],
          [
            124.65849,
            8.48423
          ],
          [
            124.65801,
            8.48434
          ],
          [
            124.6577,
            8.48441
          ],
          [
            124.65709,
            8.48455
          ],
          [
            124.65697,
            8.48458
          ],
          [
            124.65662,
            8.48466
          ],
          [
            124.65642,
            8.48469
          ],
          [
            124.65577,
            8.48485
          ],
          [
            124.65558,
            8.48489
          ],
          [
            124.65524,
            8.48496
          ],
          [
            124.65514,
            8.48498
          ],
          [
            124.65506,
            8.485
          ],
          [
            124.65451,
            8.48511
          ],
          [
            124.65382,
            8.48525
          ],
          [
            124.65365,
            8.48528
          ],
          [
            124.65226,
            8.48558
          ],
          [
            124.65214,
            8.48561
          ],
          [
            124.65121,
            8.48582
          ],
          [
            124.6505,
            8.48598
          ],
          [
            124.64988,
            8.48612
          ],
          [
            124.64983,
            8.48608
          ],
          [
            124.64968,
            8.48612
          ],
          [
            124.64965,
            8.48616
          ],
          [
            124.64964,
            8.48617
          ],
          [
            124.64961,
            8.48618
          ],
          [
            124.64958,
            8.4862
          ],
          [
            124.64949,
            8.48623
          ],
          [
            124.64832,
            8.48649
          ],
          [
            124.64821,
            8.48633
          ],
          [
            124.64811,
            8.4862
          ],
          [
            124.64806,
            8.48612
          ],
          [
            124.64791,
            8.48587
          ],
          [
            124.64771,
            8.48553
          ],
          [
            124.64735,
            8.48491
          ],
          [
            124.64672,
            8.48525
          ],
          [
            124.64618,
            8.48556
          ],
          [
            124.64573,
            8.48502
          ],
          [
            124.64529,
            8.48448
          ],
          [
            124.64505,
            8.4842
          ],
          [
            124.64491,
            8.48404
          ],
          [
            124.64484,
            8.48395
          ],
          [
            124.64475,
            8.48386
          ],
          [
            124.64468,
            8.48376
          ],
          [
            124.64454,
            8.48358
          ],
          [
            124.64447,
            8.48347
          ],
          [
            124.6444,
            8.48335
          ],
          [
            124.64436,
            8.48327
          ],
          [
            124.64431,
            8.48316
          ],
          [
            124.64424,
            8.48297
          ],
          [
            124.64418,
            8.48282
          ],
          [
            124.6441,
            8.48259
          ],
          [
            124.64405,
            8.48244
          ],
          [
            124.6439,
            8.48209
          ],
          [
            124.64371,
            8.48161
          ],
          [
            124.64369,
            8.48155
          ],
          [
            124.64355,
            8.48118
          ],
          [
            124.64334,
            8.48058
          ],
          [
            124.64312,
            8.47997
          ],
          [
            124.64297,
            8.47955
          ],
          [
            124.64282,
            8.47914
          ],
          [
            124.64263,
            8.47859
          ],
          [
            124.64248,
            8.47819
          ],
          [
            124.6424,
            8.47796
          ],
          [
            124.64226,
            8.47756
          ],
          [
            124.64285,
            8.47738
          ],
          [
            124.64338,
            8.47719
          ],
          [
            124.64408,
            8.47693
          ],
          [
            124.64497,
            8.47663
          ],
          [
            124.64583,
            8.4764
          ],
          [
            124.64588,
            8.47661
          ],
          [
            124.64589,
            8.47667
          ],
          [
            124.64591,
            8.47672
          ],
          [
            124.64597,
            8.47703
          ],
          [
            124.64603,
            8.47726
          ],
          [
            124.64606,
            8.4774
          ],
          [
            124.64614,
            8.47778
          ],
          [
            124.64614,
            8.47779
          ],
          [
            124.64617,
            8.47789
          ],
          [
            124.6462,
            8.47799
          ],
          [
            124.64621,
            8.47801
          ],
          [
            124.64623,
            8.47807
          ],
          [
            124.64627,
            8.47816
          ],
          [
            124.64627,
            8.47817
          ],
          [
            124.64635,
            8.47835
          ],
          [
            124.64643,
            8.47849
          ],
          [
            124.64663,
            8.47841
          ],
          [
            124.64688,
            8.47832
          ],
          [
            124.64789,
            8.4779
          ],
          [
            124.64843,
            8.47767
          ],
          [
            124.64856,
            8.47763
          ],
          [
            124.64866,
            8.47759
          ],
          [
            124.64888,
            8.47754
          ],
          [
            124.64919,
            8.47746
          ],
          [
            124.64939,
            8.47741
          ],
          [
            124.64943,
            8.47735
          ],
          [
            124.64945,
            8.47732
          ],
          [
            124.6495,
            8.47728
          ],
          [
            124.64954,
            8.47726
          ],
          [
            124.64959,
            8.47724
          ],
          [
            124.64974,
            8.47719
          ],
          [
            124.65003,
            8.47712
          ],
          [
            124.65006,
            8.47724
          ],
          [
            124.65024,
            8.47786
          ],
          [
            124.65024,
            8.47786
          ],
          [
            124.65026,
            8.47796
          ],
          [
            124.64985,
            8.47803
          ],
          [
            124.64967,
            8.47806
          ],
          [
            124.64958,
            8.47808
          ],
          [
            124.64953,
            8.47809
          ],
          [
            124.6495,
            8.4781
          ],
          [
            124.64945,
            8.47814
          ],
          [
            124.64936,
            8.47823
          ],
          [
            124.64918,
            8.478
          ],
          [
            124.64917,
            8.47799
          ],
          [
            124.64915,
            8.47799
          ],
          [
            124.64914,
            8.47798
          ],
          [
            124.64911,
            8.47798
          ],
          [
            124.64908,
            8.47799
          ],
          [
            124.64905,
            8.47801
          ],
          [
            124.64899,
            8.47806
          ],
          [
            124.64876,
            8.47828
          ],
          [
            124.64845,
            8.47857
          ],
          [
            124.64834,
            8.47865
          ],
          [
            124.64827,
            8.4787
          ],
          [
            124.64823,
            8.47872
          ],
          [
            124.6482,
            8.47874
          ],
          [
            124.64813,
            8.47877
          ],
          [
            124.64796,
            8.47882
          ],
          [
            124.64773,
            8.47889
          ],
          [
            124.6475,
            8.47896
          ],
          [
            124.64722,
            8.47906
          ],
          [
            124.64687,
            8.47922
          ],
          [
            124.64657,
            8.47936
          ],
          [
            124.64626,
            8.4795
          ],
          [
            124.64593,
            8.47965
          ],
          [
            124.64578,
            8.47973
          ],
          [
            124.64561,
            8.47979
          ],
          [
            124.6453,
            8.4799
          ],
          [
            124.64483,
            8.48004
          ],
          [
            124.64504,
            8.48068
          ],
          [
            124.64517,
            8.48109
          ],
          [
            124.64521,
            8.48123
          ],
          [
            124.64524,
            8.4813
          ],
          [
            124.64528,
            8.48138
          ],
          [
            124.64533,
            8.48151
          ],
          [
            124.64537,
            8.48161
          ],
          [
            124.64541,
            8.48166
          ],
          [
            124.64546,
            8.48177
          ],
          [
            124.6456,
            8.48204
          ],
          [
            124.64597,
            8.48266
          ],
          [
            124.64603,
            8.48276
          ],
          [
            124.64628,
            8.48315
          ],
          [
            124.64661,
            8.48366
          ],
          [
            124.64702,
            8.48436
          ],
          [
            124.64718,
            8.48463
          ],
          [
            124.64735,
            8.48491
          ],
          [
            124.64771,
            8.48553
          ],
          [
            124.64791,
            8.48587
          ],
          [
            124.64806,
            8.48612
          ],
          [
            124.64811,
            8.4862
          ],
          [
            124.64821,
            8.48633
          ],
          [
            124.64911,
            8.48616
          ],
          [
            124.64957,
            8.48608
          ],
          [
            124.64958,
            8.48608
          ],
          [
            124.64961,
            8.48609
          ],
          [
            124.64968,
            8.48612
          ],
          [
            124.64983,
            8.48608
          ],
          [
            124.64986,
            8.48603
          ],
          [
            124.65048,
            8.48589
          ],
          [
            124.65119,
            8.48573
          ],
          [
            124.65212,
            8.48552
          ],
          [
            124.65224,
            8.4855
          ],
          [
            124.65363,
            8.4852
          ],
          [
            124.6538,
            8.48516
          ],
          [
            124.65449,
            8.48502
          ],
          [
            124.65504,
            8.48491
          ],
          [
            124.65512,
            8.48489
          ],
          [
            124.65522,
            8.48487
          ],
          [
            124.65556,
            8.4848
          ],
          [
            124.65575,
            8.48476
          ],
          [
            124.65641,
            8.48461
          ],
          [
            124.6566,
            8.48457
          ],
          [
            124.65695,
            8.48449
          ],
          [
            124.65707,
            8.48446
          ],
          [
            124.65768,
            8.48432
          ],
          [
            124.65799,
            8.48425
          ],
          [
            124.65847,
            8.48415
          ],
          [
            124.65868,
            8.4841
          ],
          [
            124.65891,
            8.48405
          ],
          [
            124.65898,
            8.48404
          ],
          [
            124.65911,
            8.484
          ],
          [
            124.6594,
            8.48398
          ],
          [
            124.65945,
            8.48397
          ],
          [
            124.66003,
            8.48383
          ],
          [
            124.66074,
            8.48367
          ],
          [
            124.66166,
            8.48345
          ],
          [
            124.66178,
            8.48342
          ],
          [
            124.66262,
            8.48322
          ],
          [
            124.66351,
            8.48301
          ],
          [
            124.66369,
            8.48298
          ],
          [
            124.66398,
            8.48291
          ],
          [
            124.66407,
            8.48289
          ],
          [
            124.66428,
            8.48283
          ],
          [
            124.66451,
            8.48277
          ],
          [
            124.66527,
            8.48257
          ],
          [
            124.66607,
            8.48236
          ],
          [
            124.66612,
            8.48235
          ],
          [
            124.66666,
            8.4822
          ],
          [
            124.66688,
            8.48214
          ],
          [
            124.66813,
            8.48177
          ],
          [
            124.66835,
            8.48169
          ],
          [
            124.66844,
            8.48167
          ],
          [
            124.66889,
            8.4815
          ],
          [
            124.66931,
            8.48134
          ],
          [
            124.66957,
            8.48123
          ],
          [
            124.6697,
            8.48118
          ],
          [
            124.66984,
            8.48111
          ],
          [
            124.66993,
            8.48107
          ],
          [
            124.67027,
            8.48091
          ],
          [
            124.67059,
            8.48073
          ],
          [
            124.67071,
            8.48067
          ],
          [
            124.67106,
            8.48049
          ],
          [
            124.67131,
            8.48036
          ],
          [
            124.67157,
            8.48022
          ],
          [
            124.67165,
            8.48019
          ],
          [
            124.67176,
            8.48013
          ],
          [
            124.67211,
            8.47994
          ],
          [
            124.67241,
            8.47978
          ],
          [
            124.67251,
            8.47974
          ],
          [
            124.67295,
            8.47951
          ],
          [
            124.67511,
            8.4783
          ],
          [
            124.67543,
            8.47812
          ],
          [
            124.67665,
            8.47743
          ],
          [
            124.67687,
            8.47732
          ],
          [
            124.6774,
            8.47703
          ],
          [
            124.67836,
            8.47645
          ],
          [
            124.67906,
            8.47598
          ],
          [
            124.67933,
            8.4758
          ],
          [
            124.67958,
            8.47564
          ],
          [
            124.67984,
            8.47545
          ],
          [
            124.68037,
            8.47509
          ],
          [
            124.68059,
            8.47493
          ],
          [
            124.68089,
            8.47473
          ],
          [
            124.6811,
            8.47462
          ],
          [
            124.68128,
            8.47454
          ],
          [
            124.68144,
            8.47448
          ],
          [
            124.68158,
            8.47444
          ],
          [
            124.68174,
            8.47439
          ],
          [
            124.68194,
            8.47435
          ],
          [
            124.68213,
            8.47432
          ],
          [
            124.68216,
            8.47432
          ],
          [
            124.68246,
            8.47427
          ],
          [
            124.68257,
            8.47426
          ],
          [
            124.68282,
            8.47422
          ],
          [
            124.68294,
            8.4742
          ],
          [
            124.68307,
            8.47419
          ],
          [
            124.68316,
            8.47418
          ],
          [
            124.68322,
            8.47417
          ],
          [
            124.68333,
            8.47417
          ],
          [
            124.68351,
            8.47417
          ],
          [
            124.68371,
            8.47418
          ],
          [
            124.68378,
            8.47418
          ],
          [
            124.68494,
            8.47435
          ],
          [
            124.68586,
            8.47451
          ],
          [
            124.687,
            8.47465
          ],
          [
            124.68711,
            8.47463
          ],
          [
            124.68725,
            8.47462
          ],
          [
            124.68748,
            8.47462
          ],
          [
            124.68776,
            8.47463
          ],
          [
            124.68783,
            8.47464
          ],
          [
            124.68796,
            8.47464
          ],
          [
            124.6887,
            8.47467
          ],
          [
            124.68921,
            8.47471
          ],
          [
            124.68961,
            8.47473
          ],
          [
            124.69003,
            8.47474
          ],
          [
            124.69006,
            8.47474
          ],
          [
            124.69081,
            8.47476
          ],
          [
            124.69091,
            8.47477
          ],
          [
            124.69125,
            8.47478
          ],
          [
            124.6914,
            8.47479
          ],
          [
            124.69153,
            8.47479
          ],
          [
            124.69162,
            8.47479
          ],
          [
            124.69171,
            8.47478
          ],
          [
            124.69183,
            8.47477
          ],
          [
            124.69198,
            8.47475
          ],
          [
            124.69215,
            8.47472
          ],
          [
            124.69221,
            8.4747
          ],
          [
            124.69223,
            8.4747
          ],
          [
            124.69224,
            8.4747
          ],
          [
            124.69226,
            8.4747
          ],
          [
            124.69228,
            8.4747
          ],
          [
            124.69229,
            8.4747
          ],
          [
            124.6923,
            8.47471
          ],
          [
            124.69255,
            8.47461
          ],
          [
            124.69304,
            8.4744
          ],
          [
            124.69349,
            8.47419
          ],
          [
            124.69384,
            8.47403
          ],
          [
            124.69398,
            8.47394
          ],
          [
            124.69425,
            8.47382
          ],
          [
            124.6943,
            8.4738
          ],
          [
            124.69468,
            8.47363
          ],
          [
            124.69535,
            8.47331
          ],
          [
            124.69644,
            8.47277
          ],
          [
            124.69713,
            8.47244
          ],
          [
            124.69733,
            8.47234
          ],
          [
            124.69789,
            8.47207
          ],
          [
            124.69911,
            8.47149
          ],
          [
            124.69916,
            8.47152
          ],
          [
            124.6992,
            8.47153
          ],
          [
            124.69924,
            8.47153
          ],
          [
            124.69933,
            8.47153
          ],
          [
            124.69947,
            8.47152
          ],
          [
            124.69968,
            8.47148
          ],
          [
            124.70049,
            8.47137
          ],
          [
            124.70139,
            8.47125
          ],
          [
            124.70209,
            8.47115
          ],
          [
            124.70225,
            8.47113
          ],
          [
            124.70241,
            8.47111
          ],
          [
            124.70272,
            8.47106
          ],
          [
            124.70307,
            8.471
          ],
          [
            124.7032,
            8.47097
          ],
          [
            124.70329,
            8.47094
          ],
          [
            124.70336,
            8.47092
          ],
          [
            124.70345,
            8.47088
          ],
          [
            124.7037,
            8.47075
          ],
          [
            124.70389,
            8.47061
          ],
          [
            124.70418,
            8.4704
          ],
          [
            124.70442,
            8.47022
          ],
          [
            124.70454,
            8.47016
          ],
          [
            124.7046,
            8.47013
          ],
          [
            124.70475,
            8.47007
          ],
          [
            124.70488,
            8.47002
          ],
          [
            124.70492,
            8.47
          ],
          [
            124.70496,
            8.46997
          ],
          [
            124.70512,
            8.46984
          ],
          [
            124.70518,
            8.46985
          ],
          [
            124.70523,
            8.46987
          ],
          [
            124.70522,
            8.46986
          ]
        ]
      },
      "properties": {
        "name": "Cugman – Cogon Public Market"
      }
    },
    {
      "type": "Feature",
      "geometry": {
        "type": "LineString",
        "coordinates": [
          [
            124.72134,
            8.45944
          ],
          [
            124.72117,
            8.45941
          ],
          [
            124.72068,
            8.45934
          ],
          [
            124.7205,
            8.4593
          ],
          [
            124.72032,
            8.45927
          ],
          [
            124.72016,
            8.45923
          ],
          [
            124.72015,
            8.45923
          ],
          [
            124.71997,
            8.4592
          ],
          [
            124.71996,
            8.4592
          ],
          [
            124.71979,
            8.45917
          ],
          [
            124.71975,
            8.45917
          ],
          [
            124.71961,
            8.45914
          ],
          [
            124.71943,
            8.45909
          ],
          [
            124.71926,
            8.45905
          ],
          [
            124.71908,
            8.459
          ],
          [
            124.71891,
            8.45895
          ],
          [
            124.71883,
            8.45894
          ],
          [
            124.71873,
            8.45892
          ],
          [
            124.71855,
            8.4589
          ],
          [
            124.71838,
            8.45887
          ],
          [
            124.71837,
            8.45887
          ],
          [
            124.71819,
            8.45884
          ],
          [
            124.71801,
            8.45881
          ],
          [
            124.71798,
            8.4588
          ],
          [
            124.71783,
            8.45877
          ],
          [
            124.71769,
            8.45875
          ],
          [
            124.71765,
            8.45874
          ],
          [
            124.71747,
            8.45872
          ],
          [
            124.71739,
            8.4587
          ],
          [
            124.71729,
            8.4587
          ],
          [
            124.71711,
            8.45868
          ],
          [
            124.71708,
            8.45868
          ],
          [
            124.71693,
            8.45867
          ],
          [
            124.71684,
            8.45866
          ],
          [
            124.71675,
            8.45863
          ],
          [
            124.71669,
            8.4586
          ],
          [
            124.71659,
            8.45854
          ],
          [
            124.71658,
            8.45854
          ],
          [
            124.71644,
            8.45846
          ],
          [
            124.71643,
            8.45846
          ],
          [
            124.71638,
            8.45842
          ],
          [
            124.71627,
            8.45838
          ],
          [
            124.71621,
            8.45835
          ],
          [
            124.7161,
            8.45831
          ],
          [
            124.71593,
            8.45824
          ],
          [
            124.7159,
            8.45823
          ],
          [
            124.71576,
            8.45818
          ],
          [
            124.71559,
            8.45812
          ],
          [
            124.71545,
            8.45808
          ],
          [
            124.71542,
            8.45807
          ],
          [
            124.71528,
            8.45805
          ],
          [
            124.71524,
            8.45805
          ],
          [
            124.71517,
            8.45805
          ],
          [
            124.71506,
            8.45806
          ],
          [
            124.71501,
            8.45806
          ],
          [
            124.71488,
            8.45811
          ],
          [
            124.71485,
            8.45812
          ],
          [
            124.71472,
            8.45819
          ],
          [
            124.7147,
            8.4582
          ],
          [
            124.71457,
            8.45828
          ],
          [
            124.71456,
            8.45828
          ],
          [
            124.7145,
            8.45829
          ],
          [
            124.71444,
            8.4583
          ],
          [
            124.71438,
            8.45829
          ],
          [
            124.71437,
            8.45829
          ],
          [
            124.7142,
            8.45828
          ],
          [
            124.71402,
            8.45827
          ],
          [
            124.71396,
            8.45826
          ],
          [
            124.71384,
            8.45827
          ],
          [
            124.71374,
            8.45827
          ],
          [
            124.71366,
            8.45828
          ],
          [
            124.71349,
            8.4583
          ],
          [
            124.71348,
            8.4583
          ],
          [
            124.71341,
            8.45832
          ],
          [
            124.71332,
            8.45836
          ],
          [
            124.71331,
            8.45836
          ],
          [
            124.71327,
            8.45839
          ],
          [
            124.71323,
            8.45843
          ],
          [
            124.71321,
            8.45846
          ],
          [
            124.71319,
            8.4585
          ],
          [
            124.71318,
            8.45853
          ],
          [
            124.71317,
            8.45864
          ],
          [
            124.71317,
            8.45868
          ],
          [
            124.71316,
            8.45875
          ],
          [
            124.71314,
            8.45883
          ],
          [
            124.71313,
            8.45885
          ],
          [
            124.71311,
            8.45893
          ],
          [
            124.71306,
            8.45901
          ],
          [
            124.71306,
            8.45902
          ],
          [
            124.71304,
            8.45905
          ],
          [
            124.71299,
            8.45913
          ],
          [
            124.71296,
            8.45917
          ],
          [
            124.71292,
            8.45923
          ],
          [
            124.71288,
            8.45933
          ],
          [
            124.71285,
            8.45942
          ],
          [
            124.71283,
            8.4595
          ],
          [
            124.7128,
            8.45958
          ],
          [
            124.71277,
            8.45964
          ],
          [
            124.71275,
            8.45966
          ],
          [
            124.71274,
            8.45968
          ],
          [
            124.7127,
            8.4597
          ],
          [
            124.71262,
            8.45974
          ],
          [
            124.7126,
            8.45975
          ],
          [
            124.71243,
            8.45981
          ],
          [
            124.7124,
            8.45981
          ],
          [
            124.71234,
            8.45984
          ],
          [
            124.71227,
            8.45989
          ],
          [
            124.71226,
            8.4599
          ],
          [
            124.71221,
            8.45995
          ],
          [
            124.71214,
            8.46002
          ],
          [
            124.71212,
            8.46005
          ],
          [
            124.71205,
            8.46017
          ],
          [
            124.71198,
            8.46029
          ],
          [
            124.71195,
            8.46033
          ],
          [
            124.71186,
            8.46048
          ],
          [
            124.71179,
            8.46058
          ],
          [
            124.71176,
            8.46063
          ],
          [
            124.71166,
            8.46078
          ],
          [
            124.71156,
            8.46093
          ],
          [
            124.71146,
            8.46108
          ],
          [
            124.71137,
            8.46122
          ],
          [
            124.71135,
            8.46123
          ],
          [
            124.71133,
            8.46125
          ],
          [
            124.7113,
            8.46127
          ],
          [
            124.71125,
            8.46129
          ],
          [
            124.71119,
            8.46129
          ],
          [
            124.71101,
            8.46132
          ],
          [
            124.71088,
            8.46134
          ],
          [
            124.71056,
            8.46137
          ],
          [
            124.71039,
            8.46138
          ],
          [
            124.71022,
            8.46139
          ],
          [
            124.71012,
            8.4614
          ],
          [
            124.70974,
            8.46146
          ],
          [
            124.70907,
            8.46155
          ],
          [
            124.70874,
            8.46164
          ],
          [
            124.70869,
            8.46167
          ],
          [
            124.70866,
            8.46168
          ],
          [
            124.70859,
            8.46173
          ],
          [
            124.70854,
            8.46177
          ],
          [
            124.70849,
            8.4618
          ],
          [
            124.70836,
            8.4619
          ],
          [
            124.70824,
            8.46198
          ],
          [
            124.70807,
            8.46215
          ],
          [
            124.70783,
            8.46254
          ],
          [
            124.70778,
            8.46262
          ],
          [
            124.70768,
            8.46274
          ],
          [
            124.70747,
            8.46297
          ],
          [
            124.70742,
            8.46309
          ],
          [
            124.70736,
            8.46323
          ],
          [
            124.70731,
            8.46335
          ],
          [
            124.70726,
            8.46346
          ],
          [
            124.70724,
            8.46352
          ],
          [
            124.70719,
            8.46367
          ],
          [
            124.70713,
            8.46382
          ],
          [
            124.7071,
            8.46391
          ],
          [
            124.70709,
            8.46398
          ],
          [
            124.70708,
            8.46405
          ],
          [
            124.70705,
            8.46417
          ],
          [
            124.70707,
            8.4643
          ],
          [
            124.7071,
            8.46441
          ],
          [
            124.70713,
            8.46447
          ],
          [
            124.70717,
            8.46455
          ],
          [
            124.70734,
            8.46485
          ],
          [
            124.70745,
            8.46507
          ],
          [
            124.70749,
            8.46521
          ],
          [
            124.70753,
            8.46532
          ],
          [
            124.70757,
            8.46555
          ],
          [
            124.70757,
            8.46567
          ],
          [
            124.70755,
            8.46579
          ],
          [
            124.70745,
            8.46598
          ],
          [
            124.70733,
            8.46612
          ],
          [
            124.70726,
            8.46618
          ],
          [
            124.70722,
            8.46621
          ],
          [
            124.70715,
            8.46629
          ],
          [
            124.70709,
            8.46637
          ],
          [
            124.70706,
            8.46646
          ],
          [
            124.70703,
            8.46664
          ],
          [
            124.70702,
            8.46665
          ],
          [
            124.70701,
            8.46672
          ],
          [
            124.70688,
            8.46698
          ],
          [
            124.70687,
            8.467
          ],
          [
            124.70676,
            8.46713
          ],
          [
            124.70675,
            8.46714
          ],
          [
            124.70656,
            8.46735
          ],
          [
            124.70653,
            8.46738
          ],
          [
            124.7062,
            8.46776
          ],
          [
            124.70593,
            8.46811
          ],
          [
            124.70588,
            8.46819
          ],
          [
            124.70582,
            8.46829
          ],
          [
            124.70577,
            8.46839
          ],
          [
            124.70575,
            8.46843
          ],
          [
            124.70568,
            8.46863
          ],
          [
            124.7056,
            8.46883
          ],
          [
            124.70552,
            8.46898
          ],
          [
            124.7055,
            8.46905
          ],
          [
            124.70544,
            8.4692
          ],
          [
            124.70542,
            8.46927
          ],
          [
            124.70532,
            8.46954
          ],
          [
            124.70525,
            8.46972
          ],
          [
            124.70521,
            8.46978
          ],
          [
            124.70518,
            8.46985
          ],
          [
            124.70512,
            8.46984
          ],
          [
            124.70496,
            8.46997
          ],
          [
            124.70492,
            8.47
          ],
          [
            124.70488,
            8.47002
          ],
          [
            124.70475,
            8.47007
          ],
          [
            124.7046,
            8.47013
          ],
          [
            124.70454,
            8.47016
          ],
          [
            124.70442,
            8.47022
          ],
          [
            124.70418,
            8.4704
          ],
          [
            124.70389,
            8.47061
          ],
          [
            124.7037,
            8.47075
          ],
          [
            124.70345,
            8.47088
          ],
          [
            124.70336,
            8.47092
          ],
          [
            124.70329,
            8.47094
          ],
          [
            124.7032,
            8.47097
          ],
          [
            124.70307,
            8.471
          ],
          [
            124.70272,
            8.47106
          ],
          [
            124.70241,
            8.47111
          ],
          [
            124.70225,
            8.47113
          ],
          [
            124.70209,
            8.47115
          ],
          [
            124.70139,
            8.47125
          ],
          [
            124.70049,
            8.47137
          ],
          [
            124.69968,
            8.47148
          ],
          [
            124.69947,
            8.47152
          ],
          [
            124.69933,
            8.47153
          ],
          [
            124.69924,
            8.47153
          ],
          [
            124.6992,
            8.47153
          ],
          [
            124.69916,
            8.47152
          ],
          [
            124.69911,
            8.47149
          ],
          [
            124.69789,
            8.47207
          ],
          [
            124.69733,
            8.47234
          ],
          [
            124.69713,
            8.47244
          ],
          [
            124.69644,
            8.47277
          ],
          [
            124.69535,
            8.47331
          ],
          [
            124.69468,
            8.47363
          ],
          [
            124.6943,
            8.4738
          ],
          [
            124.69425,
            8.47382
          ],
          [
            124.69398,
            8.47394
          ],
          [
            124.69384,
            8.47403
          ],
          [
            124.69349,
            8.47419
          ],
          [
            124.69304,
            8.4744
          ],
          [
            124.69255,
            8.47461
          ],
          [
            124.6923,
            8.47471
          ],
          [
            124.69224,
            8.47475
          ],
          [
            124.69219,
            8.47477
          ],
          [
            124.69212,
            8.47479
          ],
          [
            124.69199,
            8.47483
          ],
          [
            124.69185,
            8.47485
          ],
          [
            124.69172,
            8.47487
          ],
          [
            124.69164,
            8.47487
          ],
          [
            124.69154,
            8.47488
          ],
          [
            124.69143,
            8.47488
          ],
          [
            124.69078,
            8.47486
          ],
          [
            124.69004,
            8.47483
          ],
          [
            124.69003,
            8.47483
          ],
          [
            124.68868,
            8.47477
          ],
          [
            124.68795,
            8.47475
          ],
          [
            124.68774,
            8.47474
          ],
          [
            124.68747,
            8.47472
          ],
          [
            124.68723,
            8.4747
          ],
          [
            124.68708,
            8.47468
          ],
          [
            124.68703,
            8.47467
          ],
          [
            124.68702,
            8.47466
          ],
          [
            124.68701,
            8.47466
          ],
          [
            124.68701,
            8.47465
          ],
          [
            124.687,
            8.47465
          ],
          [
            124.68586,
            8.47451
          ],
          [
            124.68494,
            8.47435
          ],
          [
            124.68378,
            8.47418
          ],
          [
            124.68371,
            8.47418
          ],
          [
            124.68351,
            8.47417
          ],
          [
            124.68333,
            8.47417
          ],
          [
            124.68322,
            8.47417
          ],
          [
            124.68316,
            8.47418
          ],
          [
            124.68307,
            8.47419
          ],
          [
            124.68294,
            8.4742
          ],
          [
            124.68282,
            8.47422
          ],
          [
            124.68257,
            8.47426
          ],
          [
            124.68246,
            8.47427
          ],
          [
            124.68216,
            8.47432
          ],
          [
            124.68213,
            8.47432
          ],
          [
            124.68194,
            8.47435
          ],
          [
            124.68174,
            8.47439
          ],
          [
            124.68158,
            8.47444
          ],
          [
            124.68144,
            8.47448
          ],
          [
            124.68128,
            8.47454
          ],
          [
            124.6811,
            8.47462
          ],
          [
            124.68089,
            8.47473
          ],
          [
            124.68059,
            8.47493
          ],
          [
            124.68037,
            8.47509
          ],
          [
            124.67984,
            8.47545
          ],
          [
            124.67958,
            8.47564
          ],
          [
            124.67933,
            8.4758
          ],
          [
            124.67906,
            8.47598
          ],
          [
            124.67836,
            8.47645
          ],
          [
            124.6774,
            8.47703
          ],
          [
            124.67687,
            8.47732
          ],
          [
            124.67665,
            8.47743
          ],
          [
            124.67543,
            8.47812
          ],
          [
            124.67511,
            8.4783
          ],
          [
            124.67295,
            8.47951
          ],
          [
            124.67251,
            8.47974
          ],
          [
            124.67241,
            8.47978
          ],
          [
            124.67211,
            8.47994
          ],
          [
            124.67176,
            8.48013
          ],
          [
            124.67165,
            8.48019
          ],
          [
            124.67157,
            8.48022
          ],
          [
            124.67131,
            8.48036
          ],
          [
            124.67106,
            8.48049
          ],
          [
            124.67071,
            8.48067
          ],
          [
            124.67059,
            8.48073
          ],
          [
            124.67027,
            8.48091
          ],
          [
            124.66993,
            8.48107
          ],
          [
            124.66984,
            8.48111
          ],
          [
            124.6697,
            8.48118
          ],
          [
            124.66957,
            8.48123
          ],
          [
            124.66931,
            8.48134
          ],
          [
            124.66889,
            8.4815
          ],
          [
            124.66844,
            8.48167
          ],
          [
            124.66835,
            8.48169
          ],
          [
            124.66813,
            8.48177
          ],
          [
            124.66688,
            8.48214
          ],
          [
            124.66666,
            8.4822
          ],
          [
            124.66612,
            8.48235
          ],
          [
            124.66607,
            8.48236
          ],
          [
            124.66527,
            8.48257
          ],
          [
            124.66451,
            8.48277
          ],
          [
            124.66428,
            8.48283
          ],
          [
            124.66407,
            8.48289
          ],
          [
            124.66398,
            8.48291
          ],
          [
            124.66369,
            8.48298
          ],
          [
            124.66351,
            8.48301
          ],
          [
            124.66262,
            8.48322
          ],
          [
            124.66178,
            8.48342
          ],
          [
            124.66166,
            8.48345
          ],
          [
            124.66074,
            8.48367
          ],
          [
            124.66003,
            8.48383
          ],
          [
            124.65945,
            8.48397
          ],
          [
            124.6594,
            8.48398
          ],
          [
            124.65914,
            8.48409
          ],
          [
            124.65901,
            8.48412
          ],
          [
            124.65893,
            8.48414
          ],
          [
            124.6587,
            8.48419
          ],
          [
            124.65849,
            8.48423
          ],
          [
            124.65801,
            8.48434
          ],
          [
            124.6577,
            8.48441
          ],
          [
            124.65709,
            8.48455
          ],
          [
            124.65697,
            8.48458
          ],
          [
            124.65662,
            8.48466
          ],
          [
            124.65642,
            8.48469
          ],
          [
            124.65577,
            8.48485
          ],
          [
            124.65558,
            8.48489
          ],
          [
            124.65524,
            8.48496
          ],
          [
            124.65514,
            8.48498
          ],
          [
            124.65506,
            8.485
          ],
          [
            124.65451,
            8.48511
          ],
          [
            124.65382,
            8.48525
          ],
          [
            124.65365,
            8.48528
          ],
          [
            124.65226,
            8.48558
          ],
          [
            124.65214,
            8.48561
          ],
          [
            124.65121,
            8.48582
          ],
          [
            124.6505,
            8.48598
          ],
          [
            124.64988,
            8.48612
          ],
          [
            124.64983,
            8.48608
          ],
          [
            124.64968,
            8.48612
          ],
          [
            124.64965,
            8.48616
          ],
          [
            124.64964,
            8.48617
          ],
          [
            124.64961,
            8.48618
          ],
          [
            124.64958,
            8.4862
          ],
          [
            124.64949,
            8.48623
          ],
          [
            124.64832,
            8.48649
          ],
          [
            124.64856,
            8.48689
          ],
          [
            124.64878,
            8.48724
          ],
          [
            124.64879,
            8.48726
          ],
          [
            124.64933,
            8.48814
          ],
          [
            124.64969,
            8.48873
          ],
          [
            124.64978,
            8.48888
          ],
          [
            124.65033,
            8.48983
          ],
          [
            124.65102,
            8.49107
          ],
          [
            124.6512,
            8.49143
          ],
          [
            124.65124,
            8.49153
          ],
          [
            124.65127,
            8.4916
          ],
          [
            124.65128,
            8.49162
          ],
          [
            124.65134,
            8.49176
          ],
          [
            124.65139,
            8.49191
          ],
          [
            124.65145,
            8.4921
          ],
          [
            124.65182,
            8.49201
          ],
          [
            124.65198,
            8.49198
          ],
          [
            124.65201,
            8.49197
          ],
          [
            124.65213,
            8.49194
          ],
          [
            124.65219,
            8.49194
          ],
          [
            124.65226,
            8.49193
          ],
          [
            124.65238,
            8.49193
          ],
          [
            124.65252,
            8.49193
          ],
          [
            124.65276,
            8.49194
          ],
          [
            124.65317,
            8.49197
          ],
          [
            124.65352,
            8.49199
          ],
          [
            124.65372,
            8.49201
          ],
          [
            124.65384,
            8.49207
          ],
          [
            124.65388,
            8.49208
          ],
          [
            124.65391,
            8.49209
          ],
          [
            124.65395,
            8.49209
          ],
          [
            124.65399,
            8.49208
          ],
          [
            124.65402,
            8.49207
          ],
          [
            124.65409,
            8.49205
          ],
          [
            124.65433,
            8.4918
          ],
          [
            124.65449,
            8.49163
          ],
          [
            124.65469,
            8.49145
          ],
          [
            124.65543,
            8.49095
          ],
          [
            124.65562,
            8.49086
          ],
          [
            124.65586,
            8.4907
          ],
          [
            124.65626,
            8.49044
          ],
          [
            124.65661,
            8.49022
          ],
          [
            124.65696,
            8.49001
          ],
          [
            124.65756,
            8.48961
          ],
          [
            124.65761,
            8.48959
          ],
          [
            124.6577,
            8.48955
          ],
          [
            124.65731,
            8.48835
          ],
          [
            124.65794,
            8.48814
          ],
          [
            124.65805,
            8.48811
          ],
          [
            124.65805,
            8.48811
          ],
          [
            124.65819,
            8.48806
          ],
          [
            124.65952,
            8.48764
          ],
          [
            124.65931,
            8.48693
          ],
          [
            124.6592,
            8.48653
          ],
          [
            124.65901,
            8.48592
          ],
          [
            124.65881,
            8.48527
          ],
          [
            124.65866,
            8.48477
          ],
          [
            124.65864,
            8.48472
          ],
          [
            124.65857,
            8.4845
          ],
          [
            124.65849,
            8.48423
          ],
          [
            124.65847,
            8.48415
          ],
          [
            124.65868,
            8.4841
          ],
          [
            124.65891,
            8.48405
          ],
          [
            124.65898,
            8.48404
          ],
          [
            124.65911,
            8.484
          ],
          [
            124.6594,
            8.48398
          ],
          [
            124.65945,
            8.48397
          ],
          [
            124.66003,
            8.48383
          ],
          [
            124.66074,
            8.48367
          ],
          [
            124.66166,
            8.48345
          ],
          [
            124.66178,
            8.48342
          ],
          [
            124.66262,
            8.48322
          ],
          [
            124.66351,
            8.48301
          ],
          [
            124.66369,
            8.48298
          ],
          [
            124.66398,
            8.48291
          ],
          [
            124.66407,
            8.48289
          ],
          [
            124.66428,
            8.48283
          ],
          [
            124.66451,
            8.48277
          ],
          [
            124.66527,
            8.48257
          ],
          [
            124.66607,
            8.48236
          ],
          [
            124.66612,
            8.48235
          ],
          [
            124.66666,
            8.4822
          ],
          [
            124.66688,
            8.48214
          ],
          [
            124.66813,
            8.48177
          ],
          [
            124.66835,
            8.48169
          ],
          [
            124.66844,
            8.48167
          ],
          [
            124.66889,
            8.4815
          ],
          [
            124.66931,
            8.48134
          ],
          [
            124.66957,
            8.48123
          ],
          [
            124.6697,
            8.48118
          ],
          [
            124.66984,
            8.48111
          ],
          [
            124.66993,
            8.48107
          ],
          [
            124.67027,
            8.48091
          ],
          [
            124.67059,
            8.48073
          ],
          [
            124.67071,
            8.48067
          ],
          [
            124.67106,
            8.48049
          ],
          [
            124.67131,
            8.48036
          ],
          [
            124.67157,
            8.48022
          ],
          [
            124.67165,
            8.48019
          ],
          [
            124.67176,
            8.48013
          ],
          [
            124.67211,
            8.47994
          ],
          [
            124.67241,
            8.47978
          ],
          [
            124.67251,
            8.47974
          ],
          [
            124.67295,
            8.47951
          ],
          [
            124.67511,
            8.4783
          ],
          [
            124.67543,
            8.47812
          ],
          [
            124.67665,
            8.47743
          ],
          [
            124.67687,
            8.47732
          ],
          [
            124.6774,
            8.47703
          ],
          [
            124.67836,
            8.47645
          ],
          [
            124.67906,
            8.47598
          ],
          [
            124.67933,
            8.4758
          ],
          [
            124.67958,
            8.47564
          ],
          [
            124.67984,
            8.47545
          ],
          [
            124.68037,
            8.47509
          ],
          [
            124.68059,
            8.47493
          ],
          [
            124.68089,
            8.47473
          ],
          [
            124.6811,
            8.47462
          ],
          [
            124.68128,
            8.47454
          ],
          [
            124.68144,
            8.47448
          ],
          [
            124.68158,
            8.47444
          ],
          [
            124.68174,
            8.47439
          ],
          [
            124.68194,
            8.47435
          ],
          [
            124.68213,
            8.47432
          ],
          [
            124.68216,
            8.47432
          ],
          [
            124.68246,
            8.47427
          ],
          [
            124.68257,
            8.47426
          ],
          [
            124.68282,
            8.47422
          ],
          [
            124.68294,
            8.4742
          ],
          [
            124.68307,
            8.47419
          ],
          [
            124.68316,
            8.47418
          ],
          [
            124.68322,
            8.47417
          ],
          [
            124.68333,
            8.47417
          ],
          [
            124.68351,
            8.47417
          ],
          [
            124.68371,
            8.47418
          ],
          [
            124.68378,
            8.47418
          ],
          [
            124.68494,
            8.47435
          ],
          [
            124.68586,
            8.47451
          ],
          [
            124.687,
            8.47465
          ],
          [
            124.68711,
            8.47463
          ],
          [
            124.68725,
            8.47462
          ],
          [
            124.68748,
            8.47462
          ],
          [
            124.68776,
            8.47463
          ],
          [
            124.68783,
            8.47464
          ],
          [
            124.68796,
            8.47464
          ],
          [
            124.6887,
            8.47467
          ],
          [
            124.68921,
            8.47471
          ],
          [
            124.68961,
            8.47473
          ],
          [
            124.69003,
            8.47474
          ],
          [
            124.69006,
            8.47474
          ],
          [
            124.69081,
            8.47476
          ],
          [
            124.69091,
            8.47477
          ],
          [
            124.69125,
            8.47478
          ],
          [
            124.6914,
            8.47479
          ],
          [
            124.69153,
            8.47479
          ],
          [
            124.69162,
            8.47479
          ],
          [
            124.69171,
            8.47478
          ],
          [
            124.69183,
            8.47477
          ],
          [
            124.69198,
            8.47475
          ],
          [
            124.69215,
            8.47472
          ],
          [
            124.69221,
            8.4747
          ],
          [
            124.69223,
            8.4747
          ],
          [
            124.69224,
            8.4747
          ],
          [
            124.69226,
            8.4747
          ],
          [
            124.69228,
            8.4747
          ],
          [
            124.69229,
            8.4747
          ],
          [
            124.6923,
            8.47471
          ],
          [
            124.69255,
            8.47461
          ],
          [
            124.69304,
            8.4744
          ],
          [
            124.69349,
            8.47419
          ],
          [
            124.69384,
            8.47403
          ],
          [
            124.69398,
            8.47394
          ],
          [
            124.69425,
            8.47382
          ],
          [
            124.6943,
            8.4738
          ],
          [
            124.69468,
            8.47363
          ],
          [
            124.69535,
            8.47331
          ],
          [
            124.69644,
            8.47277
          ],
          [
            124.69713,
            8.47244
          ],
          [
            124.69733,
            8.47234
          ],
          [
            124.69789,
            8.47207
          ],
          [
            124.69911,
            8.47149
          ],
          [
            124.69916,
            8.47152
          ],
          [
            124.6992,
            8.47153
          ],
          [
            124.69924,
            8.47153
          ],
          [
            124.69933,
            8.47153
          ],
          [
            124.69947,
            8.47152
          ],
          [
            124.69968,
            8.47148
          ],
          [
            124.70049,
            8.47137
          ],
          [
            124.70139,
            8.47125
          ],
          [
            124.70209,
            8.47115
          ],
          [
            124.70225,
            8.47113
          ],
          [
            124.70241,
            8.47111
          ],
          [
            124.70272,
            8.47106
          ],
          [
            124.70307,
            8.471
          ],
          [
            124.7032,
            8.47097
          ],
          [
            124.70329,
            8.47094
          ],
          [
            124.70336,
            8.47092
          ],
          [
            124.70345,
            8.47088
          ],
          [
            124.7037,
            8.47075
          ],
          [
            124.70389,
            8.47061
          ],
          [
            124.70418,
            8.4704
          ],
          [
            124.70442,
            8.47022
          ],
          [
            124.70454,
            8.47016
          ],
          [
            124.7046,
            8.47013
          ],
          [
            124.70475,
            8.47007
          ],
          [
            124.70488,
            8.47002
          ],
          [
            124.70492,
            8.47
          ],
          [
            124.70496,
            8.46997
          ],
          [
            124.70512,
            8.46984
          ],
          [
            124.70518,
            8.46985
          ],
          [
            124.70521,
            8.46978
          ],
          [
            124.70525,
            8.46972
          ],
          [
            124.70532,
            8.46954
          ],
          [
            124.70542,
            8.46927
          ],
          [
            124.70544,
            8.4692
          ],
          [
            124.7055,
            8.46905
          ],
          [
            124.70552,
            8.46898
          ],
          [
            124.7056,
            8.46883
          ],
          [
            124.70568,
            8.46863
          ],
          [
            124.70575,
            8.46843
          ],
          [
            124.70577,
            8.46839
          ],
          [
            124.70582,
            8.46829
          ],
          [
            124.70588,
            8.46819
          ],
          [
            124.70593,
            8.46811
          ],
          [
            124.7062,
            8.46776
          ],
          [
            124.70653,
            8.46738
          ],
          [
            124.70656,
            8.46735
          ],
          [
            124.70675,
            8.46714
          ],
          [
            124.70676,
            8.46713
          ],
          [
            124.70687,
            8.467
          ],
          [
            124.70688,
            8.46698
          ],
          [
            124.70701,
            8.46672
          ],
          [
            124.70702,
            8.46665
          ],
          [
            124.70703,
            8.46664
          ],
          [
            124.70706,
            8.46646
          ],
          [
            124.70709,
            8.46637
          ],
          [
            124.70715,
            8.46629
          ],
          [
            124.70722,
            8.46621
          ],
          [
            124.70726,
            8.46618
          ],
          [
            124.70733,
            8.46612
          ],
          [
            124.70745,
            8.46598
          ],
          [
            124.70755,
            8.46579
          ],
          [
            124.70757,
            8.46567
          ],
          [
            124.70757,
            8.46555
          ],
          [
            124.70753,
            8.46532
          ],
          [
            124.70749,
            8.46521
          ],
          [
            124.70745,
            8.46507
          ],
          [
            124.70734,
            8.46485
          ],
          [
            124.70717,
            8.46455
          ],
          [
            124.70713,
            8.46447
          ],
          [
            124.7071,
            8.46441
          ],
          [
            124.70707,
            8.4643
          ],
          [
            124.70705,
            8.46417
          ],
          [
            124.70708,
            8.46405
          ],
          [
            124.70709,
            8.46398
          ],
          [
            124.7071,
            8.46391
          ],
          [
            124.70713,
            8.46382
          ],
          [
            124.70719,
            8.46367
          ],
          [
            124.70724,
            8.46352
          ],
          [
            124.70726,
            8.46346
          ],
          [
            124.70731,
            8.46335
          ],
          [
            124.70736,
            8.46323
          ],
          [
            124.70742,
            8.46309
          ],
          [
            124.70747,
            8.46297
          ],
          [
            124.70768,
            8.46274
          ],
          [
            124.70778,
            8.46262
          ],
          [
            124.70783,
            8.46254
          ],
          [
            124.70807,
            8.46215
          ],
          [
            124.70824,
            8.46198
          ],
          [
            124.70836,
            8.4619
          ],
          [
            124.70849,
            8.4618
          ],
          [
            124.70854,
            8.46177
          ],
          [
            124.70859,
            8.46173
          ],
          [
            124.70866,
            8.46168
          ],
          [
            124.70869,
            8.46167
          ],
          [
            124.70874,
            8.46164
          ],
          [
            124.70907,
            8.46155
          ],
          [
            124.70974,
            8.46146
          ],
          [
            124.71012,
            8.4614
          ],
          [
            124.71022,
            8.46139
          ],
          [
            124.71039,
            8.46138
          ],
          [
            124.71056,
            8.46137
          ],
          [
            124.71088,
            8.46134
          ],
          [
            124.71101,
            8.46132
          ],
          [
            124.71119,
            8.46129
          ],
          [
            124.71125,
            8.46129
          ],
          [
            124.7113,
            8.46127
          ],
          [
            124.71133,
            8.46125
          ],
          [
            124.71135,
            8.46123
          ],
          [
            124.71137,
            8.46122
          ],
          [
            124.71146,
            8.46108
          ],
          [
            124.71156,
            8.46093
          ],
          [
            124.71166,
            8.46078
          ],
          [
            124.71176,
            8.46063
          ],
          [
            124.71179,
            8.46058
          ],
          [
            124.71186,
            8.46048
          ],
          [
            124.71195,
            8.46033
          ],
          [
            124.71198,
            8.46029
          ],
          [
            124.71205,
            8.46017
          ],
          [
            124.71212,
            8.46005
          ],
          [
            124.71214,
            8.46002
          ],
          [
            124.71221,
            8.45995
          ],
          [
            124.71226,
            8.4599
          ],
          [
            124.71227,
            8.45989
          ],
          [
            124.71234,
            8.45984
          ],
          [
            124.7124,
            8.45981
          ],
          [
            124.71243,
            8.45981
          ],
          [
            124.7126,
            8.45975
          ],
          [
            124.71262,
            8.45974
          ],
          [
            124.7127,
            8.4597
          ],
          [
            124.71274,
            8.45968
          ],
          [
            124.71275,
            8.45966
          ],
          [
            124.71277,
            8.45964
          ],
          [
            124.7128,
            8.45958
          ],
          [
            124.71283,
            8.4595
          ],
          [
            124.71285,
            8.45942
          ],
          [
            124.71288,
            8.45933
          ],
          [
            124.71292,
            8.45923
          ],
          [
            124.71296,
            8.45917
          ],
          [
            124.71299,
            8.45913
          ],
          [
            124.71304,
            8.45905
          ],
          [
            124.71306,
            8.45902
          ],
          [
            124.71306,
            8.45901
          ],
          [
            124.71311,
            8.45893
          ],
          [
            124.71313,
            8.45885
          ],
          [
            124.71314,
            8.45883
          ],
          [
            124.71316,
            8.45875
          ],
          [
            124.71317,
            8.45868
          ],
          [
            124.71317,
            8.45864
          ],
          [
            124.71318,
            8.45853
          ],
          [
            124.71319,
            8.4585
          ],
          [
            124.71321,
            8.45846
          ],
          [
            124.71323,
            8.45843
          ],
          [
            124.71327,
            8.45839
          ],
          [
            124.71331,
            8.45836
          ],
          [
            124.71332,
            8.45836
          ],
          [
            124.71341,
            8.45832
          ],
          [
            124.71348,
            8.4583
          ],
          [
            124.71349,
            8.4583
          ],
          [
            124.71366,
            8.45828
          ],
          [
            124.71374,
            8.45827
          ],
          [
            124.71384,
            8.45827
          ],
          [
            124.71396,
            8.45826
          ],
          [
            124.71402,
            8.45827
          ],
          [
            124.7142,
            8.45828
          ],
          [
            124.71437,
            8.45829
          ],
          [
            124.71438,
            8.45829
          ],
          [
            124.71444,
            8.4583
          ],
          [
            124.7145,
            8.45829
          ],
          [
            124.71456,
            8.45828
          ],
          [
            124.71457,
            8.45828
          ],
          [
            124.7147,
            8.4582
          ],
          [
            124.71472,
            8.45819
          ],
          [
            124.71485,
            8.45812
          ],
          [
            124.71488,
            8.45811
          ],
          [
            124.71501,
            8.45806
          ],
          [
            124.71506,
            8.45806
          ],
          [
            124.71517,
            8.45805
          ],
          [
            124.71524,
            8.45805
          ],
          [
            124.71528,
            8.45805
          ],
          [
            124.71542,
            8.45807
          ],
          [
            124.71545,
            8.45808
          ],
          [
            124.71559,
            8.45812
          ],
          [
            124.71576,
            8.45818
          ],
          [
            124.7159,
            8.45823
          ],
          [
            124.71593,
            8.45824
          ],
          [
            124.7161,
            8.45831
          ],
          [
            124.71621,
            8.45835
          ],
          [
            124.71627,
            8.45838
          ],
          [
            124.71638,
            8.45842
          ],
          [
            124.71643,
            8.45846
          ],
          [
            124.71644,
            8.45846
          ],
          [
            124.71658,
            8.45854
          ],
          [
            124.71659,
            8.45854
          ],
          [
            124.71669,
            8.4586
          ],
          [
            124.71675,
            8.45863
          ],
          [
            124.71684,
            8.45866
          ],
          [
            124.71693,
            8.45867
          ],
          [
            124.71708,
            8.45868
          ],
          [
            124.71711,
            8.45868
          ],
          [
            124.71729,
            8.4587
          ],
          [
            124.71739,
            8.4587
          ],
          [
            124.71747,
            8.45872
          ],
          [
            124.71765,
            8.45874
          ],
          [
            124.71769,
            8.45875
          ],
          [
            124.71783,
            8.45877
          ],
          [
            124.71798,
            8.4588
          ],
          [
            124.71801,
            8.45881
          ],
          [
            124.71819,
            8.45884
          ],
          [
            124.71837,
            8.45887
          ],
          [
            124.71838,
            8.45887
          ],
          [
            124.71855,
            8.4589
          ],
          [
            124.71873,
            8.45892
          ],
          [
            124.71883,
            8.45894
          ],
          [
            124.71891,
            8.45895
          ],
          [
            124.71908,
            8.459
          ],
          [
            124.71926,
            8.45905
          ],
          [
            124.71943,
            8.45909
          ],
          [
            124.71961,
            8.45914
          ],
          [
            124.71975,
            8.45917
          ],
          [
            124.71979,
            8.45917
          ],
          [
            124.71996,
            8.4592
          ],
          [
            124.71997,
            8.4592
          ],
          [
            124.72015,
            8.45923
          ],
          [
            124.72016,
            8.45923
          ],
          [
            124.72032,
            8.45927
          ],
          [
            124.7205,
            8.4593
          ],
          [
            124.72068,
            8.45934
          ],
          [
            124.72117,
            8.45941
          ],
          [
            124.72134,
            8.45944
          ]
        ]
      },
      "properties": {
        "name": "FS Catanico – Agora Market City and Terminal"
      }
    },
    {
      "type": "Feature",
      "geometry": {
        "type": "LineString",
        "coordinates": [
          [
            124.68273,
            8.4756
          ],
          [
            124.68233,
            8.47569
          ],
          [
            124.68228,
            8.47519
          ],
          [
            124.68221,
            8.47477
          ],
          [
            124.68218,
            8.47458
          ],
          [
            124.68213,
            8.47432
          ],
          [
            124.68216,
            8.47432
          ],
          [
            124.68246,
            8.47427
          ],
          [
            124.68257,
            8.47426
          ],
          [
            124.68282,
            8.47422
          ],
          [
            124.68294,
            8.4742
          ],
          [
            124.68307,
            8.47419
          ],
          [
            124.68316,
            8.47418
          ],
          [
            124.68322,
            8.47417
          ],
          [
            124.68333,
            8.47417
          ],
          [
            124.68351,
            8.47417
          ],
          [
            124.68371,
            8.47418
          ],
          [
            124.68378,
            8.47418
          ],
          [
            124.68494,
            8.47435
          ],
          [
            124.68586,
            8.47451
          ],
          [
            124.687,
            8.47465
          ],
          [
            124.68711,
            8.47463
          ],
          [
            124.68725,
            8.47462
          ],
          [
            124.68748,
            8.47462
          ],
          [
            124.68776,
            8.47463
          ],
          [
            124.68783,
            8.47464
          ],
          [
            124.68796,
            8.47464
          ],
          [
            124.6887,
            8.47467
          ],
          [
            124.68921,
            8.47471
          ],
          [
            124.68961,
            8.47473
          ],
          [
            124.69003,
            8.47474
          ],
          [
            124.69006,
            8.47474
          ],
          [
            124.69081,
            8.47476
          ],
          [
            124.69091,
            8.47477
          ],
          [
            124.69125,
            8.47478
          ],
          [
            124.6914,
            8.47479
          ],
          [
            124.69153,
            8.47479
          ],
          [
            124.69162,
            8.47479
          ],
          [
            124.69171,
            8.47478
          ],
          [
            124.69183,
            8.47477
          ],
          [
            124.69198,
            8.47475
          ],
          [
            124.69215,
            8.47472
          ],
          [
            124.69221,
            8.4747
          ],
          [
            124.69223,
            8.4747
          ],
          [
            124.69224,
            8.4747
          ],
          [
            124.69226,
            8.4747
          ],
          [
            124.69228,
            8.4747
          ],
          [
            124.69229,
            8.4747
          ],
          [
            124.6923,
            8.47471
          ],
          [
            124.69255,
            8.47461
          ],
          [
            124.69304,
            8.4744
          ],
          [
            124.69349,
            8.47419
          ],
          [
            124.69384,
            8.47403
          ],
          [
            124.69398,
            8.47394
          ],
          [
            124.69425,
            8.47382
          ],
          [
            124.6943,
            8.4738
          ],
          [
            124.69468,
            8.47363
          ],
          [
            124.69535,
            8.47331
          ],
          [
            124.69644,
            8.47277
          ],
          [
            124.69713,
            8.47244
          ],
          [
            124.69733,
            8.47234
          ],
          [
            124.69789,
            8.47207
          ],
          [
            124.69911,
            8.47149
          ],
          [
            124.69923,
            8.47142
          ],
          [
            124.69951,
            8.4713
          ],
          [
            124.70011,
            8.47101
          ],
          [
            124.7007,
            8.47073
          ],
          [
            124.70123,
            8.47048
          ],
          [
            124.70173,
            8.47026
          ],
          [
            124.70182,
            8.4702
          ],
          [
            124.70231,
            8.46999
          ],
          [
            124.70245,
            8.46993
          ],
          [
            124.70252,
            8.4699
          ],
          [
            124.70267,
            8.46985
          ],
          [
            124.70269,
            8.46984
          ],
          [
            124.7028,
            8.4698
          ],
          [
            124.70304,
            8.46974
          ],
          [
            124.70321,
            8.46971
          ],
          [
            124.70331,
            8.46969
          ],
          [
            124.70352,
            8.46967
          ],
          [
            124.70376,
            8.46965
          ],
          [
            124.7041,
            8.46965
          ],
          [
            124.70442,
            8.46968
          ],
          [
            124.70455,
            8.46971
          ],
          [
            124.70512,
            8.46984
          ],
          [
            124.70518,
            8.46985
          ],
          [
            124.70565,
            8.46996
          ],
          [
            124.70609,
            8.47006
          ],
          [
            124.7062,
            8.47008
          ],
          [
            124.70667,
            8.4702
          ],
          [
            124.70686,
            8.47025
          ],
          [
            124.70717,
            8.47032
          ],
          [
            124.70767,
            8.47044
          ],
          [
            124.70816,
            8.47057
          ],
          [
            124.7084,
            8.47062
          ],
          [
            124.70866,
            8.4707
          ],
          [
            124.70868,
            8.47071
          ],
          [
            124.70893,
            8.47079
          ],
          [
            124.70915,
            8.47087
          ],
          [
            124.70944,
            8.47099
          ],
          [
            124.70986,
            8.47119
          ],
          [
            124.71,
            8.47126
          ],
          [
            124.7102,
            8.47137
          ],
          [
            124.71034,
            8.47146
          ],
          [
            124.71056,
            8.47159
          ],
          [
            124.71062,
            8.47163
          ],
          [
            124.7109,
            8.47179
          ],
          [
            124.71104,
            8.47189
          ],
          [
            124.71115,
            8.47197
          ],
          [
            124.71133,
            8.4721
          ],
          [
            124.71149,
            8.47222
          ],
          [
            124.71161,
            8.47231
          ],
          [
            124.71214,
            8.47275
          ],
          [
            124.7122,
            8.4728
          ],
          [
            124.71266,
            8.47317
          ],
          [
            124.71305,
            8.4735
          ],
          [
            124.71334,
            8.47372
          ],
          [
            124.71359,
            8.47391
          ],
          [
            124.71363,
            8.47393
          ],
          [
            124.71394,
            8.47416
          ],
          [
            124.71419,
            8.47432
          ],
          [
            124.7142,
            8.47433
          ],
          [
            124.71437,
            8.47443
          ],
          [
            124.71448,
            8.47449
          ],
          [
            124.71463,
            8.47457
          ],
          [
            124.71514,
            8.47485
          ],
          [
            124.71549,
            8.47505
          ],
          [
            124.71571,
            8.47518
          ],
          [
            124.71606,
            8.47536
          ],
          [
            124.71637,
            8.47553
          ],
          [
            124.71659,
            8.47564
          ],
          [
            124.71688,
            8.47578
          ],
          [
            124.71715,
            8.47592
          ],
          [
            124.71736,
            8.47602
          ],
          [
            124.71761,
            8.47614
          ],
          [
            124.71798,
            8.4763
          ],
          [
            124.71829,
            8.47643
          ],
          [
            124.71863,
            8.47659
          ],
          [
            124.71937,
            8.47695
          ],
          [
            124.72016,
            8.4773
          ],
          [
            124.72024,
            8.47734
          ],
          [
            124.72073,
            8.47756
          ],
          [
            124.72106,
            8.47772
          ],
          [
            124.72214,
            8.47821
          ],
          [
            124.72231,
            8.47829
          ],
          [
            124.72298,
            8.47861
          ],
          [
            124.72325,
            8.47875
          ],
          [
            124.72352,
            8.4789
          ],
          [
            124.72393,
            8.47913
          ],
          [
            124.7243,
            8.47932
          ],
          [
            124.72453,
            8.47944
          ],
          [
            124.7246,
            8.47948
          ],
          [
            124.72473,
            8.47955
          ],
          [
            124.72507,
            8.47974
          ],
          [
            124.72526,
            8.47983
          ],
          [
            124.72538,
            8.47989
          ],
          [
            124.72547,
            8.47994
          ],
          [
            124.72552,
            8.47997
          ],
          [
            124.72557,
            8.48
          ],
          [
            124.72573,
            8.4801
          ],
          [
            124.72577,
            8.4801
          ],
          [
            124.72585,
            8.48012
          ],
          [
            124.72592,
            8.48015
          ],
          [
            124.72603,
            8.48021
          ],
          [
            124.72645,
            8.48046
          ],
          [
            124.72649,
            8.48048
          ],
          [
            124.72672,
            8.48063
          ],
          [
            124.72707,
            8.48085
          ],
          [
            124.72724,
            8.48096
          ],
          [
            124.72743,
            8.48109
          ],
          [
            124.72781,
            8.48135
          ],
          [
            124.72789,
            8.4814
          ],
          [
            124.72791,
            8.48142
          ],
          [
            124.72823,
            8.48166
          ],
          [
            124.7284,
            8.48178
          ],
          [
            124.72851,
            8.48186
          ],
          [
            124.72869,
            8.48198
          ],
          [
            124.72891,
            8.48215
          ],
          [
            124.72915,
            8.48235
          ],
          [
            124.72934,
            8.4825
          ],
          [
            124.72948,
            8.48262
          ],
          [
            124.72951,
            8.4827
          ],
          [
            124.72973,
            8.48288
          ],
          [
            124.72996,
            8.48305
          ],
          [
            124.73014,
            8.48319
          ],
          [
            124.7305,
            8.48349
          ],
          [
            124.73057,
            8.48355
          ],
          [
            124.73068,
            8.48364
          ],
          [
            124.73076,
            8.4837
          ],
          [
            124.73085,
            8.48377
          ],
          [
            124.73106,
            8.48392
          ],
          [
            124.73119,
            8.48401
          ],
          [
            124.73131,
            8.48408
          ],
          [
            124.7315,
            8.48421
          ],
          [
            124.73169,
            8.48432
          ],
          [
            124.73251,
            8.48482
          ],
          [
            124.73291,
            8.48505
          ],
          [
            124.73302,
            8.48511
          ],
          [
            124.73322,
            8.48523
          ],
          [
            124.73345,
            8.48536
          ],
          [
            124.73394,
            8.48564
          ],
          [
            124.73398,
            8.48567
          ],
          [
            124.73442,
            8.48594
          ],
          [
            124.73477,
            8.48618
          ],
          [
            124.73489,
            8.48626
          ],
          [
            124.73553,
            8.48669
          ],
          [
            124.73636,
            8.48729
          ],
          [
            124.73676,
            8.48759
          ],
          [
            124.73705,
            8.4878
          ],
          [
            124.73739,
            8.48804
          ],
          [
            124.73751,
            8.48813
          ],
          [
            124.73774,
            8.48827
          ],
          [
            124.73798,
            8.48843
          ],
          [
            124.73818,
            8.48858
          ],
          [
            124.73824,
            8.48862
          ],
          [
            124.73833,
            8.48869
          ],
          [
            124.73865,
            8.48889
          ],
          [
            124.73899,
            8.48913
          ],
          [
            124.73905,
            8.48918
          ],
          [
            124.73934,
            8.48942
          ],
          [
            124.73941,
            8.48948
          ],
          [
            124.73965,
            8.48968
          ],
          [
            124.7398,
            8.4898
          ],
          [
            124.74023,
            8.49025
          ],
          [
            124.74079,
            8.49078
          ],
          [
            124.74142,
            8.49136
          ],
          [
            124.74195,
            8.49185
          ],
          [
            124.74209,
            8.49198
          ],
          [
            124.74222,
            8.4921
          ],
          [
            124.74227,
            8.49214
          ],
          [
            124.74236,
            8.49223
          ],
          [
            124.74283,
            8.49265
          ],
          [
            124.74306,
            8.49286
          ],
          [
            124.74329,
            8.49307
          ],
          [
            124.7435,
            8.49326
          ],
          [
            124.74369,
            8.49344
          ],
          [
            124.74383,
            8.49356
          ],
          [
            124.74391,
            8.49364
          ],
          [
            124.74424,
            8.49394
          ],
          [
            124.74451,
            8.49418
          ],
          [
            124.74461,
            8.49427
          ],
          [
            124.74545,
            8.49501
          ],
          [
            124.74569,
            8.49524
          ],
          [
            124.74588,
            8.49542
          ],
          [
            124.74602,
            8.49555
          ],
          [
            124.74617,
            8.49569
          ],
          [
            124.74632,
            8.49585
          ],
          [
            124.74644,
            8.49598
          ],
          [
            124.74656,
            8.49611
          ],
          [
            124.7468,
            8.49639
          ],
          [
            124.74691,
            8.49651
          ],
          [
            124.74701,
            8.49663
          ],
          [
            124.74708,
            8.49672
          ],
          [
            124.74715,
            8.4968
          ],
          [
            124.7473,
            8.49702
          ],
          [
            124.74757,
            8.49737
          ],
          [
            124.74773,
            8.49759
          ],
          [
            124.74789,
            8.49781
          ],
          [
            124.74797,
            8.49793
          ],
          [
            124.74806,
            8.49806
          ],
          [
            124.74806,
            8.49807
          ],
          [
            124.74825,
            8.49834
          ],
          [
            124.74871,
            8.49903
          ],
          [
            124.74886,
            8.49923
          ],
          [
            124.74887,
            8.49926
          ],
          [
            124.74902,
            8.49944
          ],
          [
            124.74904,
            8.49947
          ],
          [
            124.74905,
            8.49949
          ],
          [
            124.74923,
            8.49972
          ],
          [
            124.74928,
            8.49974
          ],
          [
            124.74936,
            8.49981
          ],
          [
            124.74942,
            8.49986
          ],
          [
            124.74975,
            8.49957
          ],
          [
            124.74993,
            8.49939
          ],
          [
            124.75005,
            8.49928
          ],
          [
            124.75014,
            8.49921
          ],
          [
            124.75011,
            8.49916
          ],
          [
            124.75008,
            8.49913
          ],
          [
            124.75007,
            8.49911
          ],
          [
            124.75007,
            8.4991
          ],
          [
            124.75006,
            8.4991
          ],
          [
            124.75006,
            8.49909
          ],
          [
            124.75007,
            8.49908
          ],
          [
            124.75007,
            8.49907
          ],
          [
            124.75008,
            8.49906
          ],
          [
            124.7501,
            8.49904
          ],
          [
            124.75013,
            8.49901
          ],
          [
            124.75016,
            8.49898
          ],
          [
            124.75045,
            8.49871
          ],
          [
            124.75054,
            8.49862
          ],
          [
            124.75057,
            8.49859
          ],
          [
            124.7508,
            8.4987
          ],
          [
            124.75083,
            8.49874
          ],
          [
            124.75084,
            8.49876
          ],
          [
            124.75084,
            8.49877
          ],
          [
            124.75085,
            8.49878
          ],
          [
            124.75084,
            8.4988
          ],
          [
            124.75084,
            8.49881
          ],
          [
            124.75083,
            8.49883
          ],
          [
            124.75079,
            8.49888
          ],
          [
            124.75067,
            8.49898
          ],
          [
            124.75027,
            8.49935
          ],
          [
            124.7506,
            8.49972
          ],
          [
            124.75081,
            8.49994
          ],
          [
            124.7511,
            8.50022
          ],
          [
            124.75083,
            8.50054
          ],
          [
            124.75055,
            8.50089
          ],
          [
            124.75045,
            8.50099
          ],
          [
            124.75035,
            8.50091
          ],
          [
            124.74988,
            8.50049
          ],
          [
            124.74957,
            8.5002
          ],
          [
            124.74937,
            8.49997
          ],
          [
            124.74932,
            8.49991
          ],
          [
            124.74929,
            8.49987
          ],
          [
            124.74924,
            8.49976
          ],
          [
            124.74923,
            8.49972
          ],
          [
            124.74905,
            8.49949
          ],
          [
            124.74904,
            8.49947
          ],
          [
            124.74902,
            8.49944
          ],
          [
            124.74887,
            8.49926
          ],
          [
            124.74886,
            8.49923
          ],
          [
            124.74871,
            8.49903
          ],
          [
            124.74825,
            8.49834
          ],
          [
            124.74806,
            8.49807
          ],
          [
            124.74806,
            8.49806
          ],
          [
            124.74797,
            8.49793
          ],
          [
            124.74789,
            8.49781
          ],
          [
            124.74773,
            8.49759
          ],
          [
            124.74757,
            8.49737
          ],
          [
            124.7473,
            8.49702
          ],
          [
            124.74715,
            8.4968
          ],
          [
            124.74708,
            8.49672
          ],
          [
            124.74701,
            8.49663
          ],
          [
            124.74691,
            8.49651
          ],
          [
            124.7468,
            8.49639
          ],
          [
            124.74656,
            8.49611
          ],
          [
            124.74644,
            8.49598
          ],
          [
            124.74632,
            8.49585
          ],
          [
            124.74617,
            8.49569
          ],
          [
            124.74602,
            8.49555
          ],
          [
            124.74588,
            8.49542
          ],
          [
            124.74569,
            8.49524
          ],
          [
            124.74545,
            8.49501
          ],
          [
            124.74461,
            8.49427
          ],
          [
            124.74451,
            8.49418
          ],
          [
            124.74424,
            8.49394
          ],
          [
            124.74391,
            8.49364
          ],
          [
            124.74383,
            8.49356
          ],
          [
            124.74369,
            8.49344
          ],
          [
            124.7435,
            8.49326
          ],
          [
            124.74329,
            8.49307
          ],
          [
            124.74306,
            8.49286
          ],
          [
            124.74283,
            8.49265
          ],
          [
            124.74236,
            8.49223
          ],
          [
            124.74227,
            8.49214
          ],
          [
            124.74222,
            8.4921
          ],
          [
            124.74209,
            8.49198
          ],
          [
            124.74195,
            8.49185
          ],
          [
            124.74142,
            8.49136
          ],
          [
            124.74079,
            8.49078
          ],
          [
            124.74023,
            8.49025
          ],
          [
            124.7398,
            8.4898
          ],
          [
            124.73965,
            8.48968
          ],
          [
            124.73941,
            8.48948
          ],
          [
            124.73934,
            8.48942
          ],
          [
            124.73905,
            8.48918
          ],
          [
            124.73899,
            8.48913
          ],
          [
            124.73865,
            8.48889
          ],
          [
            124.73833,
            8.48869
          ],
          [
            124.73824,
            8.48862
          ],
          [
            124.73818,
            8.48858
          ],
          [
            124.73798,
            8.48843
          ],
          [
            124.73774,
            8.48827
          ],
          [
            124.73751,
            8.48813
          ],
          [
            124.73739,
            8.48804
          ],
          [
            124.73705,
            8.4878
          ],
          [
            124.73676,
            8.48759
          ],
          [
            124.73636,
            8.48729
          ],
          [
            124.73553,
            8.48669
          ],
          [
            124.73489,
            8.48626
          ],
          [
            124.73477,
            8.48618
          ],
          [
            124.73442,
            8.48594
          ],
          [
            124.73398,
            8.48567
          ],
          [
            124.73394,
            8.48564
          ],
          [
            124.73345,
            8.48536
          ],
          [
            124.73322,
            8.48523
          ],
          [
            124.73302,
            8.48511
          ],
          [
            124.73291,
            8.48505
          ],
          [
            124.73251,
            8.48482
          ],
          [
            124.73169,
            8.48432
          ],
          [
            124.7315,
            8.48421
          ],
          [
            124.73131,
            8.48408
          ],
          [
            124.73119,
            8.48401
          ],
          [
            124.73106,
            8.48392
          ],
          [
            124.73085,
            8.48377
          ],
          [
            124.73076,
            8.4837
          ],
          [
            124.73068,
            8.48364
          ],
          [
            124.73057,
            8.48355
          ],
          [
            124.7305,
            8.48349
          ],
          [
            124.73014,
            8.48319
          ],
          [
            124.72996,
            8.48305
          ],
          [
            124.72973,
            8.48288
          ],
          [
            124.72951,
            8.4827
          ],
          [
            124.72944,
            8.48268
          ],
          [
            124.72929,
            8.48256
          ],
          [
            124.72912,
            8.48242
          ],
          [
            124.72777,
            8.48143
          ],
          [
            124.72737,
            8.48116
          ],
          [
            124.72719,
            8.48103
          ],
          [
            124.72704,
            8.48092
          ],
          [
            124.72669,
            8.4807
          ],
          [
            124.72647,
            8.48056
          ],
          [
            124.72644,
            8.48054
          ],
          [
            124.72597,
            8.48027
          ],
          [
            124.72589,
            8.48022
          ],
          [
            124.72582,
            8.48017
          ],
          [
            124.72575,
            8.48013
          ],
          [
            124.72573,
            8.4801
          ],
          [
            124.72557,
            8.48
          ],
          [
            124.72552,
            8.47997
          ],
          [
            124.72547,
            8.47994
          ],
          [
            124.72538,
            8.47989
          ],
          [
            124.72526,
            8.47983
          ],
          [
            124.72507,
            8.47974
          ],
          [
            124.72473,
            8.47955
          ],
          [
            124.7246,
            8.47948
          ],
          [
            124.72453,
            8.47944
          ],
          [
            124.7243,
            8.47932
          ],
          [
            124.72393,
            8.47913
          ],
          [
            124.72352,
            8.4789
          ],
          [
            124.72325,
            8.47875
          ],
          [
            124.72298,
            8.47861
          ],
          [
            124.72231,
            8.47829
          ],
          [
            124.72214,
            8.47821
          ],
          [
            124.72106,
            8.47772
          ],
          [
            124.72073,
            8.47756
          ],
          [
            124.72024,
            8.47734
          ],
          [
            124.72016,
            8.4773
          ],
          [
            124.71937,
            8.47695
          ],
          [
            124.71863,
            8.47659
          ],
          [
            124.71829,
            8.47643
          ],
          [
            124.71798,
            8.4763
          ],
          [
            124.71761,
            8.47614
          ],
          [
            124.71736,
            8.47602
          ],
          [
            124.71715,
            8.47592
          ],
          [
            124.71688,
            8.47578
          ],
          [
            124.71659,
            8.47564
          ],
          [
            124.71637,
            8.47553
          ],
          [
            124.71606,
            8.47536
          ],
          [
            124.71571,
            8.47518
          ],
          [
            124.71549,
            8.47505
          ],
          [
            124.71514,
            8.47485
          ],
          [
            124.71463,
            8.47457
          ],
          [
            124.71448,
            8.47449
          ],
          [
            124.71437,
            8.47443
          ],
          [
            124.7142,
            8.47433
          ],
          [
            124.71419,
            8.47432
          ],
          [
            124.71394,
            8.47416
          ],
          [
            124.71363,
            8.47393
          ],
          [
            124.71359,
            8.47391
          ],
          [
            124.71334,
            8.47372
          ],
          [
            124.71305,
            8.4735
          ],
          [
            124.71266,
            8.47317
          ],
          [
            124.7122,
            8.4728
          ],
          [
            124.71214,
            8.47275
          ],
          [
            124.71161,
            8.47231
          ],
          [
            124.71149,
            8.47222
          ],
          [
            124.71133,
            8.4721
          ],
          [
            124.71115,
            8.47197
          ],
          [
            124.71104,
            8.47189
          ],
          [
            124.7109,
            8.47179
          ],
          [
            124.71062,
            8.47163
          ],
          [
            124.71056,
            8.47159
          ],
          [
            124.71034,
            8.47146
          ],
          [
            124.7102,
            8.47137
          ],
          [
            124.71,
            8.47126
          ],
          [
            124.70986,
            8.47119
          ],
          [
            124.70944,
            8.47099
          ],
          [
            124.70915,
            8.47087
          ],
          [
            124.70893,
            8.47079
          ],
          [
            124.70868,
            8.47071
          ],
          [
            124.70866,
            8.4707
          ],
          [
            124.7084,
            8.47062
          ],
          [
            124.70816,
            8.47057
          ],
          [
            124.70767,
            8.47044
          ],
          [
            124.70717,
            8.47032
          ],
          [
            124.70686,
            8.47025
          ],
          [
            124.70667,
            8.4702
          ],
          [
            124.7062,
            8.47008
          ],
          [
            124.70609,
            8.47006
          ],
          [
            124.70565,
            8.46996
          ],
          [
            124.70518,
            8.46985
          ],
          [
            124.70512,
            8.46984
          ],
          [
            124.70455,
            8.46971
          ],
          [
            124.70442,
            8.46968
          ],
          [
            124.7041,
            8.46965
          ],
          [
            124.70376,
            8.46965
          ],
          [
            124.70352,
            8.46967
          ],
          [
            124.70331,
            8.46969
          ],
          [
            124.70321,
            8.46971
          ],
          [
            124.70304,
            8.46974
          ],
          [
            124.7028,
            8.4698
          ],
          [
            124.70269,
            8.46984
          ],
          [
            124.70267,
            8.46985
          ],
          [
            124.70252,
            8.4699
          ],
          [
            124.70245,
            8.46993
          ],
          [
            124.70231,
            8.46999
          ],
          [
            124.70182,
            8.4702
          ],
          [
            124.70173,
            8.47026
          ],
          [
            124.70123,
            8.47048
          ],
          [
            124.7007,
            8.47073
          ],
          [
            124.70011,
            8.47101
          ],
          [
            124.69951,
            8.4713
          ],
          [
            124.69923,
            8.47142
          ],
          [
            124.69911,
            8.47149
          ],
          [
            124.69789,
            8.47207
          ],
          [
            124.69733,
            8.47234
          ],
          [
            124.69713,
            8.47244
          ],
          [
            124.69644,
            8.47277
          ],
          [
            124.69535,
            8.47331
          ],
          [
            124.69468,
            8.47363
          ],
          [
            124.6943,
            8.4738
          ],
          [
            124.69425,
            8.47382
          ],
          [
            124.69398,
            8.47394
          ],
          [
            124.69384,
            8.47403
          ],
          [
            124.69349,
            8.47419
          ],
          [
            124.69304,
            8.4744
          ],
          [
            124.69255,
            8.47461
          ],
          [
            124.6923,
            8.47471
          ],
          [
            124.69224,
            8.47475
          ],
          [
            124.69219,
            8.47477
          ],
          [
            124.69212,
            8.47479
          ],
          [
            124.69199,
            8.47483
          ],
          [
            124.69185,
            8.47485
          ],
          [
            124.69172,
            8.47487
          ],
          [
            124.69164,
            8.47487
          ],
          [
            124.69154,
            8.47488
          ],
          [
            124.69143,
            8.47488
          ],
          [
            124.69078,
            8.47486
          ],
          [
            124.69004,
            8.47483
          ],
          [
            124.69003,
            8.47483
          ],
          [
            124.68868,
            8.47477
          ],
          [
            124.68795,
            8.47475
          ],
          [
            124.68774,
            8.47474
          ],
          [
            124.68747,
            8.47472
          ],
          [
            124.68723,
            8.4747
          ],
          [
            124.68708,
            8.47468
          ],
          [
            124.68703,
            8.47467
          ],
          [
            124.68702,
            8.47466
          ],
          [
            124.68701,
            8.47466
          ],
          [
            124.68701,
            8.47465
          ],
          [
            124.687,
            8.47465
          ],
          [
            124.68586,
            8.47451
          ],
          [
            124.68494,
            8.47435
          ],
          [
            124.68378,
            8.47418
          ],
          [
            124.68371,
            8.47418
          ],
          [
            124.68351,
            8.47417
          ],
          [
            124.68333,
            8.47417
          ],
          [
            124.68322,
            8.47417
          ],
          [
            124.68316,
            8.47418
          ],
          [
            124.68307,
            8.47419
          ],
          [
            124.68294,
            8.4742
          ],
          [
            124.683,
            8.47463
          ],
          [
            124.68306,
            8.47506
          ],
          [
            124.68312,
            8.47551
          ],
          [
            124.68273,
            8.4756
          ]
        ]
      },
      "properties": {
        "name": "Gusa (R1) – Puerto Public Market"
      }
    },
    {
      "type": "Feature",
      "geometry": {
        "type": "LineString",
        "coordinates": [
          [
            124.67842,
            8.47698
          ],
          [
            124.67877,
            8.47689
          ],
          [
            124.67918,
            8.47679
          ],
          [
            124.67933,
            8.47675
          ],
          [
            124.67945,
            8.47672
          ],
          [
            124.67946,
            8.47671
          ],
          [
            124.67948,
            8.47671
          ],
          [
            124.67949,
            8.47671
          ],
          [
            124.67958,
            8.4767
          ],
          [
            124.67979,
            8.47664
          ],
          [
            124.67993,
            8.4766
          ],
          [
            124.68023,
            8.47651
          ],
          [
            124.68039,
            8.47646
          ],
          [
            124.68051,
            8.47643
          ],
          [
            124.68055,
            8.47641
          ],
          [
            124.68062,
            8.47639
          ],
          [
            124.68074,
            8.47633
          ],
          [
            124.68092,
            8.47623
          ],
          [
            124.68105,
            8.47615
          ],
          [
            124.68113,
            8.47609
          ],
          [
            124.68124,
            8.47603
          ],
          [
            124.68135,
            8.47596
          ],
          [
            124.68141,
            8.47593
          ],
          [
            124.68146,
            8.4759
          ],
          [
            124.68153,
            8.47587
          ],
          [
            124.68161,
            8.47584
          ],
          [
            124.68169,
            8.47581
          ],
          [
            124.68185,
            8.47578
          ],
          [
            124.68233,
            8.47569
          ],
          [
            124.68228,
            8.47519
          ],
          [
            124.68221,
            8.47477
          ],
          [
            124.68218,
            8.47458
          ],
          [
            124.68213,
            8.47432
          ],
          [
            124.68216,
            8.47432
          ],
          [
            124.68206,
            8.47402
          ],
          [
            124.68204,
            8.47395
          ],
          [
            124.68197,
            8.47378
          ],
          [
            124.68182,
            8.47334
          ],
          [
            124.68177,
            8.47321
          ],
          [
            124.68172,
            8.47311
          ],
          [
            124.68168,
            8.47305
          ],
          [
            124.68163,
            8.47297
          ],
          [
            124.68153,
            8.47281
          ],
          [
            124.6813,
            8.47246
          ],
          [
            124.68113,
            8.47221
          ],
          [
            124.68083,
            8.4718
          ],
          [
            124.68079,
            8.47175
          ],
          [
            124.68067,
            8.4716
          ],
          [
            124.68061,
            8.47156
          ],
          [
            124.68057,
            8.47154
          ],
          [
            124.68054,
            8.47153
          ],
          [
            124.68052,
            8.47152
          ],
          [
            124.6805,
            8.47151
          ],
          [
            124.68047,
            8.4715
          ],
          [
            124.68045,
            8.4715
          ],
          [
            124.68044,
            8.4715
          ],
          [
            124.68043,
            8.47151
          ],
          [
            124.6804,
            8.47151
          ],
          [
            124.68039,
            8.47152
          ],
          [
            124.68036,
            8.47153
          ],
          [
            124.68034,
            8.47155
          ],
          [
            124.68029,
            8.47157
          ],
          [
            124.67929,
            8.47226
          ],
          [
            124.67903,
            8.47243
          ],
          [
            124.67804,
            8.47311
          ],
          [
            124.67794,
            8.47317
          ],
          [
            124.67778,
            8.47327
          ],
          [
            124.67703,
            8.4738
          ],
          [
            124.67635,
            8.47427
          ],
          [
            124.67608,
            8.47446
          ],
          [
            124.67591,
            8.47457
          ],
          [
            124.67579,
            8.47464
          ],
          [
            124.67573,
            8.47467
          ],
          [
            124.67564,
            8.47471
          ],
          [
            124.67556,
            8.47475
          ],
          [
            124.67546,
            8.47479
          ],
          [
            124.67525,
            8.47483
          ],
          [
            124.67506,
            8.47489
          ],
          [
            124.67479,
            8.47498
          ],
          [
            124.67466,
            8.47502
          ],
          [
            124.67457,
            8.47506
          ],
          [
            124.67434,
            8.47513
          ],
          [
            124.67419,
            8.47517
          ],
          [
            124.67418,
            8.47517
          ],
          [
            124.67407,
            8.47519
          ],
          [
            124.67389,
            8.4752
          ],
          [
            124.67372,
            8.4752
          ],
          [
            124.67301,
            8.47521
          ],
          [
            124.67288,
            8.47528
          ],
          [
            124.67282,
            8.47529
          ],
          [
            124.67256,
            8.47535
          ],
          [
            124.67242,
            8.47539
          ],
          [
            124.67239,
            8.4754
          ],
          [
            124.67211,
            8.47548
          ],
          [
            124.6721,
            8.47548
          ],
          [
            124.67182,
            8.47554
          ],
          [
            124.67168,
            8.47558
          ],
          [
            124.67162,
            8.47559
          ],
          [
            124.67146,
            8.47561
          ],
          [
            124.67136,
            8.47562
          ],
          [
            124.67124,
            8.47562
          ],
          [
            124.67122,
            8.47561
          ],
          [
            124.67107,
            8.4756
          ],
          [
            124.67086,
            8.47556
          ],
          [
            124.67084,
            8.47556
          ],
          [
            124.67046,
            8.47547
          ],
          [
            124.66954,
            8.47524
          ],
          [
            124.66913,
            8.47514
          ],
          [
            124.66883,
            8.47506
          ],
          [
            124.66871,
            8.47504
          ],
          [
            124.66862,
            8.47504
          ],
          [
            124.66853,
            8.47504
          ],
          [
            124.66847,
            8.47504
          ],
          [
            124.66841,
            8.47505
          ],
          [
            124.6683,
            8.47507
          ],
          [
            124.66818,
            8.4751
          ],
          [
            124.66811,
            8.47512
          ],
          [
            124.66801,
            8.47515
          ],
          [
            124.66786,
            8.47519
          ],
          [
            124.66732,
            8.47536
          ],
          [
            124.66683,
            8.4755
          ],
          [
            124.66673,
            8.47553
          ],
          [
            124.66662,
            8.47555
          ],
          [
            124.66651,
            8.47557
          ],
          [
            124.66632,
            8.47559
          ],
          [
            124.66619,
            8.47559
          ],
          [
            124.66599,
            8.4756
          ],
          [
            124.66595,
            8.47559
          ],
          [
            124.66555,
            8.47558
          ],
          [
            124.665,
            8.47558
          ],
          [
            124.66492,
            8.47558
          ],
          [
            124.66454,
            8.47558
          ],
          [
            124.66429,
            8.4756
          ],
          [
            124.66395,
            8.47562
          ],
          [
            124.66394,
            8.47562
          ],
          [
            124.6638,
            8.47563
          ],
          [
            124.66365,
            8.47566
          ],
          [
            124.66343,
            8.47569
          ],
          [
            124.66312,
            8.47573
          ],
          [
            124.66275,
            8.47579
          ],
          [
            124.66251,
            8.47583
          ],
          [
            124.66233,
            8.47586
          ],
          [
            124.6622,
            8.47589
          ],
          [
            124.66208,
            8.47592
          ],
          [
            124.66202,
            8.47594
          ],
          [
            124.66192,
            8.47597
          ],
          [
            124.66174,
            8.47604
          ],
          [
            124.66159,
            8.47611
          ],
          [
            124.66143,
            8.47618
          ],
          [
            124.66137,
            8.4762
          ],
          [
            124.66105,
            8.47634
          ],
          [
            124.66102,
            8.47635
          ],
          [
            124.66098,
            8.47637
          ],
          [
            124.66091,
            8.47638
          ],
          [
            124.66083,
            8.47639
          ],
          [
            124.66076,
            8.47639
          ],
          [
            124.66067,
            8.47639
          ],
          [
            124.66058,
            8.47638
          ],
          [
            124.66046,
            8.47636
          ],
          [
            124.66033,
            8.47633
          ],
          [
            124.66014,
            8.47627
          ],
          [
            124.66003,
            8.47625
          ],
          [
            124.65988,
            8.47624
          ],
          [
            124.65978,
            8.47624
          ],
          [
            124.65963,
            8.47626
          ],
          [
            124.65953,
            8.47628
          ],
          [
            124.65942,
            8.47631
          ],
          [
            124.65938,
            8.47633
          ],
          [
            124.65934,
            8.47634
          ],
          [
            124.6593,
            8.47635
          ],
          [
            124.65926,
            8.47636
          ],
          [
            124.65923,
            8.47636
          ],
          [
            124.65919,
            8.47637
          ],
          [
            124.65916,
            8.47637
          ],
          [
            124.65912,
            8.47637
          ],
          [
            124.65908,
            8.47637
          ],
          [
            124.65894,
            8.47636
          ],
          [
            124.6587,
            8.47632
          ],
          [
            124.65853,
            8.47631
          ],
          [
            124.65851,
            8.47631
          ],
          [
            124.6584,
            8.47631
          ],
          [
            124.6583,
            8.47631
          ],
          [
            124.6582,
            8.47632
          ],
          [
            124.65793,
            8.47638
          ],
          [
            124.65766,
            8.47643
          ],
          [
            124.65753,
            8.47645
          ],
          [
            124.6575,
            8.47645
          ],
          [
            124.65729,
            8.47646
          ],
          [
            124.65714,
            8.47645
          ],
          [
            124.65694,
            8.47643
          ],
          [
            124.65682,
            8.47643
          ],
          [
            124.65669,
            8.47643
          ],
          [
            124.65659,
            8.47644
          ],
          [
            124.6564,
            8.47645
          ],
          [
            124.65633,
            8.47646
          ],
          [
            124.65548,
            8.47656
          ],
          [
            124.65519,
            8.4766
          ],
          [
            124.65411,
            8.47672
          ],
          [
            124.65405,
            8.47673
          ],
          [
            124.65404,
            8.47673
          ],
          [
            124.65402,
            8.47672
          ],
          [
            124.654,
            8.47671
          ],
          [
            124.65398,
            8.4767
          ],
          [
            124.65352,
            8.47673
          ],
          [
            124.65288,
            8.4768
          ],
          [
            124.65221,
            8.47687
          ],
          [
            124.65152,
            8.47692
          ],
          [
            124.65134,
            8.47694
          ],
          [
            124.65116,
            8.47695
          ],
          [
            124.65098,
            8.47697
          ],
          [
            124.65091,
            8.47698
          ],
          [
            124.65088,
            8.477
          ],
          [
            124.65085,
            8.47702
          ],
          [
            124.65084,
            8.47703
          ],
          [
            124.65076,
            8.47704
          ],
          [
            124.65006,
            8.47724
          ],
          [
            124.6496,
            8.47738
          ],
          [
            124.64949,
            8.4774
          ],
          [
            124.64945,
            8.47741
          ],
          [
            124.64939,
            8.47741
          ],
          [
            124.64919,
            8.47746
          ],
          [
            124.64888,
            8.47754
          ],
          [
            124.64866,
            8.47759
          ],
          [
            124.64856,
            8.47763
          ],
          [
            124.64843,
            8.47767
          ],
          [
            124.64789,
            8.4779
          ],
          [
            124.64688,
            8.47832
          ],
          [
            124.64663,
            8.47841
          ],
          [
            124.64643,
            8.47849
          ],
          [
            124.64538,
            8.47881
          ],
          [
            124.64452,
            8.47907
          ],
          [
            124.64374,
            8.47932
          ],
          [
            124.64339,
            8.47942
          ],
          [
            124.64328,
            8.479
          ],
          [
            124.64313,
            8.47844
          ],
          [
            124.64303,
            8.47804
          ],
          [
            124.64296,
            8.47779
          ],
          [
            124.64285,
            8.47738
          ],
          [
            124.64338,
            8.47719
          ],
          [
            124.64408,
            8.47693
          ],
          [
            124.64497,
            8.47663
          ],
          [
            124.64583,
            8.4764
          ],
          [
            124.64588,
            8.47661
          ],
          [
            124.64589,
            8.47667
          ],
          [
            124.64591,
            8.47672
          ],
          [
            124.64597,
            8.47703
          ],
          [
            124.64601,
            8.47719
          ],
          [
            124.64601,
            8.47719
          ],
          [
            124.64603,
            8.47726
          ],
          [
            124.64606,
            8.4774
          ],
          [
            124.64614,
            8.47778
          ],
          [
            124.64614,
            8.47779
          ],
          [
            124.64617,
            8.47789
          ],
          [
            124.6462,
            8.47799
          ],
          [
            124.64621,
            8.47801
          ],
          [
            124.64623,
            8.47807
          ],
          [
            124.64627,
            8.47816
          ],
          [
            124.64627,
            8.47817
          ],
          [
            124.64635,
            8.47835
          ],
          [
            124.64643,
            8.47849
          ],
          [
            124.64663,
            8.47841
          ],
          [
            124.64688,
            8.47832
          ],
          [
            124.64789,
            8.4779
          ],
          [
            124.64843,
            8.47767
          ],
          [
            124.64856,
            8.47763
          ],
          [
            124.64866,
            8.47759
          ],
          [
            124.64888,
            8.47754
          ],
          [
            124.64919,
            8.47746
          ],
          [
            124.64939,
            8.47741
          ],
          [
            124.64943,
            8.47735
          ],
          [
            124.64945,
            8.47732
          ],
          [
            124.6495,
            8.47728
          ],
          [
            124.64954,
            8.47726
          ],
          [
            124.64959,
            8.47724
          ],
          [
            124.64974,
            8.47719
          ],
          [
            124.65003,
            8.47712
          ],
          [
            124.65075,
            8.47695
          ],
          [
            124.65082,
            8.47695
          ],
          [
            124.65087,
            8.47696
          ],
          [
            124.65089,
            8.47696
          ],
          [
            124.65091,
            8.47698
          ],
          [
            124.65098,
            8.47697
          ],
          [
            124.65116,
            8.47695
          ],
          [
            124.65134,
            8.47694
          ],
          [
            124.65152,
            8.47692
          ],
          [
            124.65221,
            8.47687
          ],
          [
            124.65288,
            8.4768
          ],
          [
            124.65352,
            8.47673
          ],
          [
            124.65398,
            8.4767
          ],
          [
            124.65399,
            8.47669
          ],
          [
            124.65401,
            8.47668
          ],
          [
            124.65402,
            8.47667
          ],
          [
            124.65404,
            8.47667
          ],
          [
            124.65411,
            8.47666
          ],
          [
            124.65504,
            8.47653
          ],
          [
            124.65547,
            8.47648
          ],
          [
            124.65568,
            8.47645
          ],
          [
            124.65605,
            8.47641
          ],
          [
            124.65639,
            8.47637
          ],
          [
            124.65652,
            8.47636
          ],
          [
            124.65669,
            8.47635
          ],
          [
            124.65686,
            8.47635
          ],
          [
            124.65703,
            8.47636
          ],
          [
            124.6572,
            8.47638
          ],
          [
            124.65731,
            8.47639
          ],
          [
            124.65737,
            8.47638
          ],
          [
            124.65743,
            8.47638
          ],
          [
            124.6575,
            8.47637
          ],
          [
            124.65802,
            8.47628
          ],
          [
            124.65821,
            8.47625
          ],
          [
            124.65837,
            8.47623
          ],
          [
            124.65854,
            8.47623
          ],
          [
            124.65882,
            8.47627
          ],
          [
            124.65899,
            8.47629
          ],
          [
            124.6591,
            8.4763
          ],
          [
            124.65913,
            8.4763
          ],
          [
            124.65916,
            8.4763
          ],
          [
            124.6592,
            8.47629
          ],
          [
            124.65934,
            8.47626
          ],
          [
            124.65961,
            8.47619
          ],
          [
            124.65971,
            8.47617
          ],
          [
            124.65977,
            8.47617
          ],
          [
            124.65981,
            8.47616
          ],
          [
            124.65988,
            8.47616
          ],
          [
            124.65995,
            8.47617
          ],
          [
            124.66004,
            8.47617
          ],
          [
            124.66018,
            8.47619
          ],
          [
            124.66047,
            8.47627
          ],
          [
            124.66056,
            8.47629
          ],
          [
            124.66063,
            8.4763
          ],
          [
            124.66073,
            8.4763
          ],
          [
            124.66081,
            8.4763
          ],
          [
            124.66088,
            8.47629
          ],
          [
            124.66094,
            8.47628
          ],
          [
            124.66099,
            8.47627
          ],
          [
            124.66107,
            8.47625
          ],
          [
            124.66124,
            8.47618
          ],
          [
            124.66154,
            8.47604
          ],
          [
            124.6617,
            8.47598
          ],
          [
            124.66191,
            8.47589
          ],
          [
            124.66206,
            8.47585
          ],
          [
            124.66221,
            8.47581
          ],
          [
            124.66239,
            8.47577
          ],
          [
            124.66342,
            8.4756
          ],
          [
            124.66364,
            8.47557
          ],
          [
            124.66384,
            8.47555
          ],
          [
            124.66394,
            8.47555
          ],
          [
            124.66422,
            8.47553
          ],
          [
            124.66458,
            8.47551
          ],
          [
            124.66493,
            8.47549
          ],
          [
            124.66498,
            8.47549
          ],
          [
            124.66505,
            8.47549
          ],
          [
            124.66533,
            8.47549
          ],
          [
            124.66558,
            8.4755
          ],
          [
            124.66587,
            8.4755
          ],
          [
            124.66614,
            8.4755
          ],
          [
            124.66628,
            8.4755
          ],
          [
            124.66633,
            8.47549
          ],
          [
            124.66664,
            8.47545
          ],
          [
            124.6668,
            8.47542
          ],
          [
            124.66687,
            8.4754
          ],
          [
            124.66697,
            8.47537
          ],
          [
            124.66749,
            8.47521
          ],
          [
            124.66767,
            8.47516
          ],
          [
            124.66806,
            8.47505
          ],
          [
            124.66808,
            8.47504
          ],
          [
            124.66827,
            8.47499
          ],
          [
            124.66838,
            8.47498
          ],
          [
            124.66847,
            8.47496
          ],
          [
            124.66854,
            8.47496
          ],
          [
            124.66859,
            8.47496
          ],
          [
            124.66865,
            8.47496
          ],
          [
            124.66876,
            8.47498
          ],
          [
            124.66885,
            8.47499
          ],
          [
            124.66898,
            8.47502
          ],
          [
            124.66915,
            8.47506
          ],
          [
            124.66959,
            8.47517
          ],
          [
            124.67056,
            8.47541
          ],
          [
            124.67084,
            8.47548
          ],
          [
            124.67086,
            8.47548
          ],
          [
            124.67093,
            8.4755
          ],
          [
            124.67106,
            8.47552
          ],
          [
            124.67114,
            8.47553
          ],
          [
            124.67125,
            8.47554
          ],
          [
            124.67136,
            8.47554
          ],
          [
            124.67145,
            8.47553
          ],
          [
            124.67154,
            8.47552
          ],
          [
            124.67166,
            8.4755
          ],
          [
            124.67169,
            8.4755
          ],
          [
            124.67186,
            8.47546
          ],
          [
            124.67202,
            8.47543
          ],
          [
            124.67208,
            8.47541
          ],
          [
            124.6724,
            8.47532
          ],
          [
            124.67287,
            8.4752
          ],
          [
            124.67301,
            8.47521
          ],
          [
            124.67372,
            8.4752
          ],
          [
            124.67389,
            8.4752
          ],
          [
            124.67407,
            8.47519
          ],
          [
            124.67418,
            8.47517
          ],
          [
            124.67419,
            8.47517
          ],
          [
            124.67434,
            8.47513
          ],
          [
            124.67457,
            8.47506
          ],
          [
            124.67466,
            8.47502
          ],
          [
            124.67479,
            8.47498
          ],
          [
            124.67506,
            8.47489
          ],
          [
            124.67525,
            8.47483
          ],
          [
            124.67542,
            8.47471
          ],
          [
            124.67557,
            8.47465
          ],
          [
            124.67565,
            8.47462
          ],
          [
            124.67578,
            8.47454
          ],
          [
            124.67595,
            8.47443
          ],
          [
            124.67629,
            8.47421
          ],
          [
            124.6766,
            8.474
          ],
          [
            124.67697,
            8.47374
          ],
          [
            124.67789,
            8.4731
          ],
          [
            124.67797,
            8.47304
          ],
          [
            124.67801,
            8.47301
          ],
          [
            124.67917,
            8.47222
          ],
          [
            124.67941,
            8.47206
          ],
          [
            124.68025,
            8.47151
          ],
          [
            124.68031,
            8.47147
          ],
          [
            124.68038,
            8.47144
          ],
          [
            124.68042,
            8.47143
          ],
          [
            124.68045,
            8.47142
          ],
          [
            124.68048,
            8.47142
          ],
          [
            124.68052,
            8.47142
          ],
          [
            124.68055,
            8.47143
          ],
          [
            124.68058,
            8.47145
          ],
          [
            124.68063,
            8.4715
          ],
          [
            124.68065,
            8.47153
          ],
          [
            124.68066,
            8.47155
          ],
          [
            124.68067,
            8.4716
          ],
          [
            124.68079,
            8.47175
          ],
          [
            124.68083,
            8.4718
          ],
          [
            124.68113,
            8.47221
          ],
          [
            124.6813,
            8.47246
          ],
          [
            124.68153,
            8.47281
          ],
          [
            124.68163,
            8.47297
          ],
          [
            124.68168,
            8.47305
          ],
          [
            124.68172,
            8.47311
          ],
          [
            124.68177,
            8.47321
          ],
          [
            124.68182,
            8.47334
          ],
          [
            124.68197,
            8.47378
          ],
          [
            124.68204,
            8.47395
          ],
          [
            124.68206,
            8.47402
          ],
          [
            124.68216,
            8.47432
          ],
          [
            124.68213,
            8.47432
          ],
          [
            124.68194,
            8.47435
          ],
          [
            124.68174,
            8.47439
          ],
          [
            124.68158,
            8.47444
          ],
          [
            124.68144,
            8.47448
          ],
          [
            124.68128,
            8.47454
          ],
          [
            124.6811,
            8.47462
          ],
          [
            124.68089,
            8.47473
          ],
          [
            124.68059,
            8.47493
          ],
          [
            124.68037,
            8.47509
          ],
          [
            124.67984,
            8.47545
          ],
          [
            124.67958,
            8.47564
          ],
          [
            124.67933,
            8.4758
          ],
          [
            124.67906,
            8.47598
          ],
          [
            124.67836,
            8.47645
          ],
          [
            124.6774,
            8.47703
          ],
          [
            124.67687,
            8.47732
          ],
          [
            124.67689,
            8.47733
          ],
          [
            124.67695,
            8.47734
          ],
          [
            124.677,
            8.47734
          ],
          [
            124.67741,
            8.47725
          ],
          [
            124.67765,
            8.47719
          ],
          [
            124.67786,
            8.47712
          ],
          [
            124.67834,
            8.477
          ],
          [
            124.67842,
            8.47698
          ]
        ]
      },
      "properties": {
        "name": "Gusa (R2) – Divisoria Park"
      }
    },
    {
      "type": "Feature",
      "geometry": {
        "type": "LineString",
        "coordinates": [
          [
            124.66701,
            8.42149
          ],
          [
            124.66694,
            8.42216
          ],
          [
            124.66686,
            8.42306
          ],
          [
            124.66685,
            8.42321
          ],
          [
            124.66661,
            8.42551
          ],
          [
            124.66657,
            8.42597
          ],
          [
            124.66649,
            8.42667
          ],
          [
            124.66642,
            8.42723
          ],
          [
            124.6664,
            8.42746
          ],
          [
            124.66625,
            8.42903
          ],
          [
            124.66625,
            8.42909
          ],
          [
            124.66613,
            8.43027
          ],
          [
            124.66611,
            8.43049
          ],
          [
            124.6661,
            8.43054
          ],
          [
            124.66592,
            8.43238
          ],
          [
            124.66591,
            8.43251
          ],
          [
            124.66583,
            8.43326
          ],
          [
            124.66582,
            8.43332
          ],
          [
            124.66574,
            8.43412
          ],
          [
            124.6657,
            8.43458
          ],
          [
            124.66567,
            8.43484
          ],
          [
            124.66564,
            8.43503
          ],
          [
            124.6656,
            8.43527
          ],
          [
            124.66556,
            8.43546
          ],
          [
            124.66551,
            8.43565
          ],
          [
            124.66523,
            8.43663
          ],
          [
            124.66514,
            8.43688
          ],
          [
            124.66502,
            8.43719
          ],
          [
            124.66477,
            8.43775
          ],
          [
            124.66458,
            8.43817
          ],
          [
            124.66443,
            8.4385
          ],
          [
            124.66381,
            8.43984
          ],
          [
            124.6628,
            8.44204
          ],
          [
            124.66214,
            8.44363
          ],
          [
            124.66213,
            8.44364
          ],
          [
            124.66209,
            8.44376
          ],
          [
            124.66206,
            8.44385
          ],
          [
            124.66203,
            8.44394
          ],
          [
            124.66201,
            8.44402
          ],
          [
            124.66199,
            8.4441
          ],
          [
            124.66198,
            8.44417
          ],
          [
            124.66197,
            8.44426
          ],
          [
            124.66197,
            8.44434
          ],
          [
            124.66197,
            8.44442
          ],
          [
            124.66197,
            8.44451
          ],
          [
            124.66198,
            8.44461
          ],
          [
            124.66198,
            8.44474
          ],
          [
            124.66199,
            8.44484
          ],
          [
            124.66202,
            8.44505
          ],
          [
            124.6622,
            8.44544
          ],
          [
            124.66233,
            8.44589
          ],
          [
            124.66237,
            8.44723
          ],
          [
            124.66238,
            8.44759
          ],
          [
            124.66239,
            8.44874
          ],
          [
            124.66239,
            8.4491
          ],
          [
            124.66238,
            8.44937
          ],
          [
            124.66238,
            8.44939
          ],
          [
            124.66238,
            8.44944
          ],
          [
            124.66237,
            8.44951
          ],
          [
            124.66236,
            8.44958
          ],
          [
            124.66232,
            8.44974
          ],
          [
            124.6623,
            8.44982
          ],
          [
            124.66229,
            8.44988
          ],
          [
            124.66228,
            8.44992
          ],
          [
            124.66228,
            8.44993
          ],
          [
            124.66229,
            8.44997
          ],
          [
            124.6623,
            8.45001
          ],
          [
            124.66231,
            8.45006
          ],
          [
            124.66234,
            8.45014
          ],
          [
            124.66248,
            8.45045
          ],
          [
            124.66251,
            8.4505
          ],
          [
            124.66252,
            8.45055
          ],
          [
            124.66253,
            8.45059
          ],
          [
            124.66253,
            8.4506
          ],
          [
            124.66254,
            8.45065
          ],
          [
            124.66254,
            8.4507
          ],
          [
            124.66253,
            8.45077
          ],
          [
            124.66251,
            8.45085
          ],
          [
            124.66247,
            8.45113
          ],
          [
            124.66244,
            8.4513
          ],
          [
            124.66242,
            8.45143
          ],
          [
            124.66242,
            8.45158
          ],
          [
            124.66241,
            8.4517
          ],
          [
            124.66241,
            8.45184
          ],
          [
            124.66242,
            8.45199
          ],
          [
            124.66243,
            8.45209
          ],
          [
            124.66243,
            8.4522
          ],
          [
            124.66243,
            8.4523
          ],
          [
            124.66243,
            8.45242
          ],
          [
            124.66242,
            8.45253
          ],
          [
            124.66241,
            8.45266
          ],
          [
            124.66239,
            8.45278
          ],
          [
            124.66237,
            8.45289
          ],
          [
            124.66235,
            8.45299
          ],
          [
            124.66231,
            8.45313
          ],
          [
            124.66226,
            8.45334
          ],
          [
            124.66222,
            8.45348
          ],
          [
            124.66216,
            8.45363
          ],
          [
            124.66214,
            8.45371
          ],
          [
            124.66212,
            8.45377
          ],
          [
            124.66208,
            8.45393
          ],
          [
            124.66204,
            8.4541
          ],
          [
            124.66198,
            8.45441
          ],
          [
            124.66037,
            8.45446
          ],
          [
            124.66004,
            8.45447
          ],
          [
            124.65995,
            8.45449
          ],
          [
            124.65988,
            8.4545
          ],
          [
            124.65981,
            8.45451
          ],
          [
            124.65973,
            8.45454
          ],
          [
            124.65963,
            8.45458
          ],
          [
            124.65949,
            8.45464
          ],
          [
            124.65941,
            8.45468
          ],
          [
            124.65922,
            8.45476
          ],
          [
            124.65915,
            8.4548
          ],
          [
            124.65911,
            8.45482
          ],
          [
            124.65907,
            8.45485
          ],
          [
            124.65904,
            8.45488
          ],
          [
            124.65901,
            8.45491
          ],
          [
            124.65898,
            8.45495
          ],
          [
            124.65896,
            8.45499
          ],
          [
            124.65893,
            8.45505
          ],
          [
            124.6589,
            8.45512
          ],
          [
            124.65887,
            8.4552
          ],
          [
            124.65886,
            8.45524
          ],
          [
            124.65884,
            8.45529
          ],
          [
            124.65881,
            8.45538
          ],
          [
            124.6588,
            8.45541
          ],
          [
            124.65879,
            8.45547
          ],
          [
            124.65876,
            8.4556
          ],
          [
            124.65875,
            8.4557
          ],
          [
            124.65875,
            8.45581
          ],
          [
            124.65874,
            8.45607
          ],
          [
            124.65874,
            8.45614
          ],
          [
            124.65874,
            8.45621
          ],
          [
            124.65875,
            8.45627
          ],
          [
            124.65877,
            8.45631
          ],
          [
            124.6588,
            8.45638
          ],
          [
            124.65885,
            8.45642
          ],
          [
            124.65891,
            8.45647
          ],
          [
            124.65895,
            8.4565
          ],
          [
            124.659,
            8.45652
          ],
          [
            124.65906,
            8.45654
          ],
          [
            124.6592,
            8.45659
          ],
          [
            124.65922,
            8.45659
          ],
          [
            124.65936,
            8.45664
          ],
          [
            124.65949,
            8.45669
          ],
          [
            124.65959,
            8.45673
          ],
          [
            124.6597,
            8.45678
          ],
          [
            124.65978,
            8.45681
          ],
          [
            124.65989,
            8.45683
          ],
          [
            124.65998,
            8.45686
          ],
          [
            124.66009,
            8.45688
          ],
          [
            124.66033,
            8.45692
          ],
          [
            124.66042,
            8.45694
          ],
          [
            124.66047,
            8.45697
          ],
          [
            124.66052,
            8.457
          ],
          [
            124.66057,
            8.45703
          ],
          [
            124.6606,
            8.45705
          ],
          [
            124.66062,
            8.45707
          ],
          [
            124.66063,
            8.45709
          ],
          [
            124.66065,
            8.45711
          ],
          [
            124.66066,
            8.45714
          ],
          [
            124.66066,
            8.45716
          ],
          [
            124.66066,
            8.45721
          ],
          [
            124.66066,
            8.45725
          ],
          [
            124.66065,
            8.45728
          ],
          [
            124.66064,
            8.45731
          ],
          [
            124.66062,
            8.45734
          ],
          [
            124.66061,
            8.45735
          ],
          [
            124.66059,
            8.45737
          ],
          [
            124.66056,
            8.4574
          ],
          [
            124.66053,
            8.45741
          ],
          [
            124.66049,
            8.45742
          ],
          [
            124.66045,
            8.45743
          ],
          [
            124.66039,
            8.45743
          ],
          [
            124.66032,
            8.45742
          ],
          [
            124.6594,
            8.45726
          ],
          [
            124.65935,
            8.45726
          ],
          [
            124.65929,
            8.45725
          ],
          [
            124.65925,
            8.45725
          ],
          [
            124.65921,
            8.45725
          ],
          [
            124.65918,
            8.45725
          ],
          [
            124.65915,
            8.45726
          ],
          [
            124.65911,
            8.45727
          ],
          [
            124.65907,
            8.45729
          ],
          [
            124.65904,
            8.45731
          ],
          [
            124.659,
            8.45734
          ],
          [
            124.65896,
            8.45738
          ],
          [
            124.65892,
            8.45743
          ],
          [
            124.65888,
            8.45749
          ],
          [
            124.65877,
            8.45764
          ],
          [
            124.65868,
            8.45776
          ],
          [
            124.65864,
            8.45783
          ],
          [
            124.6586,
            8.45789
          ],
          [
            124.65857,
            8.45795
          ],
          [
            124.65855,
            8.458
          ],
          [
            124.65854,
            8.45806
          ],
          [
            124.65853,
            8.45815
          ],
          [
            124.65852,
            8.45824
          ],
          [
            124.65851,
            8.45834
          ],
          [
            124.6585,
            8.45867
          ],
          [
            124.65851,
            8.45875
          ],
          [
            124.65852,
            8.45884
          ],
          [
            124.65855,
            8.45889
          ],
          [
            124.65859,
            8.45894
          ],
          [
            124.65864,
            8.45899
          ],
          [
            124.6587,
            8.45902
          ],
          [
            124.65877,
            8.45904
          ],
          [
            124.65884,
            8.45906
          ],
          [
            124.65893,
            8.45906
          ],
          [
            124.65897,
            8.45907
          ],
          [
            124.65937,
            8.45908
          ],
          [
            124.65952,
            8.45909
          ],
          [
            124.65961,
            8.4591
          ],
          [
            124.65968,
            8.45912
          ],
          [
            124.65973,
            8.45914
          ],
          [
            124.65977,
            8.45917
          ],
          [
            124.65981,
            8.4592
          ],
          [
            124.65986,
            8.45925
          ],
          [
            124.6599,
            8.4593
          ],
          [
            124.65994,
            8.45937
          ],
          [
            124.66014,
            8.45972
          ],
          [
            124.66017,
            8.45978
          ],
          [
            124.6602,
            8.45983
          ],
          [
            124.66021,
            8.45988
          ],
          [
            124.66022,
            8.45994
          ],
          [
            124.66022,
            8.45999
          ],
          [
            124.66022,
            8.46003
          ],
          [
            124.66022,
            8.46006
          ],
          [
            124.66021,
            8.46011
          ],
          [
            124.66018,
            8.46015
          ],
          [
            124.66015,
            8.4602
          ],
          [
            124.66009,
            8.46029
          ],
          [
            124.65948,
            8.46103
          ],
          [
            124.65944,
            8.46109
          ],
          [
            124.65941,
            8.46114
          ],
          [
            124.65939,
            8.46118
          ],
          [
            124.65937,
            8.46123
          ],
          [
            124.65936,
            8.46128
          ],
          [
            124.65936,
            8.46133
          ],
          [
            124.65937,
            8.46137
          ],
          [
            124.65938,
            8.46142
          ],
          [
            124.6594,
            8.46146
          ],
          [
            124.65943,
            8.4615
          ],
          [
            124.65948,
            8.46155
          ],
          [
            124.65956,
            8.46162
          ],
          [
            124.65967,
            8.46171
          ],
          [
            124.65974,
            8.46177
          ],
          [
            124.6598,
            8.46182
          ],
          [
            124.65987,
            8.46189
          ],
          [
            124.65989,
            8.46192
          ],
          [
            124.65991,
            8.46197
          ],
          [
            124.65992,
            8.46201
          ],
          [
            124.65994,
            8.46205
          ],
          [
            124.65995,
            8.4621
          ],
          [
            124.65995,
            8.46215
          ],
          [
            124.65995,
            8.46219
          ],
          [
            124.65993,
            8.46223
          ],
          [
            124.65992,
            8.46228
          ],
          [
            124.6599,
            8.46231
          ],
          [
            124.65987,
            8.46235
          ],
          [
            124.65985,
            8.46237
          ],
          [
            124.6598,
            8.46241
          ],
          [
            124.65971,
            8.46248
          ],
          [
            124.65965,
            8.46253
          ],
          [
            124.6596,
            8.46259
          ],
          [
            124.65957,
            8.46262
          ],
          [
            124.65955,
            8.46265
          ],
          [
            124.65953,
            8.46269
          ],
          [
            124.65952,
            8.46275
          ],
          [
            124.65952,
            8.4628
          ],
          [
            124.65952,
            8.46286
          ],
          [
            124.65952,
            8.46292
          ],
          [
            124.65955,
            8.46313
          ],
          [
            124.65956,
            8.46321
          ],
          [
            124.65956,
            8.4633
          ],
          [
            124.65956,
            8.46335
          ],
          [
            124.65956,
            8.46342
          ],
          [
            124.65955,
            8.46347
          ],
          [
            124.65954,
            8.46352
          ],
          [
            124.65952,
            8.46357
          ],
          [
            124.65947,
            8.4637
          ],
          [
            124.65942,
            8.46388
          ],
          [
            124.65939,
            8.464
          ],
          [
            124.65935,
            8.46412
          ],
          [
            124.65931,
            8.46432
          ],
          [
            124.65929,
            8.4644
          ],
          [
            124.65928,
            8.46446
          ],
          [
            124.65926,
            8.46453
          ],
          [
            124.65922,
            8.4646
          ],
          [
            124.65921,
            8.46463
          ],
          [
            124.65899,
            8.4651
          ],
          [
            124.6589,
            8.46529
          ],
          [
            124.65884,
            8.46545
          ],
          [
            124.6588,
            8.46554
          ],
          [
            124.65879,
            8.4656
          ],
          [
            124.65878,
            8.46564
          ],
          [
            124.65878,
            8.46568
          ],
          [
            124.65879,
            8.46573
          ],
          [
            124.6588,
            8.46579
          ],
          [
            124.65882,
            8.46585
          ],
          [
            124.65884,
            8.46592
          ],
          [
            124.65886,
            8.466
          ],
          [
            124.65888,
            8.46607
          ],
          [
            124.65888,
            8.46614
          ],
          [
            124.65888,
            8.46622
          ],
          [
            124.65886,
            8.46653
          ],
          [
            124.65882,
            8.46663
          ],
          [
            124.65879,
            8.46669
          ],
          [
            124.65874,
            8.46683
          ],
          [
            124.65872,
            8.46692
          ],
          [
            124.65869,
            8.46702
          ],
          [
            124.65864,
            8.46719
          ],
          [
            124.6586,
            8.46737
          ],
          [
            124.65864,
            8.46745
          ],
          [
            124.65867,
            8.46751
          ],
          [
            124.65869,
            8.46755
          ],
          [
            124.6587,
            8.46756
          ],
          [
            124.65871,
            8.4676
          ],
          [
            124.65874,
            8.46767
          ],
          [
            124.65878,
            8.46781
          ],
          [
            124.65878,
            8.46783
          ],
          [
            124.65879,
            8.46786
          ],
          [
            124.65879,
            8.46791
          ],
          [
            124.65878,
            8.46794
          ],
          [
            124.65875,
            8.46802
          ],
          [
            124.65875,
            8.46803
          ],
          [
            124.65873,
            8.46809
          ],
          [
            124.65872,
            8.46817
          ],
          [
            124.65872,
            8.46824
          ],
          [
            124.65871,
            8.46834
          ],
          [
            124.65873,
            8.46851
          ],
          [
            124.65874,
            8.46863
          ],
          [
            124.65877,
            8.46876
          ],
          [
            124.65879,
            8.46886
          ],
          [
            124.65885,
            8.46911
          ],
          [
            124.65903,
            8.46983
          ],
          [
            124.65912,
            8.47025
          ],
          [
            124.65916,
            8.47041
          ],
          [
            124.65919,
            8.47053
          ],
          [
            124.65923,
            8.47063
          ],
          [
            124.6593,
            8.4708
          ],
          [
            124.65936,
            8.47095
          ],
          [
            124.65954,
            8.47138
          ],
          [
            124.65958,
            8.47146
          ],
          [
            124.65959,
            8.47148
          ],
          [
            124.65961,
            8.47149
          ],
          [
            124.65963,
            8.47152
          ],
          [
            124.65966,
            8.47154
          ],
          [
            124.65962,
            8.47194
          ],
          [
            124.65959,
            8.47218
          ],
          [
            124.65957,
            8.47244
          ],
          [
            124.65956,
            8.47255
          ],
          [
            124.65937,
            8.47414
          ],
          [
            124.6589,
            8.47412
          ],
          [
            124.65863,
            8.47412
          ],
          [
            124.6583,
            8.47411
          ],
          [
            124.65815,
            8.4741
          ],
          [
            124.65771,
            8.4741
          ],
          [
            124.6576,
            8.47411
          ],
          [
            124.65751,
            8.47411
          ],
          [
            124.65746,
            8.47412
          ],
          [
            124.65741,
            8.47413
          ],
          [
            124.65738,
            8.47413
          ],
          [
            124.65735,
            8.47414
          ],
          [
            124.65733,
            8.47415
          ],
          [
            124.65731,
            8.47416
          ],
          [
            124.65724,
            8.47419
          ],
          [
            124.65698,
            8.47436
          ],
          [
            124.65685,
            8.47444
          ],
          [
            124.65681,
            8.47447
          ],
          [
            124.65678,
            8.47449
          ],
          [
            124.65677,
            8.47449
          ],
          [
            124.65674,
            8.47451
          ],
          [
            124.6567,
            8.47452
          ],
          [
            124.65663,
            8.47455
          ],
          [
            124.65636,
            8.47463
          ],
          [
            124.65586,
            8.47479
          ],
          [
            124.65568,
            8.47485
          ],
          [
            124.6555,
            8.4749
          ],
          [
            124.65536,
            8.47495
          ],
          [
            124.65496,
            8.47506
          ],
          [
            124.65489,
            8.47507
          ],
          [
            124.65474,
            8.47511
          ],
          [
            124.65411,
            8.47527
          ],
          [
            124.65382,
            8.47534
          ],
          [
            124.6534,
            8.47544
          ],
          [
            124.65276,
            8.47555
          ],
          [
            124.6528,
            8.47596
          ],
          [
            124.65286,
            8.47664
          ],
          [
            124.65287,
            8.47668
          ],
          [
            124.65288,
            8.4768
          ],
          [
            124.65352,
            8.47673
          ],
          [
            124.65349,
            8.47637
          ],
          [
            124.65345,
            8.4759
          ],
          [
            124.6534,
            8.47544
          ],
          [
            124.65382,
            8.47534
          ],
          [
            124.65411,
            8.47527
          ],
          [
            124.65474,
            8.47511
          ],
          [
            124.65489,
            8.47507
          ],
          [
            124.65496,
            8.47506
          ],
          [
            124.65536,
            8.47495
          ],
          [
            124.6555,
            8.4749
          ],
          [
            124.65568,
            8.47485
          ],
          [
            124.65586,
            8.47479
          ],
          [
            124.65636,
            8.47463
          ],
          [
            124.65663,
            8.47455
          ],
          [
            124.6567,
            8.47452
          ],
          [
            124.65674,
            8.47451
          ],
          [
            124.65677,
            8.47449
          ],
          [
            124.65678,
            8.47449
          ],
          [
            124.65681,
            8.47447
          ],
          [
            124.65685,
            8.47444
          ],
          [
            124.65698,
            8.47436
          ],
          [
            124.65724,
            8.47419
          ],
          [
            124.65731,
            8.47416
          ],
          [
            124.65733,
            8.47415
          ],
          [
            124.65735,
            8.47414
          ],
          [
            124.65738,
            8.47413
          ],
          [
            124.65741,
            8.47413
          ],
          [
            124.65746,
            8.47412
          ],
          [
            124.65751,
            8.47411
          ],
          [
            124.6576,
            8.47411
          ],
          [
            124.65771,
            8.4741
          ],
          [
            124.65815,
            8.4741
          ],
          [
            124.6583,
            8.47411
          ],
          [
            124.65863,
            8.47412
          ],
          [
            124.6589,
            8.47412
          ],
          [
            124.65937,
            8.47414
          ],
          [
            124.65956,
            8.47255
          ],
          [
            124.65957,
            8.47244
          ],
          [
            124.65959,
            8.47218
          ],
          [
            124.65962,
            8.47194
          ],
          [
            124.65966,
            8.47154
          ],
          [
            124.65963,
            8.47152
          ],
          [
            124.65961,
            8.47149
          ],
          [
            124.65959,
            8.47148
          ],
          [
            124.65958,
            8.47146
          ],
          [
            124.65954,
            8.47138
          ],
          [
            124.65936,
            8.47095
          ],
          [
            124.6593,
            8.4708
          ],
          [
            124.65923,
            8.47063
          ],
          [
            124.65919,
            8.47053
          ],
          [
            124.65916,
            8.47041
          ],
          [
            124.65912,
            8.47025
          ],
          [
            124.65903,
            8.46983
          ],
          [
            124.65885,
            8.46911
          ],
          [
            124.65879,
            8.46886
          ],
          [
            124.65877,
            8.46876
          ],
          [
            124.65874,
            8.46863
          ],
          [
            124.65873,
            8.46851
          ],
          [
            124.65871,
            8.46834
          ],
          [
            124.65872,
            8.46824
          ],
          [
            124.65872,
            8.46817
          ],
          [
            124.65873,
            8.46809
          ],
          [
            124.65875,
            8.46803
          ],
          [
            124.65875,
            8.46802
          ],
          [
            124.65878,
            8.46794
          ],
          [
            124.65879,
            8.46791
          ],
          [
            124.65879,
            8.46786
          ],
          [
            124.65878,
            8.46783
          ],
          [
            124.65878,
            8.46781
          ],
          [
            124.65874,
            8.46767
          ],
          [
            124.65871,
            8.4676
          ],
          [
            124.6587,
            8.46756
          ],
          [
            124.65869,
            8.46755
          ],
          [
            124.65867,
            8.46751
          ],
          [
            124.65864,
            8.46745
          ],
          [
            124.6586,
            8.46737
          ],
          [
            124.65864,
            8.46719
          ],
          [
            124.65869,
            8.46702
          ],
          [
            124.65872,
            8.46692
          ],
          [
            124.65874,
            8.46683
          ],
          [
            124.65879,
            8.46669
          ],
          [
            124.65882,
            8.46663
          ],
          [
            124.65886,
            8.46653
          ],
          [
            124.65888,
            8.46622
          ],
          [
            124.65888,
            8.46614
          ],
          [
            124.65888,
            8.46607
          ],
          [
            124.65886,
            8.466
          ],
          [
            124.65884,
            8.46592
          ],
          [
            124.65882,
            8.46585
          ],
          [
            124.6588,
            8.46579
          ],
          [
            124.65879,
            8.46573
          ],
          [
            124.65878,
            8.46568
          ],
          [
            124.65878,
            8.46564
          ],
          [
            124.65879,
            8.4656
          ],
          [
            124.6588,
            8.46554
          ],
          [
            124.65884,
            8.46545
          ],
          [
            124.6589,
            8.46529
          ],
          [
            124.65899,
            8.4651
          ],
          [
            124.65921,
            8.46463
          ],
          [
            124.65922,
            8.4646
          ],
          [
            124.65926,
            8.46453
          ],
          [
            124.65928,
            8.46446
          ],
          [
            124.65929,
            8.4644
          ],
          [
            124.65931,
            8.46432
          ],
          [
            124.65935,
            8.46412
          ],
          [
            124.65939,
            8.464
          ],
          [
            124.65942,
            8.46388
          ],
          [
            124.65947,
            8.4637
          ],
          [
            124.65952,
            8.46357
          ],
          [
            124.65954,
            8.46352
          ],
          [
            124.65955,
            8.46347
          ],
          [
            124.65956,
            8.46342
          ],
          [
            124.65956,
            8.46335
          ],
          [
            124.65956,
            8.4633
          ],
          [
            124.65956,
            8.46321
          ],
          [
            124.65955,
            8.46313
          ],
          [
            124.65952,
            8.46292
          ],
          [
            124.65952,
            8.46286
          ],
          [
            124.65952,
            8.4628
          ],
          [
            124.65952,
            8.46275
          ],
          [
            124.65953,
            8.46269
          ],
          [
            124.65955,
            8.46265
          ],
          [
            124.65957,
            8.46262
          ],
          [
            124.6596,
            8.46259
          ],
          [
            124.65965,
            8.46253
          ],
          [
            124.65971,
            8.46248
          ],
          [
            124.6598,
            8.46241
          ],
          [
            124.65985,
            8.46237
          ],
          [
            124.65987,
            8.46235
          ],
          [
            124.6599,
            8.46231
          ],
          [
            124.65992,
            8.46228
          ],
          [
            124.65993,
            8.46223
          ],
          [
            124.65995,
            8.46219
          ],
          [
            124.65995,
            8.46215
          ],
          [
            124.65995,
            8.4621
          ],
          [
            124.65994,
            8.46205
          ],
          [
            124.65992,
            8.46201
          ],
          [
            124.65991,
            8.46197
          ],
          [
            124.65989,
            8.46192
          ],
          [
            124.65987,
            8.46189
          ],
          [
            124.6598,
            8.46182
          ],
          [
            124.65974,
            8.46177
          ],
          [
            124.65967,
            8.46171
          ],
          [
            124.65956,
            8.46162
          ],
          [
            124.65948,
            8.46155
          ],
          [
            124.65943,
            8.4615
          ],
          [
            124.6594,
            8.46146
          ],
          [
            124.65938,
            8.46142
          ],
          [
            124.65937,
            8.46137
          ],
          [
            124.65936,
            8.46133
          ],
          [
            124.65936,
            8.46128
          ],
          [
            124.65937,
            8.46123
          ],
          [
            124.65939,
            8.46118
          ],
          [
            124.65941,
            8.46114
          ],
          [
            124.65944,
            8.46109
          ],
          [
            124.65948,
            8.46103
          ],
          [
            124.66009,
            8.46029
          ],
          [
            124.66015,
            8.4602
          ],
          [
            124.66018,
            8.46015
          ],
          [
            124.66021,
            8.46011
          ],
          [
            124.66022,
            8.46006
          ],
          [
            124.66022,
            8.46003
          ],
          [
            124.66022,
            8.45999
          ],
          [
            124.66022,
            8.45994
          ],
          [
            124.66021,
            8.45988
          ],
          [
            124.6602,
            8.45983
          ],
          [
            124.66017,
            8.45978
          ],
          [
            124.66014,
            8.45972
          ],
          [
            124.65994,
            8.45937
          ],
          [
            124.6599,
            8.4593
          ],
          [
            124.65986,
            8.45925
          ],
          [
            124.65981,
            8.4592
          ],
          [
            124.65977,
            8.45917
          ],
          [
            124.65973,
            8.45914
          ],
          [
            124.65968,
            8.45912
          ],
          [
            124.65961,
            8.4591
          ],
          [
            124.65952,
            8.45909
          ],
          [
            124.65937,
            8.45908
          ],
          [
            124.65897,
            8.45907
          ],
          [
            124.65893,
            8.45906
          ],
          [
            124.65884,
            8.45906
          ],
          [
            124.65877,
            8.45904
          ],
          [
            124.6587,
            8.45902
          ],
          [
            124.65864,
            8.45899
          ],
          [
            124.65859,
            8.45894
          ],
          [
            124.65855,
            8.45889
          ],
          [
            124.65852,
            8.45884
          ],
          [
            124.65851,
            8.45875
          ],
          [
            124.6585,
            8.45867
          ],
          [
            124.65851,
            8.45834
          ],
          [
            124.65852,
            8.45824
          ],
          [
            124.65853,
            8.45815
          ],
          [
            124.65854,
            8.45806
          ],
          [
            124.65855,
            8.458
          ],
          [
            124.65857,
            8.45795
          ],
          [
            124.6586,
            8.45789
          ],
          [
            124.65864,
            8.45783
          ],
          [
            124.65868,
            8.45776
          ],
          [
            124.65877,
            8.45764
          ],
          [
            124.65888,
            8.45749
          ],
          [
            124.65892,
            8.45743
          ],
          [
            124.65896,
            8.45738
          ],
          [
            124.659,
            8.45734
          ],
          [
            124.65904,
            8.45731
          ],
          [
            124.65907,
            8.45729
          ],
          [
            124.65911,
            8.45727
          ],
          [
            124.65915,
            8.45726
          ],
          [
            124.65918,
            8.45725
          ],
          [
            124.65921,
            8.45725
          ],
          [
            124.65925,
            8.45725
          ],
          [
            124.65929,
            8.45725
          ],
          [
            124.65935,
            8.45726
          ],
          [
            124.6594,
            8.45726
          ],
          [
            124.66032,
            8.45742
          ],
          [
            124.66039,
            8.45743
          ],
          [
            124.66045,
            8.45743
          ],
          [
            124.66049,
            8.45742
          ],
          [
            124.66053,
            8.45741
          ],
          [
            124.66056,
            8.4574
          ],
          [
            124.66059,
            8.45737
          ],
          [
            124.66061,
            8.45735
          ],
          [
            124.66062,
            8.45734
          ],
          [
            124.66064,
            8.45731
          ],
          [
            124.66065,
            8.45728
          ],
          [
            124.66066,
            8.45725
          ],
          [
            124.66066,
            8.45721
          ],
          [
            124.66066,
            8.45716
          ],
          [
            124.66066,
            8.45714
          ],
          [
            124.66065,
            8.45711
          ],
          [
            124.66063,
            8.45709
          ],
          [
            124.66062,
            8.45707
          ],
          [
            124.6606,
            8.45705
          ],
          [
            124.66057,
            8.45703
          ],
          [
            124.66052,
            8.457
          ],
          [
            124.66047,
            8.45697
          ],
          [
            124.66042,
            8.45694
          ],
          [
            124.66033,
            8.45692
          ],
          [
            124.66009,
            8.45688
          ],
          [
            124.65998,
            8.45686
          ],
          [
            124.65989,
            8.45683
          ],
          [
            124.65978,
            8.45681
          ],
          [
            124.6597,
            8.45678
          ],
          [
            124.65959,
            8.45673
          ],
          [
            124.65949,
            8.45669
          ],
          [
            124.65936,
            8.45664
          ],
          [
            124.65922,
            8.45659
          ],
          [
            124.6592,
            8.45659
          ],
          [
            124.65906,
            8.45654
          ],
          [
            124.659,
            8.45652
          ],
          [
            124.65895,
            8.4565
          ],
          [
            124.65891,
            8.45647
          ],
          [
            124.65885,
            8.45642
          ],
          [
            124.6588,
            8.45638
          ],
          [
            124.65877,
            8.45631
          ],
          [
            124.65875,
            8.45627
          ],
          [
            124.65874,
            8.45621
          ],
          [
            124.65874,
            8.45614
          ],
          [
            124.65874,
            8.45607
          ],
          [
            124.65875,
            8.45581
          ],
          [
            124.65875,
            8.4557
          ],
          [
            124.65876,
            8.4556
          ],
          [
            124.65879,
            8.45547
          ],
          [
            124.6588,
            8.45541
          ],
          [
            124.65881,
            8.45538
          ],
          [
            124.65884,
            8.45529
          ],
          [
            124.65886,
            8.45524
          ],
          [
            124.65887,
            8.4552
          ],
          [
            124.6589,
            8.45512
          ],
          [
            124.65893,
            8.45505
          ],
          [
            124.65896,
            8.45499
          ],
          [
            124.65898,
            8.45495
          ],
          [
            124.65901,
            8.45491
          ],
          [
            124.65904,
            8.45488
          ],
          [
            124.65907,
            8.45485
          ],
          [
            124.65911,
            8.45482
          ],
          [
            124.65915,
            8.4548
          ],
          [
            124.65922,
            8.45476
          ],
          [
            124.65941,
            8.45468
          ],
          [
            124.65949,
            8.45464
          ],
          [
            124.65963,
            8.45458
          ],
          [
            124.65973,
            8.45454
          ],
          [
            124.65981,
            8.45451
          ],
          [
            124.65988,
            8.4545
          ],
          [
            124.65995,
            8.45449
          ],
          [
            124.66004,
            8.45447
          ],
          [
            124.66037,
            8.45446
          ],
          [
            124.66198,
            8.45441
          ],
          [
            124.66204,
            8.4541
          ],
          [
            124.66208,
            8.45393
          ],
          [
            124.66212,
            8.45377
          ],
          [
            124.66214,
            8.45371
          ],
          [
            124.66216,
            8.45363
          ],
          [
            124.66222,
            8.45348
          ],
          [
            124.66226,
            8.45334
          ],
          [
            124.66231,
            8.45313
          ],
          [
            124.66235,
            8.45299
          ],
          [
            124.66237,
            8.45289
          ],
          [
            124.66239,
            8.45278
          ],
          [
            124.66241,
            8.45266
          ],
          [
            124.66242,
            8.45253
          ],
          [
            124.66243,
            8.45242
          ],
          [
            124.66243,
            8.4523
          ],
          [
            124.66243,
            8.4522
          ],
          [
            124.66243,
            8.45209
          ],
          [
            124.66242,
            8.45199
          ],
          [
            124.66241,
            8.45184
          ],
          [
            124.66241,
            8.4517
          ],
          [
            124.66242,
            8.45158
          ],
          [
            124.66242,
            8.45143
          ],
          [
            124.66244,
            8.4513
          ],
          [
            124.66247,
            8.45113
          ],
          [
            124.66251,
            8.45085
          ],
          [
            124.66253,
            8.45077
          ],
          [
            124.66254,
            8.4507
          ],
          [
            124.66254,
            8.45065
          ],
          [
            124.66253,
            8.4506
          ],
          [
            124.66253,
            8.45059
          ],
          [
            124.66252,
            8.45055
          ],
          [
            124.66251,
            8.4505
          ],
          [
            124.66248,
            8.45045
          ],
          [
            124.66234,
            8.45014
          ],
          [
            124.66231,
            8.45006
          ],
          [
            124.6623,
            8.45001
          ],
          [
            124.66229,
            8.44997
          ],
          [
            124.66228,
            8.44993
          ],
          [
            124.66228,
            8.44992
          ],
          [
            124.66229,
            8.44988
          ],
          [
            124.6623,
            8.44982
          ],
          [
            124.66232,
            8.44974
          ],
          [
            124.66236,
            8.44958
          ],
          [
            124.66237,
            8.44951
          ],
          [
            124.66238,
            8.44944
          ],
          [
            124.66238,
            8.44939
          ],
          [
            124.66238,
            8.44937
          ],
          [
            124.66239,
            8.4491
          ],
          [
            124.66239,
            8.44874
          ],
          [
            124.66238,
            8.44759
          ],
          [
            124.66237,
            8.44723
          ],
          [
            124.66233,
            8.44589
          ],
          [
            124.6622,
            8.44544
          ],
          [
            124.66202,
            8.44505
          ],
          [
            124.66199,
            8.44484
          ],
          [
            124.66198,
            8.44474
          ],
          [
            124.66198,
            8.44461
          ],
          [
            124.66197,
            8.44451
          ],
          [
            124.66197,
            8.44442
          ],
          [
            124.66197,
            8.44434
          ],
          [
            124.66197,
            8.44426
          ],
          [
            124.66198,
            8.44417
          ],
          [
            124.66199,
            8.4441
          ],
          [
            124.66201,
            8.44402
          ],
          [
            124.66203,
            8.44394
          ],
          [
            124.66206,
            8.44385
          ],
          [
            124.66209,
            8.44376
          ],
          [
            124.66213,
            8.44364
          ],
          [
            124.66214,
            8.44363
          ],
          [
            124.6628,
            8.44204
          ],
          [
            124.66381,
            8.43984
          ],
          [
            124.66443,
            8.4385
          ],
          [
            124.66458,
            8.43817
          ],
          [
            124.66477,
            8.43775
          ],
          [
            124.66502,
            8.43719
          ],
          [
            124.66514,
            8.43688
          ],
          [
            124.66523,
            8.43663
          ],
          [
            124.66551,
            8.43565
          ],
          [
            124.66556,
            8.43546
          ],
          [
            124.6656,
            8.43527
          ],
          [
            124.66564,
            8.43503
          ],
          [
            124.66567,
            8.43484
          ],
          [
            124.6657,
            8.43458
          ],
          [
            124.66574,
            8.43412
          ],
          [
            124.66582,
            8.43332
          ],
          [
            124.66583,
            8.43326
          ],
          [
            124.66591,
            8.43251
          ],
          [
            124.66592,
            8.43238
          ],
          [
            124.6661,
            8.43054
          ],
          [
            124.66611,
            8.43049
          ],
          [
            124.66613,
            8.43027
          ],
          [
            124.66625,
            8.42909
          ],
          [
            124.66625,
            8.42903
          ],
          [
            124.6664,
            8.42746
          ],
          [
            124.66642,
            8.42723
          ],
          [
            124.66649,
            8.42667
          ],
          [
            124.66657,
            8.42597
          ],
          [
            124.66661,
            8.42551
          ],
          [
            124.66685,
            8.42321
          ],
          [
            124.66686,
            8.42306
          ],
          [
            124.66694,
            8.42216
          ],
          [
            124.66701,
            8.42149
          ]
        ]
      },
      "properties": {
        "name": "Indahag (R1) – Cogon Public Market"
      }
    },
    {
      "type": "Feature",
      "geometry": {
        "type": "LineString",
        "coordinates": [
          [
            124.66701,
            8.42149
          ],
          [
            124.66694,
            8.42216
          ],
          [
            124.66686,
            8.42306
          ],
          [
            124.66685,
            8.42321
          ],
          [
            124.66661,
            8.42551
          ],
          [
            124.66657,
            8.42597
          ],
          [
            124.66649,
            8.42667
          ],
          [
            124.66642,
            8.42723
          ],
          [
            124.6664,
            8.42746
          ],
          [
            124.66634,
            8.42745
          ],
          [
            124.66632,
            8.42745
          ],
          [
            124.66631,
            8.42746
          ],
          [
            124.66629,
            8.42747
          ],
          [
            124.66627,
            8.42749
          ],
          [
            124.66624,
            8.42754
          ],
          [
            124.66616,
            8.42765
          ],
          [
            124.66605,
            8.42782
          ],
          [
            124.66544,
            8.42865
          ],
          [
            124.6654,
            8.42871
          ],
          [
            124.66532,
            8.42882
          ],
          [
            124.66465,
            8.42971
          ],
          [
            124.66388,
            8.43073
          ],
          [
            124.66367,
            8.43099
          ],
          [
            124.66219,
            8.43291
          ],
          [
            124.66183,
            8.43337
          ],
          [
            124.66154,
            8.4338
          ],
          [
            124.66105,
            8.4345
          ],
          [
            124.66088,
            8.43475
          ],
          [
            124.66071,
            8.43496
          ],
          [
            124.66041,
            8.43534
          ],
          [
            124.66003,
            8.43588
          ],
          [
            124.65988,
            8.43611
          ],
          [
            124.65977,
            8.43628
          ],
          [
            124.65968,
            8.43644
          ],
          [
            124.65959,
            8.43664
          ],
          [
            124.65847,
            8.43899
          ],
          [
            124.6581,
            8.43973
          ],
          [
            124.65774,
            8.44045
          ],
          [
            124.65748,
            8.44091
          ],
          [
            124.65738,
            8.44107
          ],
          [
            124.65727,
            8.44125
          ],
          [
            124.65722,
            8.44132
          ],
          [
            124.65718,
            8.44137
          ],
          [
            124.65713,
            8.44142
          ],
          [
            124.65705,
            8.44148
          ],
          [
            124.65683,
            8.44164
          ],
          [
            124.65682,
            8.44165
          ],
          [
            124.65621,
            8.44204
          ],
          [
            124.6561,
            8.44211
          ],
          [
            124.65606,
            8.44214
          ],
          [
            124.65598,
            8.44219
          ],
          [
            124.65588,
            8.44228
          ],
          [
            124.6558,
            8.44234
          ],
          [
            124.65571,
            8.44245
          ],
          [
            124.65563,
            8.44256
          ],
          [
            124.65555,
            8.44268
          ],
          [
            124.65553,
            8.44271
          ],
          [
            124.65538,
            8.44293
          ],
          [
            124.65508,
            8.44341
          ],
          [
            124.65501,
            8.44351
          ],
          [
            124.65495,
            8.44361
          ],
          [
            124.65489,
            8.44372
          ],
          [
            124.65484,
            8.44381
          ],
          [
            124.65483,
            8.44383
          ],
          [
            124.6548,
            8.44391
          ],
          [
            124.65476,
            8.44399
          ],
          [
            124.65475,
            8.44402
          ],
          [
            124.6547,
            8.44409
          ],
          [
            124.65467,
            8.44414
          ],
          [
            124.65464,
            8.44419
          ],
          [
            124.6546,
            8.44423
          ],
          [
            124.65454,
            8.44428
          ],
          [
            124.6542,
            8.44457
          ],
          [
            124.6541,
            8.44465
          ],
          [
            124.65403,
            8.4447
          ],
          [
            124.65392,
            8.44476
          ],
          [
            124.65382,
            8.44481
          ],
          [
            124.6538,
            8.44482
          ],
          [
            124.65371,
            8.44486
          ],
          [
            124.65365,
            8.44488
          ],
          [
            124.65365,
            8.44489
          ],
          [
            124.6536,
            8.4449
          ],
          [
            124.65354,
            8.44491
          ],
          [
            124.65347,
            8.44491
          ],
          [
            124.6534,
            8.4449
          ],
          [
            124.6533,
            8.44489
          ],
          [
            124.65324,
            8.44489
          ],
          [
            124.65318,
            8.44489
          ],
          [
            124.65314,
            8.4449
          ],
          [
            124.65311,
            8.4449
          ],
          [
            124.65309,
            8.44491
          ],
          [
            124.65304,
            8.44492
          ],
          [
            124.65299,
            8.44495
          ],
          [
            124.65291,
            8.44501
          ],
          [
            124.65282,
            8.44509
          ],
          [
            124.65269,
            8.44523
          ],
          [
            124.65265,
            8.44527
          ],
          [
            124.65256,
            8.44535
          ],
          [
            124.65252,
            8.44539
          ],
          [
            124.65243,
            8.44548
          ],
          [
            124.65221,
            8.44569
          ],
          [
            124.6521,
            8.44578
          ],
          [
            124.652,
            8.44586
          ],
          [
            124.65188,
            8.44595
          ],
          [
            124.65173,
            8.44606
          ],
          [
            124.65172,
            8.44607
          ],
          [
            124.65158,
            8.44616
          ],
          [
            124.65154,
            8.44618
          ],
          [
            124.65134,
            8.44631
          ],
          [
            124.65107,
            8.44645
          ],
          [
            124.65095,
            8.44651
          ],
          [
            124.65068,
            8.44664
          ],
          [
            124.65054,
            8.44671
          ],
          [
            124.65046,
            8.44676
          ],
          [
            124.6504,
            8.44681
          ],
          [
            124.65033,
            8.44688
          ],
          [
            124.65025,
            8.44695
          ],
          [
            124.6502,
            8.44703
          ],
          [
            124.65017,
            8.44709
          ],
          [
            124.65015,
            8.44715
          ],
          [
            124.65013,
            8.44723
          ],
          [
            124.65013,
            8.44732
          ],
          [
            124.65014,
            8.44739
          ],
          [
            124.65018,
            8.44755
          ],
          [
            124.6502,
            8.44765
          ],
          [
            124.65021,
            8.44771
          ],
          [
            124.65021,
            8.44772
          ],
          [
            124.65021,
            8.4478
          ],
          [
            124.6502,
            8.44788
          ],
          [
            124.65018,
            8.44796
          ],
          [
            124.65017,
            8.44802
          ],
          [
            124.65014,
            8.44809
          ],
          [
            124.65011,
            8.44816
          ],
          [
            124.65007,
            8.44823
          ],
          [
            124.65002,
            8.4483
          ],
          [
            124.64993,
            8.44841
          ],
          [
            124.64989,
            8.44845
          ],
          [
            124.64985,
            8.44847
          ],
          [
            124.64982,
            8.44848
          ],
          [
            124.64981,
            8.44849
          ],
          [
            124.64976,
            8.44851
          ],
          [
            124.64969,
            8.44851
          ],
          [
            124.64961,
            8.44852
          ],
          [
            124.64952,
            8.44852
          ],
          [
            124.64942,
            8.44853
          ],
          [
            124.64935,
            8.44855
          ],
          [
            124.64928,
            8.44857
          ],
          [
            124.64922,
            8.44861
          ],
          [
            124.64916,
            8.44866
          ],
          [
            124.64912,
            8.44871
          ],
          [
            124.64908,
            8.44877
          ],
          [
            124.64906,
            8.44885
          ],
          [
            124.64905,
            8.44893
          ],
          [
            124.64905,
            8.44906
          ],
          [
            124.64904,
            8.44918
          ],
          [
            124.64904,
            8.44919
          ],
          [
            124.64905,
            8.44941
          ],
          [
            124.64904,
            8.4495
          ],
          [
            124.64903,
            8.44955
          ],
          [
            124.64902,
            8.44959
          ],
          [
            124.649,
            8.44965
          ],
          [
            124.64897,
            8.4497
          ],
          [
            124.64896,
            8.44971
          ],
          [
            124.64894,
            8.44973
          ],
          [
            124.64891,
            8.44975
          ],
          [
            124.64887,
            8.44977
          ],
          [
            124.64881,
            8.44979
          ],
          [
            124.64868,
            8.4498
          ],
          [
            124.64862,
            8.44981
          ],
          [
            124.64856,
            8.44981
          ],
          [
            124.64854,
            8.44981
          ],
          [
            124.64851,
            8.44981
          ],
          [
            124.64844,
            8.4498
          ],
          [
            124.64838,
            8.44981
          ],
          [
            124.64831,
            8.44981
          ],
          [
            124.64825,
            8.44983
          ],
          [
            124.64819,
            8.44985
          ],
          [
            124.64814,
            8.44987
          ],
          [
            124.64809,
            8.4499
          ],
          [
            124.64806,
            8.44994
          ],
          [
            124.64804,
            8.44996
          ],
          [
            124.64802,
            8.44999
          ],
          [
            124.64799,
            8.45006
          ],
          [
            124.64796,
            8.45014
          ],
          [
            124.64788,
            8.45047
          ],
          [
            124.64784,
            8.45061
          ],
          [
            124.64783,
            8.45065
          ],
          [
            124.64779,
            8.45082
          ],
          [
            124.64774,
            8.45099
          ],
          [
            124.64774,
            8.451
          ],
          [
            124.64763,
            8.45152
          ],
          [
            124.64761,
            8.45164
          ],
          [
            124.6476,
            8.45167
          ],
          [
            124.64757,
            8.45171
          ],
          [
            124.64751,
            8.45178
          ],
          [
            124.64746,
            8.45184
          ],
          [
            124.64742,
            8.45191
          ],
          [
            124.64736,
            8.452
          ],
          [
            124.6472,
            8.45224
          ],
          [
            124.64675,
            8.45278
          ],
          [
            124.64638,
            8.4532
          ],
          [
            124.6462,
            8.45342
          ],
          [
            124.64616,
            8.45349
          ],
          [
            124.64612,
            8.45356
          ],
          [
            124.64609,
            8.4536
          ],
          [
            124.64605,
            8.45367
          ],
          [
            124.64601,
            8.45377
          ],
          [
            124.64598,
            8.45382
          ],
          [
            124.64595,
            8.45385
          ],
          [
            124.64594,
            8.45386
          ],
          [
            124.64591,
            8.45388
          ],
          [
            124.64588,
            8.4539
          ],
          [
            124.64584,
            8.45392
          ],
          [
            124.6458,
            8.45394
          ],
          [
            124.64575,
            8.45397
          ],
          [
            124.64572,
            8.45402
          ],
          [
            124.64564,
            8.45415
          ],
          [
            124.64552,
            8.45433
          ],
          [
            124.64546,
            8.45442
          ],
          [
            124.64541,
            8.45451
          ],
          [
            124.64537,
            8.45458
          ],
          [
            124.64534,
            8.45467
          ],
          [
            124.64531,
            8.45476
          ],
          [
            124.64529,
            8.45485
          ],
          [
            124.64528,
            8.45494
          ],
          [
            124.64526,
            8.45503
          ],
          [
            124.64525,
            8.45514
          ],
          [
            124.64525,
            8.45524
          ],
          [
            124.64524,
            8.45536
          ],
          [
            124.64523,
            8.45549
          ],
          [
            124.64522,
            8.45559
          ],
          [
            124.6452,
            8.4557
          ],
          [
            124.64518,
            8.45577
          ],
          [
            124.64515,
            8.45587
          ],
          [
            124.64511,
            8.45602
          ],
          [
            124.64505,
            8.45621
          ],
          [
            124.64502,
            8.4563
          ],
          [
            124.64488,
            8.45663
          ],
          [
            124.64481,
            8.45677
          ],
          [
            124.64478,
            8.45683
          ],
          [
            124.64455,
            8.45718
          ],
          [
            124.6445,
            8.45724
          ],
          [
            124.64415,
            8.45776
          ],
          [
            124.6441,
            8.45784
          ],
          [
            124.64404,
            8.45794
          ],
          [
            124.64399,
            8.45804
          ],
          [
            124.64394,
            8.45813
          ],
          [
            124.6439,
            8.45823
          ],
          [
            124.64386,
            8.45834
          ],
          [
            124.64384,
            8.4584
          ],
          [
            124.64382,
            8.45846
          ],
          [
            124.64381,
            8.45852
          ],
          [
            124.6438,
            8.45859
          ],
          [
            124.6438,
            8.45865
          ],
          [
            124.6438,
            8.45866
          ],
          [
            124.6438,
            8.45872
          ],
          [
            124.6438,
            8.45881
          ],
          [
            124.6438,
            8.45895
          ],
          [
            124.64381,
            8.45908
          ],
          [
            124.64382,
            8.45919
          ],
          [
            124.64383,
            8.45928
          ],
          [
            124.64383,
            8.4594
          ],
          [
            124.64381,
            8.45951
          ],
          [
            124.6438,
            8.45957
          ],
          [
            124.64379,
            8.45963
          ],
          [
            124.64377,
            8.4597
          ],
          [
            124.64374,
            8.45977
          ],
          [
            124.6436,
            8.46005
          ],
          [
            124.64355,
            8.46014
          ],
          [
            124.64343,
            8.4604
          ],
          [
            124.64307,
            8.46114
          ],
          [
            124.64304,
            8.46124
          ],
          [
            124.64302,
            8.46132
          ],
          [
            124.64302,
            8.46137
          ],
          [
            124.64302,
            8.46143
          ],
          [
            124.64303,
            8.4615
          ],
          [
            124.64304,
            8.46157
          ],
          [
            124.64307,
            8.46165
          ],
          [
            124.6431,
            8.46173
          ],
          [
            124.6432,
            8.46194
          ],
          [
            124.64343,
            8.4624
          ],
          [
            124.64353,
            8.4626
          ],
          [
            124.64365,
            8.46279
          ],
          [
            124.64382,
            8.46304
          ],
          [
            124.64402,
            8.46335
          ],
          [
            124.6441,
            8.46349
          ],
          [
            124.64417,
            8.46361
          ],
          [
            124.64424,
            8.46374
          ],
          [
            124.64434,
            8.46392
          ],
          [
            124.64445,
            8.46409
          ],
          [
            124.64463,
            8.46437
          ],
          [
            124.64486,
            8.46472
          ],
          [
            124.64493,
            8.46477
          ],
          [
            124.64512,
            8.46493
          ],
          [
            124.64547,
            8.46526
          ],
          [
            124.646,
            8.46566
          ],
          [
            124.64522,
            8.4662
          ],
          [
            124.64495,
            8.46637
          ],
          [
            124.6443,
            8.46679
          ],
          [
            124.64463,
            8.46736
          ],
          [
            124.6448,
            8.46763
          ],
          [
            124.64491,
            8.4678
          ],
          [
            124.64516,
            8.46817
          ],
          [
            124.64526,
            8.46834
          ],
          [
            124.64538,
            8.46853
          ],
          [
            124.64549,
            8.4687
          ],
          [
            124.64551,
            8.46874
          ],
          [
            124.64554,
            8.46878
          ],
          [
            124.64556,
            8.46882
          ],
          [
            124.64558,
            8.46887
          ],
          [
            124.6456,
            8.46894
          ],
          [
            124.64561,
            8.46899
          ],
          [
            124.64562,
            8.46904
          ],
          [
            124.64563,
            8.46911
          ],
          [
            124.64563,
            8.46918
          ],
          [
            124.64563,
            8.46923
          ],
          [
            124.64563,
            8.46932
          ],
          [
            124.64563,
            8.46944
          ],
          [
            124.64563,
            8.46956
          ],
          [
            124.64564,
            8.46964
          ],
          [
            124.64564,
            8.46972
          ],
          [
            124.64565,
            8.4698
          ],
          [
            124.64568,
            8.46994
          ],
          [
            124.64572,
            8.47007
          ],
          [
            124.64577,
            8.4703
          ],
          [
            124.64581,
            8.47051
          ],
          [
            124.64584,
            8.47062
          ],
          [
            124.64584,
            8.47071
          ],
          [
            124.64583,
            8.47093
          ],
          [
            124.64581,
            8.47108
          ],
          [
            124.6458,
            8.47117
          ],
          [
            124.64577,
            8.47139
          ],
          [
            124.64573,
            8.47174
          ],
          [
            124.64568,
            8.47217
          ],
          [
            124.64564,
            8.47244
          ],
          [
            124.64561,
            8.47257
          ],
          [
            124.6456,
            8.47267
          ],
          [
            124.64558,
            8.47274
          ],
          [
            124.64556,
            8.4728
          ],
          [
            124.64555,
            8.47285
          ],
          [
            124.64549,
            8.47295
          ],
          [
            124.64536,
            8.47318
          ],
          [
            124.64516,
            8.47356
          ],
          [
            124.64504,
            8.47376
          ],
          [
            124.64498,
            8.47385
          ],
          [
            124.64492,
            8.47392
          ],
          [
            124.64486,
            8.47398
          ],
          [
            124.64476,
            8.47407
          ],
          [
            124.64472,
            8.4741
          ],
          [
            124.64465,
            8.47416
          ],
          [
            124.64459,
            8.4742
          ],
          [
            124.64457,
            8.47422
          ],
          [
            124.64455,
            8.47425
          ],
          [
            124.64454,
            8.47426
          ],
          [
            124.64454,
            8.47429
          ],
          [
            124.64454,
            8.47431
          ],
          [
            124.64454,
            8.47434
          ],
          [
            124.64454,
            8.47437
          ],
          [
            124.64455,
            8.47444
          ],
          [
            124.64461,
            8.47478
          ],
          [
            124.64548,
            8.47477
          ],
          [
            124.64551,
            8.47492
          ],
          [
            124.64553,
            8.47504
          ],
          [
            124.64557,
            8.47518
          ],
          [
            124.64561,
            8.47539
          ],
          [
            124.64568,
            8.47578
          ],
          [
            124.64641,
            8.47559
          ],
          [
            124.64659,
            8.47555
          ],
          [
            124.64698,
            8.47549
          ],
          [
            124.64704,
            8.47549
          ],
          [
            124.64714,
            8.47548
          ],
          [
            124.64742,
            8.47547
          ],
          [
            124.6475,
            8.47547
          ],
          [
            124.64787,
            8.47547
          ],
          [
            124.64807,
            8.47548
          ],
          [
            124.64823,
            8.47548
          ],
          [
            124.64852,
            8.47549
          ],
          [
            124.64939,
            8.47556
          ],
          [
            124.64953,
            8.47558
          ],
          [
            124.65003,
            8.47554
          ],
          [
            124.65066,
            8.47552
          ],
          [
            124.6514,
            8.47557
          ],
          [
            124.65168,
            8.4756
          ],
          [
            124.65184,
            8.47561
          ],
          [
            124.65204,
            8.47561
          ],
          [
            124.65212,
            8.47552
          ],
          [
            124.6521,
            8.47488
          ],
          [
            124.65208,
            8.47432
          ],
          [
            124.65206,
            8.47408
          ],
          [
            124.65205,
            8.47392
          ],
          [
            124.65204,
            8.47384
          ],
          [
            124.65186,
            8.47349
          ],
          [
            124.65164,
            8.47309
          ],
          [
            124.65153,
            8.47288
          ],
          [
            124.65149,
            8.4728
          ],
          [
            124.65147,
            8.47277
          ],
          [
            124.65144,
            8.47274
          ],
          [
            124.65142,
            8.47271
          ],
          [
            124.65138,
            8.47267
          ],
          [
            124.65132,
            8.47261
          ],
          [
            124.65122,
            8.4725
          ],
          [
            124.65116,
            8.47243
          ],
          [
            124.65111,
            8.47235
          ],
          [
            124.65087,
            8.4719
          ],
          [
            124.65076,
            8.47169
          ],
          [
            124.6507,
            8.47158
          ],
          [
            124.65059,
            8.4714
          ],
          [
            124.65054,
            8.47131
          ],
          [
            124.65048,
            8.47121
          ],
          [
            124.65045,
            8.47117
          ],
          [
            124.65039,
            8.47112
          ],
          [
            124.65019,
            8.47097
          ],
          [
            124.6501,
            8.4709
          ],
          [
            124.64974,
            8.47064
          ],
          [
            124.64928,
            8.47034
          ],
          [
            124.6487,
            8.47003
          ],
          [
            124.64897,
            8.46944
          ],
          [
            124.64909,
            8.469
          ],
          [
            124.64916,
            8.46876
          ],
          [
            124.64918,
            8.46867
          ],
          [
            124.64919,
            8.46863
          ],
          [
            124.64919,
            8.46859
          ],
          [
            124.64918,
            8.46853
          ],
          [
            124.64917,
            8.46848
          ],
          [
            124.64914,
            8.46844
          ],
          [
            124.64897,
            8.46829
          ],
          [
            124.64843,
            8.46776
          ],
          [
            124.64893,
            8.46722
          ],
          [
            124.64894,
            8.46721
          ],
          [
            124.64895,
            8.46719
          ],
          [
            124.64896,
            8.46717
          ],
          [
            124.64896,
            8.46716
          ],
          [
            124.64896,
            8.46714
          ],
          [
            124.64896,
            8.46713
          ],
          [
            124.64896,
            8.46712
          ],
          [
            124.64894,
            8.4671
          ],
          [
            124.64893,
            8.46708
          ],
          [
            124.6489,
            8.46706
          ],
          [
            124.64887,
            8.46705
          ],
          [
            124.64861,
            8.46689
          ],
          [
            124.64821,
            8.46664
          ],
          [
            124.64764,
            8.46621
          ],
          [
            124.64701,
            8.46575
          ],
          [
            124.64648,
            8.46535
          ],
          [
            124.646,
            8.46566
          ],
          [
            124.64547,
            8.46526
          ],
          [
            124.64512,
            8.46493
          ],
          [
            124.64493,
            8.46477
          ],
          [
            124.64486,
            8.46472
          ],
          [
            124.64463,
            8.46437
          ],
          [
            124.64445,
            8.46409
          ],
          [
            124.64434,
            8.46392
          ],
          [
            124.64424,
            8.46374
          ],
          [
            124.64417,
            8.46361
          ],
          [
            124.6441,
            8.46349
          ],
          [
            124.64402,
            8.46335
          ],
          [
            124.64382,
            8.46304
          ],
          [
            124.64365,
            8.46279
          ],
          [
            124.64353,
            8.4626
          ],
          [
            124.64343,
            8.4624
          ],
          [
            124.6432,
            8.46194
          ],
          [
            124.6431,
            8.46173
          ],
          [
            124.64307,
            8.46165
          ],
          [
            124.64304,
            8.46157
          ],
          [
            124.64303,
            8.4615
          ],
          [
            124.64302,
            8.46143
          ],
          [
            124.64302,
            8.46137
          ],
          [
            124.64302,
            8.46132
          ],
          [
            124.64304,
            8.46124
          ],
          [
            124.64307,
            8.46114
          ],
          [
            124.64343,
            8.4604
          ],
          [
            124.64355,
            8.46014
          ],
          [
            124.6436,
            8.46005
          ],
          [
            124.64374,
            8.45977
          ],
          [
            124.64377,
            8.4597
          ],
          [
            124.64379,
            8.45963
          ],
          [
            124.6438,
            8.45957
          ],
          [
            124.64381,
            8.45951
          ],
          [
            124.64383,
            8.4594
          ],
          [
            124.64383,
            8.45928
          ],
          [
            124.64382,
            8.45919
          ],
          [
            124.64381,
            8.45908
          ],
          [
            124.6438,
            8.45895
          ],
          [
            124.6438,
            8.45881
          ],
          [
            124.6438,
            8.45872
          ],
          [
            124.6438,
            8.45866
          ],
          [
            124.6438,
            8.45865
          ],
          [
            124.6438,
            8.45859
          ],
          [
            124.64381,
            8.45852
          ],
          [
            124.64382,
            8.45846
          ],
          [
            124.64384,
            8.4584
          ],
          [
            124.64386,
            8.45834
          ],
          [
            124.6439,
            8.45823
          ],
          [
            124.64394,
            8.45813
          ],
          [
            124.64399,
            8.45804
          ],
          [
            124.64404,
            8.45794
          ],
          [
            124.6441,
            8.45784
          ],
          [
            124.64415,
            8.45776
          ],
          [
            124.6445,
            8.45724
          ],
          [
            124.64455,
            8.45718
          ],
          [
            124.64478,
            8.45683
          ],
          [
            124.64481,
            8.45677
          ],
          [
            124.64488,
            8.45663
          ],
          [
            124.64502,
            8.4563
          ],
          [
            124.64505,
            8.45621
          ],
          [
            124.64511,
            8.45602
          ],
          [
            124.64515,
            8.45587
          ],
          [
            124.64518,
            8.45577
          ],
          [
            124.6452,
            8.4557
          ],
          [
            124.64522,
            8.45559
          ],
          [
            124.64523,
            8.45549
          ],
          [
            124.64524,
            8.45536
          ],
          [
            124.64525,
            8.45524
          ],
          [
            124.64525,
            8.45514
          ],
          [
            124.64526,
            8.45503
          ],
          [
            124.64528,
            8.45494
          ],
          [
            124.64529,
            8.45485
          ],
          [
            124.64531,
            8.45476
          ],
          [
            124.64534,
            8.45467
          ],
          [
            124.64537,
            8.45458
          ],
          [
            124.64541,
            8.45451
          ],
          [
            124.64546,
            8.45442
          ],
          [
            124.64552,
            8.45433
          ],
          [
            124.64564,
            8.45415
          ],
          [
            124.64572,
            8.45402
          ],
          [
            124.64575,
            8.45397
          ],
          [
            124.6458,
            8.45394
          ],
          [
            124.64584,
            8.45392
          ],
          [
            124.64588,
            8.4539
          ],
          [
            124.64591,
            8.45388
          ],
          [
            124.64594,
            8.45386
          ],
          [
            124.64595,
            8.45385
          ],
          [
            124.64598,
            8.45382
          ],
          [
            124.64601,
            8.45377
          ],
          [
            124.64605,
            8.45367
          ],
          [
            124.64609,
            8.4536
          ],
          [
            124.64612,
            8.45356
          ],
          [
            124.64616,
            8.45349
          ],
          [
            124.6462,
            8.45342
          ],
          [
            124.64638,
            8.4532
          ],
          [
            124.64675,
            8.45278
          ],
          [
            124.6472,
            8.45224
          ],
          [
            124.64736,
            8.452
          ],
          [
            124.64742,
            8.45191
          ],
          [
            124.64746,
            8.45184
          ],
          [
            124.64751,
            8.45178
          ],
          [
            124.64757,
            8.45171
          ],
          [
            124.6476,
            8.45167
          ],
          [
            124.64761,
            8.45164
          ],
          [
            124.64763,
            8.45152
          ],
          [
            124.64774,
            8.451
          ],
          [
            124.64774,
            8.45099
          ],
          [
            124.64779,
            8.45082
          ],
          [
            124.64783,
            8.45065
          ],
          [
            124.64784,
            8.45061
          ],
          [
            124.64788,
            8.45047
          ],
          [
            124.64796,
            8.45014
          ],
          [
            124.64799,
            8.45006
          ],
          [
            124.64802,
            8.44999
          ],
          [
            124.64804,
            8.44996
          ],
          [
            124.64806,
            8.44994
          ],
          [
            124.64809,
            8.4499
          ],
          [
            124.64814,
            8.44987
          ],
          [
            124.64819,
            8.44985
          ],
          [
            124.64825,
            8.44983
          ],
          [
            124.64831,
            8.44981
          ],
          [
            124.64838,
            8.44981
          ],
          [
            124.64844,
            8.4498
          ],
          [
            124.64851,
            8.44981
          ],
          [
            124.64854,
            8.44981
          ],
          [
            124.64856,
            8.44981
          ],
          [
            124.64862,
            8.44981
          ],
          [
            124.64868,
            8.4498
          ],
          [
            124.64881,
            8.44979
          ],
          [
            124.64887,
            8.44977
          ],
          [
            124.64891,
            8.44975
          ],
          [
            124.64894,
            8.44973
          ],
          [
            124.64896,
            8.44971
          ],
          [
            124.64897,
            8.4497
          ],
          [
            124.649,
            8.44965
          ],
          [
            124.64902,
            8.44959
          ],
          [
            124.64903,
            8.44955
          ],
          [
            124.64904,
            8.4495
          ],
          [
            124.64905,
            8.44941
          ],
          [
            124.64904,
            8.44919
          ],
          [
            124.64904,
            8.44918
          ],
          [
            124.64905,
            8.44906
          ],
          [
            124.64905,
            8.44893
          ],
          [
            124.64906,
            8.44885
          ],
          [
            124.64908,
            8.44877
          ],
          [
            124.64912,
            8.44871
          ],
          [
            124.64916,
            8.44866
          ],
          [
            124.64922,
            8.44861
          ],
          [
            124.64928,
            8.44857
          ],
          [
            124.64935,
            8.44855
          ],
          [
            124.64942,
            8.44853
          ],
          [
            124.64952,
            8.44852
          ],
          [
            124.64961,
            8.44852
          ],
          [
            124.64969,
            8.44851
          ],
          [
            124.64976,
            8.44851
          ],
          [
            124.64981,
            8.44849
          ],
          [
            124.64982,
            8.44848
          ],
          [
            124.64985,
            8.44847
          ],
          [
            124.64989,
            8.44845
          ],
          [
            124.64993,
            8.44841
          ],
          [
            124.65002,
            8.4483
          ],
          [
            124.65007,
            8.44823
          ],
          [
            124.65011,
            8.44816
          ],
          [
            124.65014,
            8.44809
          ],
          [
            124.65017,
            8.44802
          ],
          [
            124.65018,
            8.44796
          ],
          [
            124.6502,
            8.44788
          ],
          [
            124.65021,
            8.4478
          ],
          [
            124.65021,
            8.44772
          ],
          [
            124.65021,
            8.44771
          ],
          [
            124.6502,
            8.44765
          ],
          [
            124.65018,
            8.44755
          ],
          [
            124.65014,
            8.44739
          ],
          [
            124.65013,
            8.44732
          ],
          [
            124.65013,
            8.44723
          ],
          [
            124.65015,
            8.44715
          ],
          [
            124.65017,
            8.44709
          ],
          [
            124.6502,
            8.44703
          ],
          [
            124.65025,
            8.44695
          ],
          [
            124.65033,
            8.44688
          ],
          [
            124.6504,
            8.44681
          ],
          [
            124.65046,
            8.44676
          ],
          [
            124.65054,
            8.44671
          ],
          [
            124.65068,
            8.44664
          ],
          [
            124.65095,
            8.44651
          ],
          [
            124.65107,
            8.44645
          ],
          [
            124.65134,
            8.44631
          ],
          [
            124.65154,
            8.44618
          ],
          [
            124.65158,
            8.44616
          ],
          [
            124.65172,
            8.44607
          ],
          [
            124.65173,
            8.44606
          ],
          [
            124.65188,
            8.44595
          ],
          [
            124.652,
            8.44586
          ],
          [
            124.6521,
            8.44578
          ],
          [
            124.65221,
            8.44569
          ],
          [
            124.65243,
            8.44548
          ],
          [
            124.65252,
            8.44539
          ],
          [
            124.65256,
            8.44535
          ],
          [
            124.65265,
            8.44527
          ],
          [
            124.65269,
            8.44523
          ],
          [
            124.65282,
            8.44509
          ],
          [
            124.65291,
            8.44501
          ],
          [
            124.65299,
            8.44495
          ],
          [
            124.65304,
            8.44492
          ],
          [
            124.65309,
            8.44491
          ],
          [
            124.65311,
            8.4449
          ],
          [
            124.65314,
            8.4449
          ],
          [
            124.65318,
            8.44489
          ],
          [
            124.65324,
            8.44489
          ],
          [
            124.6533,
            8.44489
          ],
          [
            124.6534,
            8.4449
          ],
          [
            124.65347,
            8.44491
          ],
          [
            124.65354,
            8.44491
          ],
          [
            124.6536,
            8.4449
          ],
          [
            124.65365,
            8.44489
          ],
          [
            124.65365,
            8.44488
          ],
          [
            124.65371,
            8.44486
          ],
          [
            124.6538,
            8.44482
          ],
          [
            124.65382,
            8.44481
          ],
          [
            124.65392,
            8.44476
          ],
          [
            124.65403,
            8.4447
          ],
          [
            124.6541,
            8.44465
          ],
          [
            124.6542,
            8.44457
          ],
          [
            124.65454,
            8.44428
          ],
          [
            124.6546,
            8.44423
          ],
          [
            124.65464,
            8.44419
          ],
          [
            124.65467,
            8.44414
          ],
          [
            124.6547,
            8.44409
          ],
          [
            124.65475,
            8.44402
          ],
          [
            124.65476,
            8.44399
          ],
          [
            124.6548,
            8.44391
          ],
          [
            124.65483,
            8.44383
          ],
          [
            124.65484,
            8.44381
          ],
          [
            124.65489,
            8.44372
          ],
          [
            124.65495,
            8.44361
          ],
          [
            124.65501,
            8.44351
          ],
          [
            124.65508,
            8.44341
          ],
          [
            124.65538,
            8.44293
          ],
          [
            124.65553,
            8.44271
          ],
          [
            124.65555,
            8.44268
          ],
          [
            124.65563,
            8.44256
          ],
          [
            124.65571,
            8.44245
          ],
          [
            124.6558,
            8.44234
          ],
          [
            124.65588,
            8.44228
          ],
          [
            124.65598,
            8.44219
          ],
          [
            124.65606,
            8.44214
          ],
          [
            124.6561,
            8.44211
          ],
          [
            124.65621,
            8.44204
          ],
          [
            124.65682,
            8.44165
          ],
          [
            124.65683,
            8.44164
          ],
          [
            124.65705,
            8.44148
          ],
          [
            124.65713,
            8.44142
          ],
          [
            124.65718,
            8.44137
          ],
          [
            124.65722,
            8.44132
          ],
          [
            124.65727,
            8.44125
          ],
          [
            124.65738,
            8.44107
          ],
          [
            124.65748,
            8.44091
          ],
          [
            124.65774,
            8.44045
          ],
          [
            124.6581,
            8.43973
          ],
          [
            124.65847,
            8.43899
          ],
          [
            124.65959,
            8.43664
          ],
          [
            124.65968,
            8.43644
          ],
          [
            124.65977,
            8.43628
          ],
          [
            124.65988,
            8.43611
          ],
          [
            124.66003,
            8.43588
          ],
          [
            124.66041,
            8.43534
          ],
          [
            124.66071,
            8.43496
          ],
          [
            124.66088,
            8.43475
          ],
          [
            124.66105,
            8.4345
          ],
          [
            124.66154,
            8.4338
          ],
          [
            124.66183,
            8.43337
          ],
          [
            124.66219,
            8.43291
          ],
          [
            124.66367,
            8.43099
          ],
          [
            124.66388,
            8.43073
          ],
          [
            124.66465,
            8.42971
          ],
          [
            124.66532,
            8.42882
          ],
          [
            124.6654,
            8.42871
          ],
          [
            124.66544,
            8.42865
          ],
          [
            124.66605,
            8.42782
          ],
          [
            124.66616,
            8.42765
          ],
          [
            124.66624,
            8.42754
          ],
          [
            124.66627,
            8.42749
          ],
          [
            124.66629,
            8.42747
          ],
          [
            124.66631,
            8.42746
          ],
          [
            124.66632,
            8.42745
          ],
          [
            124.66634,
            8.42745
          ],
          [
            124.6664,
            8.42746
          ],
          [
            124.66642,
            8.42723
          ],
          [
            124.66649,
            8.42667
          ],
          [
            124.66657,
            8.42597
          ],
          [
            124.66661,
            8.42551
          ],
          [
            124.66685,
            8.42321
          ],
          [
            124.66686,
            8.42306
          ],
          [
            124.66694,
            8.42216
          ],
          [
            124.66701,
            8.42149
          ]
        ]
      },
      "properties": {
        "name": "Indahag (R2) – Cogon Public Market"
      }
    },
    {
      "type": "Feature",
      "geometry": {
        "type": "LineString",
        "coordinates": [
          [
            124.63611,
            8.42376
          ],
          [
            124.63644,
            8.42402
          ],
          [
            124.63663,
            8.42417
          ],
          [
            124.63674,
            8.42426
          ],
          [
            124.63684,
            8.42433
          ],
          [
            124.63689,
            8.42437
          ],
          [
            124.63723,
            8.42461
          ],
          [
            124.63735,
            8.42473
          ],
          [
            124.63745,
            8.42485
          ],
          [
            124.63751,
            8.42493
          ],
          [
            124.63757,
            8.42503
          ],
          [
            124.63763,
            8.42514
          ],
          [
            124.63774,
            8.42535
          ],
          [
            124.63786,
            8.4256
          ],
          [
            124.63802,
            8.42592
          ],
          [
            124.63826,
            8.42642
          ],
          [
            124.63845,
            8.42682
          ],
          [
            124.63848,
            8.42686
          ],
          [
            124.63868,
            8.42727
          ],
          [
            124.63879,
            8.42751
          ],
          [
            124.63892,
            8.42783
          ],
          [
            124.63907,
            8.42825
          ],
          [
            124.63921,
            8.42866
          ],
          [
            124.63927,
            8.42883
          ],
          [
            124.63933,
            8.42892
          ],
          [
            124.63939,
            8.42901
          ],
          [
            124.63947,
            8.42912
          ],
          [
            124.63958,
            8.42925
          ],
          [
            124.63988,
            8.42957
          ],
          [
            124.64009,
            8.42979
          ],
          [
            124.64054,
            8.43024
          ],
          [
            124.64069,
            8.43041
          ],
          [
            124.64086,
            8.43061
          ],
          [
            124.64094,
            8.4307
          ],
          [
            124.641,
            8.4308
          ],
          [
            124.64104,
            8.43089
          ],
          [
            124.64106,
            8.43099
          ],
          [
            124.64108,
            8.43109
          ],
          [
            124.64109,
            8.43123
          ],
          [
            124.64109,
            8.43155
          ],
          [
            124.64109,
            8.43177
          ],
          [
            124.64109,
            8.43202
          ],
          [
            124.64108,
            8.43218
          ],
          [
            124.64106,
            8.43229
          ],
          [
            124.64102,
            8.43242
          ],
          [
            124.64098,
            8.43251
          ],
          [
            124.64092,
            8.43264
          ],
          [
            124.64073,
            8.43297
          ],
          [
            124.64041,
            8.43355
          ],
          [
            124.64039,
            8.4336
          ],
          [
            124.64037,
            8.43365
          ],
          [
            124.64035,
            8.43371
          ],
          [
            124.64034,
            8.43376
          ],
          [
            124.64034,
            8.4338
          ],
          [
            124.64033,
            8.43383
          ],
          [
            124.64034,
            8.43387
          ],
          [
            124.64034,
            8.4339
          ],
          [
            124.64035,
            8.43394
          ],
          [
            124.64035,
            8.43397
          ],
          [
            124.64035,
            8.43398
          ],
          [
            124.64036,
            8.43401
          ],
          [
            124.64037,
            8.43404
          ],
          [
            124.64039,
            8.43409
          ],
          [
            124.64042,
            8.43414
          ],
          [
            124.64046,
            8.4342
          ],
          [
            124.6409,
            8.4349
          ],
          [
            124.64133,
            8.43557
          ],
          [
            124.64143,
            8.43573
          ],
          [
            124.64164,
            8.43609
          ],
          [
            124.64194,
            8.43652
          ],
          [
            124.64198,
            8.43659
          ],
          [
            124.64226,
            8.43698
          ],
          [
            124.64315,
            8.43811
          ],
          [
            124.64351,
            8.43856
          ],
          [
            124.64363,
            8.43872
          ],
          [
            124.64371,
            8.43883
          ],
          [
            124.64378,
            8.43895
          ],
          [
            124.64384,
            8.43905
          ],
          [
            124.64389,
            8.43915
          ],
          [
            124.64393,
            8.43925
          ],
          [
            124.64394,
            8.43932
          ],
          [
            124.64396,
            8.4394
          ],
          [
            124.64397,
            8.43949
          ],
          [
            124.64398,
            8.43963
          ],
          [
            124.64398,
            8.43981
          ],
          [
            124.64398,
            8.43985
          ],
          [
            124.64398,
            8.43998
          ],
          [
            124.64397,
            8.44017
          ],
          [
            124.64395,
            8.44036
          ],
          [
            124.64393,
            8.44054
          ],
          [
            124.64391,
            8.44066
          ],
          [
            124.64387,
            8.44084
          ],
          [
            124.64382,
            8.44104
          ],
          [
            124.6436,
            8.44189
          ],
          [
            124.64339,
            8.4427
          ],
          [
            124.64337,
            8.44278
          ],
          [
            124.64336,
            8.44285
          ],
          [
            124.64335,
            8.44292
          ],
          [
            124.64335,
            8.44301
          ],
          [
            124.64335,
            8.44306
          ],
          [
            124.64336,
            8.44315
          ],
          [
            124.64337,
            8.44322
          ],
          [
            124.64339,
            8.44329
          ],
          [
            124.64341,
            8.44337
          ],
          [
            124.64344,
            8.44343
          ],
          [
            124.64347,
            8.44349
          ],
          [
            124.64352,
            8.44359
          ],
          [
            124.64359,
            8.44368
          ],
          [
            124.64365,
            8.44375
          ],
          [
            124.64372,
            8.44382
          ],
          [
            124.64378,
            8.44389
          ],
          [
            124.6438,
            8.44391
          ],
          [
            124.64413,
            8.4442
          ],
          [
            124.64434,
            8.4444
          ],
          [
            124.64447,
            8.44452
          ],
          [
            124.64468,
            8.44472
          ],
          [
            124.64473,
            8.44477
          ],
          [
            124.64487,
            8.44489
          ],
          [
            124.64497,
            8.44497
          ],
          [
            124.64504,
            8.44502
          ],
          [
            124.64511,
            8.44507
          ],
          [
            124.64521,
            8.44512
          ],
          [
            124.64649,
            8.44569
          ],
          [
            124.64661,
            8.44577
          ],
          [
            124.64671,
            8.44585
          ],
          [
            124.64675,
            8.44589
          ],
          [
            124.6468,
            8.44594
          ],
          [
            124.64684,
            8.44599
          ],
          [
            124.64692,
            8.44608
          ],
          [
            124.64697,
            8.44615
          ],
          [
            124.647,
            8.4462
          ],
          [
            124.64705,
            8.4463
          ],
          [
            124.64715,
            8.44652
          ],
          [
            124.64719,
            8.4466
          ],
          [
            124.64725,
            8.44673
          ],
          [
            124.64728,
            8.44679
          ],
          [
            124.64731,
            8.44685
          ],
          [
            124.64734,
            8.44691
          ],
          [
            124.64739,
            8.447
          ],
          [
            124.64746,
            8.44707
          ],
          [
            124.64751,
            8.44712
          ],
          [
            124.64756,
            8.44717
          ],
          [
            124.64763,
            8.44722
          ],
          [
            124.64769,
            8.44725
          ],
          [
            124.64777,
            8.44729
          ],
          [
            124.64786,
            8.44732
          ],
          [
            124.64794,
            8.44735
          ],
          [
            124.648,
            8.44736
          ],
          [
            124.6481,
            8.44737
          ],
          [
            124.64821,
            8.44738
          ],
          [
            124.64829,
            8.4474
          ],
          [
            124.64837,
            8.44741
          ],
          [
            124.64844,
            8.44744
          ],
          [
            124.64849,
            8.44746
          ],
          [
            124.64855,
            8.4475
          ],
          [
            124.6486,
            8.44754
          ],
          [
            124.64864,
            8.44758
          ],
          [
            124.64868,
            8.44763
          ],
          [
            124.64871,
            8.44769
          ],
          [
            124.64873,
            8.44774
          ],
          [
            124.64873,
            8.44779
          ],
          [
            124.64874,
            8.44786
          ],
          [
            124.64873,
            8.44791
          ],
          [
            124.64872,
            8.44796
          ],
          [
            124.64871,
            8.44802
          ],
          [
            124.64869,
            8.44808
          ],
          [
            124.64865,
            8.44817
          ],
          [
            124.64864,
            8.44822
          ],
          [
            124.64861,
            8.4483
          ],
          [
            124.64858,
            8.44839
          ],
          [
            124.64857,
            8.44841
          ],
          [
            124.64855,
            8.44853
          ],
          [
            124.64855,
            8.44861
          ],
          [
            124.64855,
            8.4487
          ],
          [
            124.64855,
            8.44874
          ],
          [
            124.64856,
            8.4488
          ],
          [
            124.64858,
            8.4489
          ],
          [
            124.6486,
            8.44901
          ],
          [
            124.64862,
            8.4491
          ],
          [
            124.64863,
            8.44913
          ],
          [
            124.64867,
            8.44927
          ],
          [
            124.64881,
            8.44979
          ],
          [
            124.64884,
            8.4499
          ],
          [
            124.64886,
            8.45
          ],
          [
            124.64863,
            8.45021
          ],
          [
            124.64852,
            8.45033
          ],
          [
            124.64845,
            8.45043
          ],
          [
            124.6484,
            8.45048
          ],
          [
            124.64835,
            8.45054
          ],
          [
            124.64833,
            8.45057
          ],
          [
            124.6483,
            8.4506
          ],
          [
            124.64828,
            8.45063
          ],
          [
            124.64826,
            8.45066
          ],
          [
            124.64825,
            8.45069
          ],
          [
            124.64824,
            8.45073
          ],
          [
            124.64823,
            8.45078
          ],
          [
            124.64809,
            8.45112
          ],
          [
            124.64805,
            8.45121
          ],
          [
            124.64803,
            8.45125
          ],
          [
            124.64801,
            8.45128
          ],
          [
            124.64798,
            8.45132
          ],
          [
            124.64794,
            8.45136
          ],
          [
            124.64773,
            8.45157
          ],
          [
            124.64771,
            8.45159
          ],
          [
            124.64769,
            8.4516
          ],
          [
            124.64768,
            8.45161
          ],
          [
            124.64766,
            8.45162
          ],
          [
            124.64764,
            8.45163
          ],
          [
            124.64761,
            8.45164
          ],
          [
            124.6476,
            8.45167
          ],
          [
            124.64757,
            8.45171
          ],
          [
            124.64751,
            8.45178
          ],
          [
            124.64746,
            8.45184
          ],
          [
            124.64742,
            8.45191
          ],
          [
            124.64736,
            8.452
          ],
          [
            124.6472,
            8.45224
          ],
          [
            124.64675,
            8.45278
          ],
          [
            124.64638,
            8.4532
          ],
          [
            124.6462,
            8.45342
          ],
          [
            124.64616,
            8.45349
          ],
          [
            124.64612,
            8.45356
          ],
          [
            124.64609,
            8.4536
          ],
          [
            124.64605,
            8.45367
          ],
          [
            124.64601,
            8.45377
          ],
          [
            124.64598,
            8.45382
          ],
          [
            124.64595,
            8.45385
          ],
          [
            124.64594,
            8.45386
          ],
          [
            124.64591,
            8.45388
          ],
          [
            124.64588,
            8.4539
          ],
          [
            124.64584,
            8.45392
          ],
          [
            124.6458,
            8.45394
          ],
          [
            124.64575,
            8.45397
          ],
          [
            124.64572,
            8.45402
          ],
          [
            124.64564,
            8.45415
          ],
          [
            124.64552,
            8.45433
          ],
          [
            124.64546,
            8.45442
          ],
          [
            124.64541,
            8.45451
          ],
          [
            124.64537,
            8.45458
          ],
          [
            124.64534,
            8.45467
          ],
          [
            124.64531,
            8.45476
          ],
          [
            124.64529,
            8.45485
          ],
          [
            124.64528,
            8.45494
          ],
          [
            124.64526,
            8.45503
          ],
          [
            124.64525,
            8.45514
          ],
          [
            124.64525,
            8.45524
          ],
          [
            124.64524,
            8.45536
          ],
          [
            124.64523,
            8.45549
          ],
          [
            124.64522,
            8.45559
          ],
          [
            124.6452,
            8.4557
          ],
          [
            124.64518,
            8.45577
          ],
          [
            124.64515,
            8.45587
          ],
          [
            124.64511,
            8.45602
          ],
          [
            124.64505,
            8.45621
          ],
          [
            124.64502,
            8.4563
          ],
          [
            124.64488,
            8.45663
          ],
          [
            124.64481,
            8.45677
          ],
          [
            124.64478,
            8.45683
          ],
          [
            124.64455,
            8.45718
          ],
          [
            124.6445,
            8.45724
          ],
          [
            124.64415,
            8.45776
          ],
          [
            124.6441,
            8.45784
          ],
          [
            124.64404,
            8.45794
          ],
          [
            124.64399,
            8.45804
          ],
          [
            124.64394,
            8.45813
          ],
          [
            124.6439,
            8.45823
          ],
          [
            124.64386,
            8.45834
          ],
          [
            124.64384,
            8.4584
          ],
          [
            124.64382,
            8.45846
          ],
          [
            124.64381,
            8.45852
          ],
          [
            124.6438,
            8.45859
          ],
          [
            124.6438,
            8.45865
          ],
          [
            124.6438,
            8.45866
          ],
          [
            124.6438,
            8.45872
          ],
          [
            124.6438,
            8.45881
          ],
          [
            124.6438,
            8.45895
          ],
          [
            124.64381,
            8.45908
          ],
          [
            124.64382,
            8.45919
          ],
          [
            124.64383,
            8.45928
          ],
          [
            124.64383,
            8.4594
          ],
          [
            124.64381,
            8.45951
          ],
          [
            124.6438,
            8.45957
          ],
          [
            124.64379,
            8.45963
          ],
          [
            124.64377,
            8.4597
          ],
          [
            124.64374,
            8.45977
          ],
          [
            124.6436,
            8.46005
          ],
          [
            124.64355,
            8.46014
          ],
          [
            124.64343,
            8.4604
          ],
          [
            124.64307,
            8.46114
          ],
          [
            124.64304,
            8.46124
          ],
          [
            124.64302,
            8.46132
          ],
          [
            124.64302,
            8.46137
          ],
          [
            124.64302,
            8.46143
          ],
          [
            124.64303,
            8.4615
          ],
          [
            124.64304,
            8.46157
          ],
          [
            124.64307,
            8.46165
          ],
          [
            124.6431,
            8.46173
          ],
          [
            124.6432,
            8.46194
          ],
          [
            124.64343,
            8.4624
          ],
          [
            124.64353,
            8.4626
          ],
          [
            124.64365,
            8.46279
          ],
          [
            124.64382,
            8.46304
          ],
          [
            124.64402,
            8.46335
          ],
          [
            124.6441,
            8.46349
          ],
          [
            124.64417,
            8.46361
          ],
          [
            124.64424,
            8.46374
          ],
          [
            124.64434,
            8.46392
          ],
          [
            124.64445,
            8.46409
          ],
          [
            124.64463,
            8.46437
          ],
          [
            124.64486,
            8.46472
          ],
          [
            124.64493,
            8.46477
          ],
          [
            124.64512,
            8.46493
          ],
          [
            124.64547,
            8.46526
          ],
          [
            124.646,
            8.46566
          ],
          [
            124.64522,
            8.4662
          ],
          [
            124.64495,
            8.46637
          ],
          [
            124.6443,
            8.46679
          ],
          [
            124.64463,
            8.46736
          ],
          [
            124.6448,
            8.46763
          ],
          [
            124.64491,
            8.4678
          ],
          [
            124.64516,
            8.46817
          ],
          [
            124.64526,
            8.46834
          ],
          [
            124.64538,
            8.46853
          ],
          [
            124.64549,
            8.4687
          ],
          [
            124.64551,
            8.46874
          ],
          [
            124.64554,
            8.46878
          ],
          [
            124.64556,
            8.46882
          ],
          [
            124.64558,
            8.46887
          ],
          [
            124.6456,
            8.46894
          ],
          [
            124.64561,
            8.46899
          ],
          [
            124.64562,
            8.46904
          ],
          [
            124.64563,
            8.46911
          ],
          [
            124.64563,
            8.46918
          ],
          [
            124.64563,
            8.46923
          ],
          [
            124.64563,
            8.46932
          ],
          [
            124.64563,
            8.46944
          ],
          [
            124.64563,
            8.46956
          ],
          [
            124.64564,
            8.46964
          ],
          [
            124.64564,
            8.46972
          ],
          [
            124.64565,
            8.4698
          ],
          [
            124.64568,
            8.46994
          ],
          [
            124.64572,
            8.47007
          ],
          [
            124.64577,
            8.4703
          ],
          [
            124.64581,
            8.47051
          ],
          [
            124.64584,
            8.47062
          ],
          [
            124.64584,
            8.47071
          ],
          [
            124.64583,
            8.47093
          ],
          [
            124.64581,
            8.47108
          ],
          [
            124.6458,
            8.47117
          ],
          [
            124.64577,
            8.47139
          ],
          [
            124.64573,
            8.47174
          ],
          [
            124.64568,
            8.47217
          ],
          [
            124.64564,
            8.47244
          ],
          [
            124.64561,
            8.47257
          ],
          [
            124.6456,
            8.47267
          ],
          [
            124.64558,
            8.47274
          ],
          [
            124.64556,
            8.4728
          ],
          [
            124.64555,
            8.47285
          ],
          [
            124.64549,
            8.47295
          ],
          [
            124.64536,
            8.47318
          ],
          [
            124.64516,
            8.47356
          ],
          [
            124.64504,
            8.47376
          ],
          [
            124.64498,
            8.47385
          ],
          [
            124.64492,
            8.47392
          ],
          [
            124.64486,
            8.47398
          ],
          [
            124.64476,
            8.47407
          ],
          [
            124.64472,
            8.4741
          ],
          [
            124.64465,
            8.47416
          ],
          [
            124.64459,
            8.4742
          ],
          [
            124.64457,
            8.47422
          ],
          [
            124.64455,
            8.47425
          ],
          [
            124.64454,
            8.47426
          ],
          [
            124.64454,
            8.47429
          ],
          [
            124.64454,
            8.47431
          ],
          [
            124.64454,
            8.47434
          ],
          [
            124.64454,
            8.47437
          ],
          [
            124.64455,
            8.47444
          ],
          [
            124.64461,
            8.47478
          ],
          [
            124.64548,
            8.47477
          ],
          [
            124.64551,
            8.47492
          ],
          [
            124.64553,
            8.47504
          ],
          [
            124.64557,
            8.47518
          ],
          [
            124.64561,
            8.47539
          ],
          [
            124.64568,
            8.47578
          ],
          [
            124.64641,
            8.47559
          ],
          [
            124.64659,
            8.47555
          ],
          [
            124.64698,
            8.47549
          ],
          [
            124.64704,
            8.47549
          ],
          [
            124.64714,
            8.47548
          ],
          [
            124.64742,
            8.47547
          ],
          [
            124.6475,
            8.47547
          ],
          [
            124.64787,
            8.47547
          ],
          [
            124.64807,
            8.47548
          ],
          [
            124.64823,
            8.47548
          ],
          [
            124.64852,
            8.47549
          ],
          [
            124.64939,
            8.47556
          ],
          [
            124.64953,
            8.47558
          ],
          [
            124.65003,
            8.47554
          ],
          [
            124.65066,
            8.47552
          ],
          [
            124.6514,
            8.47557
          ],
          [
            124.65168,
            8.4756
          ],
          [
            124.65184,
            8.47561
          ],
          [
            124.65202,
            8.47561
          ],
          [
            124.65202,
            8.47561
          ],
          [
            124.65213,
            8.47562
          ],
          [
            124.6521,
            8.47488
          ],
          [
            124.65208,
            8.47432
          ],
          [
            124.65206,
            8.47408
          ],
          [
            124.65205,
            8.47392
          ],
          [
            124.65204,
            8.47384
          ],
          [
            124.65154,
            8.47406
          ],
          [
            124.65082,
            8.47436
          ],
          [
            124.65027,
            8.4746
          ],
          [
            124.65022,
            8.47452
          ],
          [
            124.65001,
            8.47416
          ],
          [
            124.64995,
            8.4742
          ],
          [
            124.64965,
            8.47434
          ],
          [
            124.64959,
            8.47437
          ],
          [
            124.64955,
            8.47439
          ],
          [
            124.64952,
            8.4744
          ],
          [
            124.64947,
            8.47442
          ],
          [
            124.64943,
            8.47443
          ],
          [
            124.64937,
            8.47443
          ],
          [
            124.6493,
            8.47442
          ],
          [
            124.64878,
            8.47428
          ],
          [
            124.64865,
            8.47425
          ],
          [
            124.64818,
            8.47406
          ],
          [
            124.64808,
            8.47403
          ],
          [
            124.64798,
            8.47401
          ],
          [
            124.6479,
            8.47401
          ],
          [
            124.64746,
            8.474
          ],
          [
            124.64744,
            8.4736
          ],
          [
            124.64745,
            8.47314
          ],
          [
            124.64746,
            8.47289
          ],
          [
            124.64747,
            8.47277
          ],
          [
            124.64748,
            8.47266
          ],
          [
            124.64749,
            8.47256
          ],
          [
            124.6475,
            8.4725
          ],
          [
            124.64726,
            8.47245
          ],
          [
            124.64702,
            8.47239
          ],
          [
            124.64659,
            8.4723
          ],
          [
            124.64614,
            8.47223
          ],
          [
            124.64568,
            8.47217
          ],
          [
            124.64573,
            8.47174
          ],
          [
            124.64577,
            8.47139
          ],
          [
            124.6458,
            8.47117
          ],
          [
            124.64581,
            8.47108
          ],
          [
            124.64583,
            8.47093
          ],
          [
            124.64584,
            8.47071
          ],
          [
            124.64584,
            8.47062
          ],
          [
            124.64581,
            8.47051
          ],
          [
            124.64577,
            8.4703
          ],
          [
            124.64572,
            8.47007
          ],
          [
            124.64568,
            8.46994
          ],
          [
            124.64565,
            8.4698
          ],
          [
            124.64564,
            8.46972
          ],
          [
            124.64564,
            8.46964
          ],
          [
            124.64563,
            8.46956
          ],
          [
            124.64563,
            8.46944
          ],
          [
            124.64563,
            8.46932
          ],
          [
            124.64563,
            8.46923
          ],
          [
            124.64563,
            8.46918
          ],
          [
            124.64563,
            8.46911
          ],
          [
            124.64562,
            8.46904
          ],
          [
            124.64561,
            8.46899
          ],
          [
            124.6456,
            8.46894
          ],
          [
            124.64558,
            8.46887
          ],
          [
            124.64556,
            8.46882
          ],
          [
            124.64554,
            8.46878
          ],
          [
            124.64551,
            8.46874
          ],
          [
            124.64549,
            8.4687
          ],
          [
            124.64538,
            8.46853
          ],
          [
            124.64526,
            8.46834
          ],
          [
            124.64516,
            8.46817
          ],
          [
            124.64491,
            8.4678
          ],
          [
            124.6448,
            8.46763
          ],
          [
            124.64463,
            8.46736
          ],
          [
            124.6443,
            8.46679
          ],
          [
            124.64425,
            8.46668
          ],
          [
            124.64423,
            8.46662
          ],
          [
            124.64422,
            8.46657
          ],
          [
            124.64421,
            8.46652
          ],
          [
            124.6442,
            8.46631
          ],
          [
            124.64421,
            8.46618
          ],
          [
            124.64421,
            8.46601
          ],
          [
            124.64423,
            8.4659
          ],
          [
            124.64424,
            8.46581
          ],
          [
            124.64426,
            8.46574
          ],
          [
            124.64428,
            8.46567
          ],
          [
            124.64431,
            8.4656
          ],
          [
            124.64435,
            8.46552
          ],
          [
            124.64441,
            8.46541
          ],
          [
            124.64445,
            8.46536
          ],
          [
            124.6445,
            8.46526
          ],
          [
            124.64465,
            8.46503
          ],
          [
            124.64486,
            8.46472
          ],
          [
            124.64463,
            8.46437
          ],
          [
            124.64445,
            8.46409
          ],
          [
            124.64434,
            8.46392
          ],
          [
            124.64424,
            8.46374
          ],
          [
            124.64417,
            8.46361
          ],
          [
            124.6441,
            8.46349
          ],
          [
            124.64402,
            8.46335
          ],
          [
            124.64382,
            8.46304
          ],
          [
            124.64365,
            8.46279
          ],
          [
            124.64353,
            8.4626
          ],
          [
            124.64343,
            8.4624
          ],
          [
            124.6432,
            8.46194
          ],
          [
            124.6431,
            8.46173
          ],
          [
            124.64307,
            8.46165
          ],
          [
            124.64304,
            8.46157
          ],
          [
            124.64303,
            8.4615
          ],
          [
            124.64302,
            8.46143
          ],
          [
            124.64302,
            8.46137
          ],
          [
            124.64302,
            8.46132
          ],
          [
            124.64304,
            8.46124
          ],
          [
            124.64307,
            8.46114
          ],
          [
            124.64343,
            8.4604
          ],
          [
            124.64355,
            8.46014
          ],
          [
            124.6436,
            8.46005
          ],
          [
            124.64374,
            8.45977
          ],
          [
            124.64377,
            8.4597
          ],
          [
            124.64379,
            8.45963
          ],
          [
            124.6438,
            8.45957
          ],
          [
            124.64381,
            8.45951
          ],
          [
            124.64383,
            8.4594
          ],
          [
            124.64383,
            8.45928
          ],
          [
            124.64382,
            8.45919
          ],
          [
            124.64381,
            8.45908
          ],
          [
            124.6438,
            8.45895
          ],
          [
            124.6438,
            8.45881
          ],
          [
            124.6438,
            8.45872
          ],
          [
            124.6438,
            8.45866
          ],
          [
            124.6438,
            8.45865
          ],
          [
            124.6438,
            8.45859
          ],
          [
            124.64381,
            8.45852
          ],
          [
            124.64382,
            8.45846
          ],
          [
            124.64384,
            8.4584
          ],
          [
            124.64386,
            8.45834
          ],
          [
            124.6439,
            8.45823
          ],
          [
            124.64394,
            8.45813
          ],
          [
            124.64399,
            8.45804
          ],
          [
            124.64404,
            8.45794
          ],
          [
            124.6441,
            8.45784
          ],
          [
            124.64415,
            8.45776
          ],
          [
            124.6445,
            8.45724
          ],
          [
            124.64455,
            8.45718
          ],
          [
            124.64478,
            8.45683
          ],
          [
            124.64481,
            8.45677
          ],
          [
            124.64488,
            8.45663
          ],
          [
            124.64502,
            8.4563
          ],
          [
            124.64505,
            8.45621
          ],
          [
            124.64511,
            8.45602
          ],
          [
            124.64515,
            8.45587
          ],
          [
            124.64518,
            8.45577
          ],
          [
            124.6452,
            8.4557
          ],
          [
            124.64522,
            8.45559
          ],
          [
            124.64523,
            8.45549
          ],
          [
            124.64524,
            8.45536
          ],
          [
            124.64525,
            8.45524
          ],
          [
            124.64525,
            8.45514
          ],
          [
            124.64526,
            8.45503
          ],
          [
            124.64528,
            8.45494
          ],
          [
            124.64529,
            8.45485
          ],
          [
            124.64531,
            8.45476
          ],
          [
            124.64534,
            8.45467
          ],
          [
            124.64537,
            8.45458
          ],
          [
            124.64541,
            8.45451
          ],
          [
            124.64546,
            8.45442
          ],
          [
            124.64552,
            8.45433
          ],
          [
            124.64564,
            8.45415
          ],
          [
            124.64572,
            8.45402
          ],
          [
            124.64575,
            8.45397
          ],
          [
            124.6458,
            8.45394
          ],
          [
            124.64584,
            8.45392
          ],
          [
            124.64588,
            8.4539
          ],
          [
            124.64591,
            8.45388
          ],
          [
            124.64594,
            8.45386
          ],
          [
            124.64595,
            8.45385
          ],
          [
            124.64598,
            8.45382
          ],
          [
            124.64601,
            8.45377
          ],
          [
            124.64605,
            8.45367
          ],
          [
            124.64609,
            8.4536
          ],
          [
            124.64612,
            8.45356
          ],
          [
            124.64616,
            8.45349
          ],
          [
            124.6462,
            8.45342
          ],
          [
            124.64638,
            8.4532
          ],
          [
            124.64675,
            8.45278
          ],
          [
            124.6472,
            8.45224
          ],
          [
            124.64736,
            8.452
          ],
          [
            124.64742,
            8.45191
          ],
          [
            124.64746,
            8.45184
          ],
          [
            124.64751,
            8.45178
          ],
          [
            124.64757,
            8.45171
          ],
          [
            124.6476,
            8.45167
          ],
          [
            124.64761,
            8.45164
          ],
          [
            124.64764,
            8.45163
          ],
          [
            124.64766,
            8.45162
          ],
          [
            124.64768,
            8.45161
          ],
          [
            124.64769,
            8.4516
          ],
          [
            124.64771,
            8.45159
          ],
          [
            124.64773,
            8.45157
          ],
          [
            124.64794,
            8.45136
          ],
          [
            124.64798,
            8.45132
          ],
          [
            124.64801,
            8.45128
          ],
          [
            124.64803,
            8.45125
          ],
          [
            124.64805,
            8.45121
          ],
          [
            124.64809,
            8.45112
          ],
          [
            124.64823,
            8.45078
          ],
          [
            124.64824,
            8.45073
          ],
          [
            124.64825,
            8.45069
          ],
          [
            124.64826,
            8.45066
          ],
          [
            124.64828,
            8.45063
          ],
          [
            124.6483,
            8.4506
          ],
          [
            124.64833,
            8.45057
          ],
          [
            124.64835,
            8.45054
          ],
          [
            124.6484,
            8.45048
          ],
          [
            124.64845,
            8.45043
          ],
          [
            124.64852,
            8.45033
          ],
          [
            124.64863,
            8.45021
          ],
          [
            124.64886,
            8.45
          ],
          [
            124.64884,
            8.4499
          ],
          [
            124.64881,
            8.44979
          ],
          [
            124.64867,
            8.44927
          ],
          [
            124.64863,
            8.44913
          ],
          [
            124.64862,
            8.4491
          ],
          [
            124.6486,
            8.44901
          ],
          [
            124.64858,
            8.4489
          ],
          [
            124.64856,
            8.4488
          ],
          [
            124.64855,
            8.44874
          ],
          [
            124.64855,
            8.4487
          ],
          [
            124.64855,
            8.44861
          ],
          [
            124.64855,
            8.44853
          ],
          [
            124.64857,
            8.44841
          ],
          [
            124.64858,
            8.44839
          ],
          [
            124.64861,
            8.4483
          ],
          [
            124.64864,
            8.44822
          ],
          [
            124.64865,
            8.44817
          ],
          [
            124.64869,
            8.44808
          ],
          [
            124.64871,
            8.44802
          ],
          [
            124.64872,
            8.44796
          ],
          [
            124.64873,
            8.44791
          ],
          [
            124.64874,
            8.44786
          ],
          [
            124.64873,
            8.44779
          ],
          [
            124.64873,
            8.44774
          ],
          [
            124.64871,
            8.44769
          ],
          [
            124.64868,
            8.44763
          ],
          [
            124.64864,
            8.44758
          ],
          [
            124.6486,
            8.44754
          ],
          [
            124.64855,
            8.4475
          ],
          [
            124.64849,
            8.44746
          ],
          [
            124.64844,
            8.44744
          ],
          [
            124.64837,
            8.44741
          ],
          [
            124.64829,
            8.4474
          ],
          [
            124.64821,
            8.44738
          ],
          [
            124.6481,
            8.44737
          ],
          [
            124.648,
            8.44736
          ],
          [
            124.64794,
            8.44735
          ],
          [
            124.64786,
            8.44732
          ],
          [
            124.64777,
            8.44729
          ],
          [
            124.64769,
            8.44725
          ],
          [
            124.64763,
            8.44722
          ],
          [
            124.64756,
            8.44717
          ],
          [
            124.64751,
            8.44712
          ],
          [
            124.64746,
            8.44707
          ],
          [
            124.64739,
            8.447
          ],
          [
            124.64734,
            8.44691
          ],
          [
            124.64731,
            8.44685
          ],
          [
            124.64728,
            8.44679
          ],
          [
            124.64725,
            8.44673
          ],
          [
            124.64719,
            8.4466
          ],
          [
            124.64715,
            8.44652
          ],
          [
            124.64705,
            8.4463
          ],
          [
            124.647,
            8.4462
          ],
          [
            124.64697,
            8.44615
          ],
          [
            124.64692,
            8.44608
          ],
          [
            124.64684,
            8.44599
          ],
          [
            124.6468,
            8.44594
          ],
          [
            124.64675,
            8.44589
          ],
          [
            124.64671,
            8.44585
          ],
          [
            124.64661,
            8.44577
          ],
          [
            124.64649,
            8.44569
          ],
          [
            124.64521,
            8.44512
          ],
          [
            124.64511,
            8.44507
          ],
          [
            124.64504,
            8.44502
          ],
          [
            124.64497,
            8.44497
          ],
          [
            124.64487,
            8.44489
          ],
          [
            124.64473,
            8.44477
          ],
          [
            124.64468,
            8.44472
          ],
          [
            124.64447,
            8.44452
          ],
          [
            124.64434,
            8.4444
          ],
          [
            124.64413,
            8.4442
          ],
          [
            124.6438,
            8.44391
          ],
          [
            124.64378,
            8.44389
          ],
          [
            124.64372,
            8.44382
          ],
          [
            124.64365,
            8.44375
          ],
          [
            124.64359,
            8.44368
          ],
          [
            124.64352,
            8.44359
          ],
          [
            124.64347,
            8.44349
          ],
          [
            124.64344,
            8.44343
          ],
          [
            124.64341,
            8.44337
          ],
          [
            124.64339,
            8.44329
          ],
          [
            124.64337,
            8.44322
          ],
          [
            124.64336,
            8.44315
          ],
          [
            124.64335,
            8.44306
          ],
          [
            124.64335,
            8.44301
          ],
          [
            124.64335,
            8.44292
          ],
          [
            124.64336,
            8.44285
          ],
          [
            124.64337,
            8.44278
          ],
          [
            124.64339,
            8.4427
          ],
          [
            124.6436,
            8.44189
          ],
          [
            124.64382,
            8.44104
          ],
          [
            124.64387,
            8.44084
          ],
          [
            124.64391,
            8.44066
          ],
          [
            124.64393,
            8.44054
          ],
          [
            124.64395,
            8.44036
          ],
          [
            124.64397,
            8.44017
          ],
          [
            124.64398,
            8.43998
          ],
          [
            124.64398,
            8.43985
          ],
          [
            124.64398,
            8.43981
          ],
          [
            124.64398,
            8.43963
          ],
          [
            124.64397,
            8.43949
          ],
          [
            124.64396,
            8.4394
          ],
          [
            124.64394,
            8.43932
          ],
          [
            124.64393,
            8.43925
          ],
          [
            124.64389,
            8.43915
          ],
          [
            124.64384,
            8.43905
          ],
          [
            124.64378,
            8.43895
          ],
          [
            124.64371,
            8.43883
          ],
          [
            124.64363,
            8.43872
          ],
          [
            124.64351,
            8.43856
          ],
          [
            124.64315,
            8.43811
          ],
          [
            124.64226,
            8.43698
          ],
          [
            124.64198,
            8.43659
          ],
          [
            124.64194,
            8.43652
          ],
          [
            124.64164,
            8.43609
          ],
          [
            124.64143,
            8.43573
          ],
          [
            124.64133,
            8.43557
          ],
          [
            124.6409,
            8.4349
          ],
          [
            124.64046,
            8.4342
          ],
          [
            124.64042,
            8.43414
          ],
          [
            124.64039,
            8.43409
          ],
          [
            124.64037,
            8.43404
          ],
          [
            124.64036,
            8.43401
          ],
          [
            124.64035,
            8.43398
          ],
          [
            124.64035,
            8.43397
          ],
          [
            124.64035,
            8.43394
          ],
          [
            124.64034,
            8.4339
          ],
          [
            124.64034,
            8.43387
          ],
          [
            124.64033,
            8.43383
          ],
          [
            124.64034,
            8.4338
          ],
          [
            124.64034,
            8.43376
          ],
          [
            124.64035,
            8.43371
          ],
          [
            124.64037,
            8.43365
          ],
          [
            124.64039,
            8.4336
          ],
          [
            124.64041,
            8.43355
          ],
          [
            124.64073,
            8.43297
          ],
          [
            124.64092,
            8.43264
          ],
          [
            124.64098,
            8.43251
          ],
          [
            124.64102,
            8.43242
          ],
          [
            124.64106,
            8.43229
          ],
          [
            124.64108,
            8.43218
          ],
          [
            124.64109,
            8.43202
          ],
          [
            124.64109,
            8.43177
          ],
          [
            124.64109,
            8.43155
          ],
          [
            124.64109,
            8.43123
          ],
          [
            124.64108,
            8.43109
          ],
          [
            124.64106,
            8.43099
          ],
          [
            124.64104,
            8.43089
          ],
          [
            124.641,
            8.4308
          ],
          [
            124.64094,
            8.4307
          ],
          [
            124.64086,
            8.43061
          ],
          [
            124.64069,
            8.43041
          ],
          [
            124.64054,
            8.43024
          ],
          [
            124.64009,
            8.42979
          ],
          [
            124.63988,
            8.42957
          ],
          [
            124.63958,
            8.42925
          ],
          [
            124.63947,
            8.42912
          ],
          [
            124.63939,
            8.42901
          ],
          [
            124.63933,
            8.42892
          ],
          [
            124.63927,
            8.42883
          ],
          [
            124.63921,
            8.42866
          ],
          [
            124.63907,
            8.42825
          ],
          [
            124.63892,
            8.42783
          ],
          [
            124.63879,
            8.42751
          ],
          [
            124.63868,
            8.42727
          ],
          [
            124.63848,
            8.42686
          ],
          [
            124.63845,
            8.42682
          ],
          [
            124.63826,
            8.42642
          ],
          [
            124.63802,
            8.42592
          ],
          [
            124.63786,
            8.4256
          ],
          [
            124.63774,
            8.42535
          ],
          [
            124.63763,
            8.42514
          ],
          [
            124.63757,
            8.42503
          ],
          [
            124.63751,
            8.42493
          ],
          [
            124.63745,
            8.42485
          ],
          [
            124.63735,
            8.42473
          ],
          [
            124.63723,
            8.42461
          ],
          [
            124.63689,
            8.42437
          ],
          [
            124.63684,
            8.42433
          ],
          [
            124.63674,
            8.42426
          ],
          [
            124.63663,
            8.42417
          ],
          [
            124.63644,
            8.42402
          ],
          [
            124.63611,
            8.42376
          ]
        ]
      },
      "properties": {
        "name": "Indahag (R3) Taguanao – Cogon Public Market"
      }
    },
    {
      "type": "Feature",
      "geometry": {
        "type": "LineString",
        "coordinates": [
          [
            124.65753,
            8.48901
          ],
          [
            124.65731,
            8.48835
          ],
          [
            124.65794,
            8.48814
          ],
          [
            124.65819,
            8.48806
          ],
          [
            124.65952,
            8.48764
          ],
          [
            124.65931,
            8.48693
          ],
          [
            124.6592,
            8.48653
          ],
          [
            124.65901,
            8.48592
          ],
          [
            124.65881,
            8.48527
          ],
          [
            124.65866,
            8.48477
          ],
          [
            124.65864,
            8.48472
          ],
          [
            124.65857,
            8.4845
          ],
          [
            124.65849,
            8.48423
          ],
          [
            124.65801,
            8.48434
          ],
          [
            124.6577,
            8.48441
          ],
          [
            124.65709,
            8.48455
          ],
          [
            124.65697,
            8.48458
          ],
          [
            124.65662,
            8.48466
          ],
          [
            124.65642,
            8.48469
          ],
          [
            124.65577,
            8.48485
          ],
          [
            124.65558,
            8.48489
          ],
          [
            124.65524,
            8.48496
          ],
          [
            124.65514,
            8.48498
          ],
          [
            124.65506,
            8.485
          ],
          [
            124.65451,
            8.48511
          ],
          [
            124.65382,
            8.48525
          ],
          [
            124.65365,
            8.48528
          ],
          [
            124.65226,
            8.48558
          ],
          [
            124.65214,
            8.48561
          ],
          [
            124.65121,
            8.48582
          ],
          [
            124.6505,
            8.48598
          ],
          [
            124.64988,
            8.48612
          ],
          [
            124.64983,
            8.48608
          ],
          [
            124.64968,
            8.48612
          ],
          [
            124.64959,
            8.48614
          ],
          [
            124.64936,
            8.48618
          ],
          [
            124.6484,
            8.48639
          ],
          [
            124.64829,
            8.48641
          ],
          [
            124.64818,
            8.48644
          ],
          [
            124.64766,
            8.48655
          ],
          [
            124.64708,
            8.48669
          ],
          [
            124.64697,
            8.48671
          ],
          [
            124.64685,
            8.48674
          ],
          [
            124.64665,
            8.48678
          ],
          [
            124.64624,
            8.48688
          ],
          [
            124.64578,
            8.48703
          ],
          [
            124.64528,
            8.48719
          ],
          [
            124.64488,
            8.48732
          ],
          [
            124.64471,
            8.48737
          ],
          [
            124.64454,
            8.48743
          ],
          [
            124.64317,
            8.48787
          ],
          [
            124.64309,
            8.48789
          ],
          [
            124.64302,
            8.48792
          ],
          [
            124.64291,
            8.48796
          ],
          [
            124.64238,
            8.48812
          ],
          [
            124.64202,
            8.48822
          ],
          [
            124.64196,
            8.48825
          ],
          [
            124.64176,
            8.48831
          ],
          [
            124.64139,
            8.48842
          ],
          [
            124.64083,
            8.4886
          ],
          [
            124.64056,
            8.48868
          ],
          [
            124.63985,
            8.4889
          ],
          [
            124.6397,
            8.48902
          ],
          [
            124.63965,
            8.48891
          ],
          [
            124.63918,
            8.48759
          ],
          [
            124.63914,
            8.48748
          ],
          [
            124.63907,
            8.48725
          ],
          [
            124.63904,
            8.48715
          ],
          [
            124.63902,
            8.48707
          ],
          [
            124.639,
            8.487
          ],
          [
            124.63896,
            8.48681
          ],
          [
            124.63884,
            8.48631
          ],
          [
            124.6388,
            8.48614
          ],
          [
            124.63873,
            8.48583
          ],
          [
            124.63864,
            8.48552
          ],
          [
            124.63851,
            8.485
          ],
          [
            124.63846,
            8.48474
          ],
          [
            124.63848,
            8.48473
          ],
          [
            124.6385,
            8.48471
          ],
          [
            124.63853,
            8.48469
          ],
          [
            124.63855,
            8.48467
          ],
          [
            124.63857,
            8.48465
          ],
          [
            124.63858,
            8.48462
          ],
          [
            124.6386,
            8.4846
          ],
          [
            124.63861,
            8.48457
          ],
          [
            124.63864,
            8.48452
          ],
          [
            124.63865,
            8.48447
          ],
          [
            124.63865,
            8.48445
          ],
          [
            124.63856,
            8.48346
          ],
          [
            124.63854,
            8.48322
          ],
          [
            124.63852,
            8.48292
          ],
          [
            124.63849,
            8.48274
          ],
          [
            124.63845,
            8.48256
          ],
          [
            124.6384,
            8.48233
          ],
          [
            124.63832,
            8.48196
          ],
          [
            124.63812,
            8.4811
          ],
          [
            124.63804,
            8.48068
          ],
          [
            124.63794,
            8.48015
          ],
          [
            124.63792,
            8.47994
          ],
          [
            124.6379,
            8.47979
          ],
          [
            124.63789,
            8.47963
          ],
          [
            124.63787,
            8.47933
          ],
          [
            124.63786,
            8.47916
          ],
          [
            124.63785,
            8.47873
          ],
          [
            124.63786,
            8.47847
          ],
          [
            124.63783,
            8.47792
          ],
          [
            124.63782,
            8.47753
          ],
          [
            124.63782,
            8.47727
          ],
          [
            124.63781,
            8.47703
          ],
          [
            124.63782,
            8.47681
          ],
          [
            124.63783,
            8.47661
          ],
          [
            124.63783,
            8.47631
          ],
          [
            124.63783,
            8.4759
          ],
          [
            124.63784,
            8.47506
          ],
          [
            124.63784,
            8.47461
          ],
          [
            124.63785,
            8.47423
          ],
          [
            124.63784,
            8.4738
          ],
          [
            124.63785,
            8.47355
          ],
          [
            124.63784,
            8.47343
          ],
          [
            124.63785,
            8.47339
          ],
          [
            124.63784,
            8.47321
          ],
          [
            124.63783,
            8.47313
          ],
          [
            124.63782,
            8.47307
          ],
          [
            124.6378,
            8.47304
          ],
          [
            124.63778,
            8.47301
          ],
          [
            124.63763,
            8.47288
          ],
          [
            124.63748,
            8.47291
          ],
          [
            124.63743,
            8.47292
          ],
          [
            124.63693,
            8.47296
          ],
          [
            124.63688,
            8.47299
          ],
          [
            124.63684,
            8.47301
          ],
          [
            124.63679,
            8.47302
          ],
          [
            124.63669,
            8.47303
          ],
          [
            124.63656,
            8.47305
          ],
          [
            124.6362,
            8.47307
          ],
          [
            124.63598,
            8.47307
          ],
          [
            124.63575,
            8.47305
          ],
          [
            124.63567,
            8.47305
          ],
          [
            124.63548,
            8.47303
          ],
          [
            124.63537,
            8.47301
          ],
          [
            124.63533,
            8.47302
          ],
          [
            124.63529,
            8.47303
          ],
          [
            124.63505,
            8.47306
          ],
          [
            124.63462,
            8.47311
          ],
          [
            124.63433,
            8.47315
          ],
          [
            124.63421,
            8.47318
          ],
          [
            124.63411,
            8.47322
          ],
          [
            124.63403,
            8.47325
          ],
          [
            124.63394,
            8.47331
          ],
          [
            124.63386,
            8.47335
          ],
          [
            124.63347,
            8.47359
          ],
          [
            124.6331,
            8.47384
          ],
          [
            124.63293,
            8.47395
          ],
          [
            124.63263,
            8.47414
          ],
          [
            124.632,
            8.47453
          ],
          [
            124.63187,
            8.47462
          ],
          [
            124.63142,
            8.4749
          ],
          [
            124.63129,
            8.47498
          ],
          [
            124.63115,
            8.47507
          ],
          [
            124.63095,
            8.47519
          ],
          [
            124.63057,
            8.47544
          ],
          [
            124.62994,
            8.47583
          ],
          [
            124.62958,
            8.47608
          ],
          [
            124.62944,
            8.47621
          ],
          [
            124.62929,
            8.47635
          ],
          [
            124.62907,
            8.47659
          ],
          [
            124.62905,
            8.47663
          ],
          [
            124.62882,
            8.47693
          ],
          [
            124.62866,
            8.47719
          ],
          [
            124.62856,
            8.47736
          ],
          [
            124.62826,
            8.47785
          ],
          [
            124.62818,
            8.47798
          ],
          [
            124.62809,
            8.47816
          ],
          [
            124.6281,
            8.47829
          ],
          [
            124.6281,
            8.47835
          ],
          [
            124.6281,
            8.47839
          ],
          [
            124.62809,
            8.47866
          ],
          [
            124.62808,
            8.47883
          ],
          [
            124.62808,
            8.47893
          ],
          [
            124.62809,
            8.479
          ],
          [
            124.62812,
            8.47908
          ],
          [
            124.62823,
            8.47934
          ],
          [
            124.62856,
            8.48015
          ],
          [
            124.62861,
            8.48024
          ],
          [
            124.62867,
            8.4804
          ],
          [
            124.62875,
            8.48063
          ],
          [
            124.62882,
            8.48083
          ],
          [
            124.62887,
            8.48095
          ],
          [
            124.6289,
            8.48104
          ],
          [
            124.62894,
            8.48112
          ],
          [
            124.62897,
            8.48117
          ],
          [
            124.62902,
            8.48125
          ],
          [
            124.62906,
            8.48132
          ],
          [
            124.6291,
            8.48137
          ],
          [
            124.62915,
            8.48142
          ],
          [
            124.62921,
            8.48148
          ],
          [
            124.62933,
            8.48159
          ],
          [
            124.62985,
            8.48214
          ],
          [
            124.63007,
            8.48235
          ],
          [
            124.63046,
            8.48277
          ],
          [
            124.63069,
            8.48301
          ],
          [
            124.63097,
            8.4833
          ],
          [
            124.63273,
            8.48284
          ],
          [
            124.63346,
            8.48266
          ],
          [
            124.63409,
            8.4825
          ],
          [
            124.63437,
            8.48242
          ],
          [
            124.63455,
            8.48236
          ],
          [
            124.63472,
            8.48231
          ],
          [
            124.63494,
            8.48224
          ],
          [
            124.6352,
            8.48214
          ],
          [
            124.63581,
            8.48198
          ],
          [
            124.63643,
            8.48175
          ],
          [
            124.63688,
            8.48156
          ],
          [
            124.63683,
            8.48141
          ],
          [
            124.63677,
            8.48126
          ],
          [
            124.63668,
            8.48099
          ],
          [
            124.63663,
            8.48081
          ],
          [
            124.63658,
            8.48061
          ],
          [
            124.63651,
            8.48019
          ],
          [
            124.6364,
            8.47934
          ],
          [
            124.63671,
            8.47931
          ],
          [
            124.63707,
            8.4797
          ],
          [
            124.63708,
            8.47979
          ],
          [
            124.63712,
            8.48008
          ],
          [
            124.63716,
            8.4803
          ],
          [
            124.63721,
            8.48049
          ],
          [
            124.63726,
            8.48066
          ],
          [
            124.63738,
            8.48101
          ],
          [
            124.63749,
            8.48133
          ],
          [
            124.63716,
            8.48144
          ],
          [
            124.63688,
            8.48156
          ],
          [
            124.63643,
            8.48175
          ],
          [
            124.63581,
            8.48198
          ],
          [
            124.6352,
            8.48214
          ],
          [
            124.63494,
            8.48224
          ],
          [
            124.63472,
            8.48231
          ],
          [
            124.63455,
            8.48236
          ],
          [
            124.63437,
            8.48242
          ],
          [
            124.63409,
            8.4825
          ],
          [
            124.63346,
            8.48266
          ],
          [
            124.63273,
            8.48284
          ],
          [
            124.63097,
            8.4833
          ],
          [
            124.63069,
            8.48301
          ],
          [
            124.63046,
            8.48277
          ],
          [
            124.63007,
            8.48235
          ],
          [
            124.62985,
            8.48214
          ],
          [
            124.62933,
            8.48159
          ],
          [
            124.62921,
            8.48148
          ],
          [
            124.62915,
            8.48142
          ],
          [
            124.6291,
            8.48137
          ],
          [
            124.62906,
            8.48132
          ],
          [
            124.62902,
            8.48125
          ],
          [
            124.62897,
            8.48117
          ],
          [
            124.62894,
            8.48112
          ],
          [
            124.6289,
            8.48104
          ],
          [
            124.62887,
            8.48095
          ],
          [
            124.62882,
            8.48083
          ],
          [
            124.62875,
            8.48063
          ],
          [
            124.62867,
            8.4804
          ],
          [
            124.62861,
            8.48024
          ],
          [
            124.62856,
            8.48015
          ],
          [
            124.62823,
            8.47934
          ],
          [
            124.62812,
            8.47908
          ],
          [
            124.62809,
            8.479
          ],
          [
            124.62808,
            8.47893
          ],
          [
            124.62808,
            8.47883
          ],
          [
            124.62809,
            8.47866
          ],
          [
            124.6281,
            8.47839
          ],
          [
            124.6281,
            8.47835
          ],
          [
            124.6281,
            8.47829
          ],
          [
            124.62809,
            8.47816
          ],
          [
            124.62818,
            8.47798
          ],
          [
            124.62826,
            8.47785
          ],
          [
            124.62856,
            8.47736
          ],
          [
            124.62866,
            8.47719
          ],
          [
            124.62882,
            8.47693
          ],
          [
            124.62905,
            8.47663
          ],
          [
            124.62907,
            8.47659
          ],
          [
            124.62929,
            8.47635
          ],
          [
            124.62944,
            8.47621
          ],
          [
            124.62958,
            8.47608
          ],
          [
            124.62994,
            8.47583
          ],
          [
            124.63057,
            8.47544
          ],
          [
            124.63095,
            8.47519
          ],
          [
            124.63115,
            8.47507
          ],
          [
            124.63129,
            8.47498
          ],
          [
            124.63142,
            8.4749
          ],
          [
            124.63187,
            8.47462
          ],
          [
            124.632,
            8.47453
          ],
          [
            124.63263,
            8.47414
          ],
          [
            124.63293,
            8.47395
          ],
          [
            124.6331,
            8.47384
          ],
          [
            124.63347,
            8.47359
          ],
          [
            124.63386,
            8.47335
          ],
          [
            124.63394,
            8.47331
          ],
          [
            124.63403,
            8.47325
          ],
          [
            124.63411,
            8.47322
          ],
          [
            124.63421,
            8.47318
          ],
          [
            124.63433,
            8.47315
          ],
          [
            124.63462,
            8.47311
          ],
          [
            124.63505,
            8.47306
          ],
          [
            124.63529,
            8.47303
          ],
          [
            124.63533,
            8.47302
          ],
          [
            124.63537,
            8.47301
          ],
          [
            124.6349,
            8.47296
          ],
          [
            124.63466,
            8.47294
          ],
          [
            124.63457,
            8.47293
          ],
          [
            124.63452,
            8.47291
          ],
          [
            124.63448,
            8.4729
          ],
          [
            124.63442,
            8.47287
          ],
          [
            124.63449,
            8.47284
          ],
          [
            124.63452,
            8.47283
          ],
          [
            124.63458,
            8.47282
          ],
          [
            124.6346,
            8.47282
          ],
          [
            124.63464,
            8.47281
          ],
          [
            124.63472,
            8.47282
          ],
          [
            124.63492,
            8.47283
          ],
          [
            124.63517,
            8.47285
          ],
          [
            124.6355,
            8.4729
          ],
          [
            124.63566,
            8.47293
          ],
          [
            124.63576,
            8.47294
          ],
          [
            124.63605,
            8.47295
          ],
          [
            124.63624,
            8.47295
          ],
          [
            124.63639,
            8.47294
          ],
          [
            124.63678,
            8.47292
          ],
          [
            124.63683,
            8.47293
          ],
          [
            124.63686,
            8.47293
          ],
          [
            124.63693,
            8.47296
          ],
          [
            124.63743,
            8.47292
          ],
          [
            124.63748,
            8.47291
          ],
          [
            124.63763,
            8.47288
          ],
          [
            124.63781,
            8.47285
          ],
          [
            124.63784,
            8.47284
          ],
          [
            124.63822,
            8.47276
          ],
          [
            124.63835,
            8.47271
          ],
          [
            124.63846,
            8.47266
          ],
          [
            124.63863,
            8.47252
          ],
          [
            124.63881,
            8.47236
          ],
          [
            124.63885,
            8.47233
          ],
          [
            124.63889,
            8.47229
          ],
          [
            124.6391,
            8.47212
          ],
          [
            124.63913,
            8.47208
          ],
          [
            124.63916,
            8.47205
          ],
          [
            124.6392,
            8.47202
          ],
          [
            124.63923,
            8.472
          ],
          [
            124.63926,
            8.47198
          ],
          [
            124.63929,
            8.47196
          ],
          [
            124.63933,
            8.47193
          ],
          [
            124.63936,
            8.47191
          ],
          [
            124.63941,
            8.47188
          ],
          [
            124.63945,
            8.47186
          ],
          [
            124.6395,
            8.47183
          ],
          [
            124.63954,
            8.47182
          ],
          [
            124.63958,
            8.4718
          ],
          [
            124.63964,
            8.47178
          ],
          [
            124.63987,
            8.47171
          ],
          [
            124.64004,
            8.47166
          ],
          [
            124.64049,
            8.47154
          ],
          [
            124.64129,
            8.47129
          ],
          [
            124.6414,
            8.47126
          ],
          [
            124.64142,
            8.47125
          ],
          [
            124.64156,
            8.47121
          ],
          [
            124.64227,
            8.47099
          ],
          [
            124.64232,
            8.47096
          ],
          [
            124.64236,
            8.47094
          ],
          [
            124.6424,
            8.47092
          ],
          [
            124.64243,
            8.4709
          ],
          [
            124.64245,
            8.47088
          ],
          [
            124.64248,
            8.47085
          ],
          [
            124.64248,
            8.4708
          ],
          [
            124.64249,
            8.47075
          ],
          [
            124.6425,
            8.4707
          ],
          [
            124.64251,
            8.47065
          ],
          [
            124.64254,
            8.47061
          ],
          [
            124.64257,
            8.47057
          ],
          [
            124.6426,
            8.47053
          ],
          [
            124.64264,
            8.4705
          ],
          [
            124.64267,
            8.47048
          ],
          [
            124.6427,
            8.47046
          ],
          [
            124.64274,
            8.47045
          ],
          [
            124.64277,
            8.47043
          ],
          [
            124.6428,
            8.47043
          ],
          [
            124.64284,
            8.47042
          ],
          [
            124.64291,
            8.47042
          ],
          [
            124.64295,
            8.47043
          ],
          [
            124.643,
            8.47044
          ],
          [
            124.64304,
            8.47045
          ],
          [
            124.64308,
            8.47047
          ],
          [
            124.64312,
            8.4705
          ],
          [
            124.64315,
            8.47053
          ],
          [
            124.64318,
            8.47056
          ],
          [
            124.6432,
            8.4706
          ],
          [
            124.64322,
            8.47063
          ],
          [
            124.64323,
            8.47066
          ],
          [
            124.64325,
            8.4707
          ],
          [
            124.64325,
            8.47073
          ],
          [
            124.64326,
            8.47077
          ],
          [
            124.64326,
            8.4708
          ],
          [
            124.64326,
            8.47084
          ],
          [
            124.64326,
            8.47087
          ],
          [
            124.64325,
            8.47091
          ],
          [
            124.64324,
            8.47094
          ],
          [
            124.64323,
            8.47097
          ],
          [
            124.64321,
            8.47101
          ],
          [
            124.64319,
            8.47103
          ],
          [
            124.64317,
            8.47106
          ],
          [
            124.64315,
            8.47109
          ],
          [
            124.64312,
            8.47111
          ],
          [
            124.64309,
            8.47113
          ],
          [
            124.64306,
            8.47115
          ],
          [
            124.64302,
            8.47117
          ],
          [
            124.64299,
            8.47118
          ],
          [
            124.64295,
            8.47119
          ],
          [
            124.64292,
            8.4712
          ],
          [
            124.64288,
            8.4712
          ],
          [
            124.64284,
            8.4712
          ],
          [
            124.6428,
            8.47119
          ],
          [
            124.64277,
            8.47118
          ],
          [
            124.64273,
            8.47117
          ],
          [
            124.6427,
            8.47116
          ],
          [
            124.64267,
            8.47114
          ],
          [
            124.64264,
            8.47112
          ],
          [
            124.64261,
            8.47109
          ],
          [
            124.64258,
            8.47107
          ],
          [
            124.64255,
            8.47105
          ],
          [
            124.64251,
            8.47103
          ],
          [
            124.64248,
            8.47102
          ],
          [
            124.64244,
            8.47101
          ],
          [
            124.64241,
            8.471
          ],
          [
            124.64237,
            8.47099
          ],
          [
            124.64232,
            8.47099
          ],
          [
            124.64228,
            8.47099
          ],
          [
            124.64227,
            8.47099
          ],
          [
            124.64156,
            8.47121
          ],
          [
            124.64142,
            8.47125
          ],
          [
            124.6414,
            8.47126
          ],
          [
            124.64129,
            8.47129
          ],
          [
            124.64049,
            8.47154
          ],
          [
            124.64004,
            8.47166
          ],
          [
            124.63987,
            8.47171
          ],
          [
            124.63964,
            8.47178
          ],
          [
            124.63958,
            8.4718
          ],
          [
            124.63954,
            8.47182
          ],
          [
            124.6395,
            8.47183
          ],
          [
            124.63945,
            8.47186
          ],
          [
            124.63941,
            8.47188
          ],
          [
            124.63936,
            8.47191
          ],
          [
            124.63933,
            8.47193
          ],
          [
            124.63929,
            8.47196
          ],
          [
            124.63926,
            8.47198
          ],
          [
            124.63923,
            8.472
          ],
          [
            124.6392,
            8.47202
          ],
          [
            124.63916,
            8.47205
          ],
          [
            124.63913,
            8.47208
          ],
          [
            124.6391,
            8.47212
          ],
          [
            124.63889,
            8.47229
          ],
          [
            124.63885,
            8.47233
          ],
          [
            124.63881,
            8.47236
          ],
          [
            124.63863,
            8.47252
          ],
          [
            124.63846,
            8.47266
          ],
          [
            124.63835,
            8.47271
          ],
          [
            124.63822,
            8.47276
          ],
          [
            124.63784,
            8.47284
          ],
          [
            124.63781,
            8.47285
          ],
          [
            124.63763,
            8.47288
          ],
          [
            124.63778,
            8.47301
          ],
          [
            124.6378,
            8.47304
          ],
          [
            124.63782,
            8.47307
          ],
          [
            124.63783,
            8.47313
          ],
          [
            124.63784,
            8.47321
          ],
          [
            124.63785,
            8.47339
          ],
          [
            124.63784,
            8.47343
          ],
          [
            124.63785,
            8.47355
          ],
          [
            124.63784,
            8.4738
          ],
          [
            124.63785,
            8.47423
          ],
          [
            124.63784,
            8.47461
          ],
          [
            124.63784,
            8.47506
          ],
          [
            124.63783,
            8.4759
          ],
          [
            124.63783,
            8.47631
          ],
          [
            124.63783,
            8.47661
          ],
          [
            124.63782,
            8.47681
          ],
          [
            124.63781,
            8.47703
          ],
          [
            124.63782,
            8.47727
          ],
          [
            124.63782,
            8.47753
          ],
          [
            124.63783,
            8.47792
          ],
          [
            124.63786,
            8.47847
          ],
          [
            124.63785,
            8.47873
          ],
          [
            124.63786,
            8.47916
          ],
          [
            124.63787,
            8.47933
          ],
          [
            124.63789,
            8.47963
          ],
          [
            124.6379,
            8.47979
          ],
          [
            124.63792,
            8.47994
          ],
          [
            124.63794,
            8.48015
          ],
          [
            124.63804,
            8.48068
          ],
          [
            124.63812,
            8.4811
          ],
          [
            124.63832,
            8.48196
          ],
          [
            124.6384,
            8.48233
          ],
          [
            124.63845,
            8.48256
          ],
          [
            124.63849,
            8.48274
          ],
          [
            124.63852,
            8.48292
          ],
          [
            124.63854,
            8.48322
          ],
          [
            124.63856,
            8.48346
          ],
          [
            124.63865,
            8.48445
          ],
          [
            124.63865,
            8.48447
          ],
          [
            124.63864,
            8.48452
          ],
          [
            124.63861,
            8.48457
          ],
          [
            124.63861,
            8.48464
          ],
          [
            124.6386,
            8.48468
          ],
          [
            124.6386,
            8.48473
          ],
          [
            124.63856,
            8.48487
          ],
          [
            124.63851,
            8.485
          ],
          [
            124.63864,
            8.48552
          ],
          [
            124.63873,
            8.48583
          ],
          [
            124.6388,
            8.48614
          ],
          [
            124.63884,
            8.48631
          ],
          [
            124.63896,
            8.48681
          ],
          [
            124.639,
            8.487
          ],
          [
            124.63902,
            8.48707
          ],
          [
            124.63904,
            8.48715
          ],
          [
            124.63907,
            8.48725
          ],
          [
            124.63914,
            8.48748
          ],
          [
            124.63918,
            8.48759
          ],
          [
            124.63965,
            8.48891
          ],
          [
            124.63985,
            8.4889
          ],
          [
            124.64056,
            8.48868
          ],
          [
            124.64083,
            8.4886
          ],
          [
            124.64139,
            8.48842
          ],
          [
            124.64176,
            8.48831
          ],
          [
            124.64196,
            8.48825
          ],
          [
            124.64202,
            8.48822
          ],
          [
            124.64238,
            8.48812
          ],
          [
            124.64291,
            8.48796
          ],
          [
            124.64302,
            8.48792
          ],
          [
            124.64309,
            8.48789
          ],
          [
            124.64317,
            8.48787
          ],
          [
            124.64454,
            8.48743
          ],
          [
            124.64471,
            8.48737
          ],
          [
            124.64488,
            8.48732
          ],
          [
            124.64528,
            8.48719
          ],
          [
            124.64578,
            8.48703
          ],
          [
            124.64624,
            8.48688
          ],
          [
            124.64665,
            8.48678
          ],
          [
            124.64685,
            8.48674
          ],
          [
            124.64697,
            8.48671
          ],
          [
            124.64708,
            8.48669
          ],
          [
            124.64766,
            8.48655
          ],
          [
            124.64818,
            8.48644
          ],
          [
            124.64829,
            8.48641
          ],
          [
            124.6484,
            8.48639
          ],
          [
            124.64936,
            8.48618
          ],
          [
            124.64959,
            8.48614
          ],
          [
            124.64968,
            8.48612
          ],
          [
            124.64983,
            8.48608
          ],
          [
            124.64986,
            8.48603
          ],
          [
            124.65048,
            8.48589
          ],
          [
            124.65119,
            8.48573
          ],
          [
            124.65212,
            8.48552
          ],
          [
            124.65224,
            8.4855
          ],
          [
            124.65363,
            8.4852
          ],
          [
            124.6538,
            8.48516
          ],
          [
            124.65449,
            8.48502
          ],
          [
            124.65504,
            8.48491
          ],
          [
            124.65512,
            8.48489
          ],
          [
            124.65522,
            8.48487
          ],
          [
            124.65556,
            8.4848
          ],
          [
            124.65575,
            8.48476
          ],
          [
            124.65641,
            8.48461
          ],
          [
            124.6566,
            8.48457
          ],
          [
            124.65695,
            8.48449
          ],
          [
            124.65707,
            8.48446
          ],
          [
            124.65768,
            8.48432
          ],
          [
            124.65799,
            8.48425
          ],
          [
            124.65847,
            8.48415
          ],
          [
            124.65849,
            8.48423
          ],
          [
            124.65857,
            8.4845
          ],
          [
            124.65864,
            8.48472
          ],
          [
            124.65866,
            8.48477
          ],
          [
            124.65881,
            8.48527
          ],
          [
            124.65901,
            8.48592
          ],
          [
            124.6592,
            8.48653
          ],
          [
            124.65931,
            8.48693
          ],
          [
            124.65952,
            8.48764
          ],
          [
            124.6598,
            8.48856
          ],
          [
            124.65986,
            8.48877
          ],
          [
            124.65977,
            8.4888
          ],
          [
            124.65835,
            8.48933
          ],
          [
            124.658,
            8.48945
          ],
          [
            124.65753,
            8.48901
          ]
        ]
      },
      "properties": {
        "name": "Lapasan (R1) – Carmen Public Market"
      }
    },
    {
      "type": "Feature",
      "geometry": {
        "type": "LineString",
        "coordinates": [
          [
            124.65765,
            8.48957
          ],
          [
            124.65761,
            8.48959
          ],
          [
            124.65756,
            8.48961
          ],
          [
            124.65696,
            8.49001
          ],
          [
            124.65661,
            8.49022
          ],
          [
            124.65626,
            8.49044
          ],
          [
            124.65586,
            8.4907
          ],
          [
            124.65562,
            8.49086
          ],
          [
            124.65543,
            8.49095
          ],
          [
            124.65469,
            8.49145
          ],
          [
            124.65449,
            8.49163
          ],
          [
            124.65433,
            8.4918
          ],
          [
            124.65409,
            8.49205
          ],
          [
            124.65402,
            8.49207
          ],
          [
            124.65399,
            8.49208
          ],
          [
            124.65395,
            8.49209
          ],
          [
            124.65391,
            8.49209
          ],
          [
            124.65388,
            8.49208
          ],
          [
            124.65384,
            8.49207
          ],
          [
            124.65372,
            8.49201
          ],
          [
            124.65362,
            8.49185
          ],
          [
            124.65308,
            8.49098
          ],
          [
            124.65305,
            8.49092
          ],
          [
            124.65284,
            8.4906
          ],
          [
            124.65266,
            8.49029
          ],
          [
            124.65256,
            8.49014
          ],
          [
            124.65246,
            8.48999
          ],
          [
            124.65233,
            8.48976
          ],
          [
            124.6523,
            8.4897
          ],
          [
            124.65219,
            8.48949
          ],
          [
            124.652,
            8.48913
          ],
          [
            124.65187,
            8.48891
          ],
          [
            124.65178,
            8.48872
          ],
          [
            124.65157,
            8.48829
          ],
          [
            124.65134,
            8.48783
          ],
          [
            124.65084,
            8.4868
          ],
          [
            124.6507,
            8.48651
          ],
          [
            124.6506,
            8.48625
          ],
          [
            124.6505,
            8.48598
          ],
          [
            124.64988,
            8.48612
          ],
          [
            124.64983,
            8.48608
          ],
          [
            124.64968,
            8.48612
          ],
          [
            124.64965,
            8.48616
          ],
          [
            124.64964,
            8.48617
          ],
          [
            124.64961,
            8.48618
          ],
          [
            124.64958,
            8.4862
          ],
          [
            124.64949,
            8.48623
          ],
          [
            124.64832,
            8.48649
          ],
          [
            124.64821,
            8.48633
          ],
          [
            124.64811,
            8.4862
          ],
          [
            124.64806,
            8.48612
          ],
          [
            124.64791,
            8.48587
          ],
          [
            124.64771,
            8.48553
          ],
          [
            124.64735,
            8.48491
          ],
          [
            124.64672,
            8.48525
          ],
          [
            124.64618,
            8.48556
          ],
          [
            124.64573,
            8.48502
          ],
          [
            124.64529,
            8.48448
          ],
          [
            124.64505,
            8.4842
          ],
          [
            124.64491,
            8.48404
          ],
          [
            124.64484,
            8.48395
          ],
          [
            124.64475,
            8.48386
          ],
          [
            124.64468,
            8.48376
          ],
          [
            124.64454,
            8.48358
          ],
          [
            124.64447,
            8.48347
          ],
          [
            124.6444,
            8.48335
          ],
          [
            124.64436,
            8.48327
          ],
          [
            124.64431,
            8.48316
          ],
          [
            124.64424,
            8.48297
          ],
          [
            124.64418,
            8.48282
          ],
          [
            124.6441,
            8.48259
          ],
          [
            124.64405,
            8.48244
          ],
          [
            124.6439,
            8.48209
          ],
          [
            124.64371,
            8.48161
          ],
          [
            124.64369,
            8.48155
          ],
          [
            124.64355,
            8.48118
          ],
          [
            124.64334,
            8.48058
          ],
          [
            124.64312,
            8.47997
          ],
          [
            124.64297,
            8.47955
          ],
          [
            124.64282,
            8.47914
          ],
          [
            124.64263,
            8.47859
          ],
          [
            124.64248,
            8.47819
          ],
          [
            124.6424,
            8.47796
          ],
          [
            124.64226,
            8.47756
          ],
          [
            124.64285,
            8.47738
          ],
          [
            124.64338,
            8.47719
          ],
          [
            124.64408,
            8.47693
          ],
          [
            124.64497,
            8.47663
          ],
          [
            124.64583,
            8.4764
          ],
          [
            124.64588,
            8.47661
          ],
          [
            124.64589,
            8.47667
          ],
          [
            124.64591,
            8.47672
          ],
          [
            124.64597,
            8.47703
          ],
          [
            124.64603,
            8.47726
          ],
          [
            124.64606,
            8.4774
          ],
          [
            124.64614,
            8.47778
          ],
          [
            124.64614,
            8.47779
          ],
          [
            124.64617,
            8.47789
          ],
          [
            124.6462,
            8.47799
          ],
          [
            124.64621,
            8.47801
          ],
          [
            124.64623,
            8.47807
          ],
          [
            124.64627,
            8.47816
          ],
          [
            124.64627,
            8.47817
          ],
          [
            124.64635,
            8.47835
          ],
          [
            124.64643,
            8.47849
          ],
          [
            124.64663,
            8.47841
          ],
          [
            124.64688,
            8.47832
          ],
          [
            124.64789,
            8.4779
          ],
          [
            124.64843,
            8.47767
          ],
          [
            124.64856,
            8.47763
          ],
          [
            124.64866,
            8.47759
          ],
          [
            124.64888,
            8.47754
          ],
          [
            124.64919,
            8.47746
          ],
          [
            124.64939,
            8.47741
          ],
          [
            124.64943,
            8.47735
          ],
          [
            124.64945,
            8.47732
          ],
          [
            124.6495,
            8.47728
          ],
          [
            124.64954,
            8.47726
          ],
          [
            124.64959,
            8.47724
          ],
          [
            124.64974,
            8.47719
          ],
          [
            124.65003,
            8.47712
          ],
          [
            124.65075,
            8.47695
          ],
          [
            124.65082,
            8.47695
          ],
          [
            124.65087,
            8.47696
          ],
          [
            124.65089,
            8.47696
          ],
          [
            124.65091,
            8.47698
          ],
          [
            124.65098,
            8.47697
          ],
          [
            124.65116,
            8.47695
          ],
          [
            124.65134,
            8.47694
          ],
          [
            124.65152,
            8.47692
          ],
          [
            124.65221,
            8.47687
          ],
          [
            124.65229,
            8.4776
          ],
          [
            124.65224,
            8.4772
          ],
          [
            124.6523,
            8.47777
          ],
          [
            124.65164,
            8.47782
          ],
          [
            124.65088,
            8.47788
          ],
          [
            124.65076,
            8.47704
          ],
          [
            124.65006,
            8.47724
          ],
          [
            124.6496,
            8.47738
          ],
          [
            124.64949,
            8.4774
          ],
          [
            124.64945,
            8.47741
          ],
          [
            124.64939,
            8.47741
          ],
          [
            124.64919,
            8.47746
          ],
          [
            124.64888,
            8.47754
          ],
          [
            124.64866,
            8.47759
          ],
          [
            124.64856,
            8.47763
          ],
          [
            124.64843,
            8.47767
          ],
          [
            124.64789,
            8.4779
          ],
          [
            124.64688,
            8.47832
          ],
          [
            124.64663,
            8.47841
          ],
          [
            124.64643,
            8.47849
          ],
          [
            124.64538,
            8.47881
          ],
          [
            124.64452,
            8.47907
          ],
          [
            124.64463,
            8.47945
          ],
          [
            124.64483,
            8.48004
          ],
          [
            124.64504,
            8.48068
          ],
          [
            124.64517,
            8.48109
          ],
          [
            124.64521,
            8.48123
          ],
          [
            124.64524,
            8.4813
          ],
          [
            124.64528,
            8.48138
          ],
          [
            124.64533,
            8.48151
          ],
          [
            124.64537,
            8.48161
          ],
          [
            124.64541,
            8.48166
          ],
          [
            124.64546,
            8.48177
          ],
          [
            124.6456,
            8.48204
          ],
          [
            124.64597,
            8.48266
          ],
          [
            124.64603,
            8.48276
          ],
          [
            124.64628,
            8.48315
          ],
          [
            124.64661,
            8.48366
          ],
          [
            124.64702,
            8.48436
          ],
          [
            124.64718,
            8.48463
          ],
          [
            124.64735,
            8.48491
          ],
          [
            124.64771,
            8.48553
          ],
          [
            124.64791,
            8.48587
          ],
          [
            124.64806,
            8.48612
          ],
          [
            124.64811,
            8.4862
          ],
          [
            124.64821,
            8.48633
          ],
          [
            124.64911,
            8.48616
          ],
          [
            124.64957,
            8.48608
          ],
          [
            124.64958,
            8.48608
          ],
          [
            124.64961,
            8.48609
          ],
          [
            124.64968,
            8.48612
          ],
          [
            124.64983,
            8.48608
          ],
          [
            124.64986,
            8.48603
          ],
          [
            124.65048,
            8.48589
          ],
          [
            124.65119,
            8.48573
          ],
          [
            124.65212,
            8.48552
          ],
          [
            124.65224,
            8.4855
          ],
          [
            124.65363,
            8.4852
          ],
          [
            124.6538,
            8.48516
          ],
          [
            124.65449,
            8.48502
          ],
          [
            124.65504,
            8.48491
          ],
          [
            124.65512,
            8.48489
          ],
          [
            124.65522,
            8.48487
          ],
          [
            124.65556,
            8.4848
          ],
          [
            124.65575,
            8.48476
          ],
          [
            124.65641,
            8.48461
          ],
          [
            124.6566,
            8.48457
          ],
          [
            124.65695,
            8.48449
          ],
          [
            124.65707,
            8.48446
          ],
          [
            124.65768,
            8.48432
          ],
          [
            124.65799,
            8.48425
          ],
          [
            124.65847,
            8.48415
          ],
          [
            124.65849,
            8.48423
          ],
          [
            124.65857,
            8.4845
          ],
          [
            124.65864,
            8.48472
          ],
          [
            124.65866,
            8.48477
          ],
          [
            124.65881,
            8.48527
          ],
          [
            124.65901,
            8.48592
          ],
          [
            124.6592,
            8.48653
          ],
          [
            124.65931,
            8.48693
          ],
          [
            124.65952,
            8.48764
          ],
          [
            124.6598,
            8.48856
          ],
          [
            124.65986,
            8.48877
          ],
          [
            124.65977,
            8.4888
          ],
          [
            124.65835,
            8.48933
          ],
          [
            124.65786,
            8.48949
          ],
          [
            124.65784,
            8.4895
          ],
          [
            124.65765,
            8.48957
          ]
        ]
      },
      "properties": {
        "name": "Lapasan (R2) – Cogon Public Market"
      }
    },
    {
      "type": "Feature",
      "geometry": {
        "type": "LineString",
        "coordinates": [
          [
            124.6581,
            8.48941
          ],
          [
            124.65786,
            8.48949
          ],
          [
            124.6577,
            8.48955
          ],
          [
            124.65731,
            8.48835
          ],
          [
            124.65794,
            8.48814
          ],
          [
            124.65819,
            8.48806
          ],
          [
            124.65952,
            8.48764
          ],
          [
            124.65931,
            8.48693
          ],
          [
            124.6592,
            8.48653
          ],
          [
            124.65901,
            8.48592
          ],
          [
            124.65881,
            8.48527
          ],
          [
            124.65889,
            8.48525
          ],
          [
            124.65903,
            8.48522
          ],
          [
            124.65918,
            8.4852
          ],
          [
            124.65929,
            8.48518
          ],
          [
            124.65937,
            8.48517
          ],
          [
            124.65942,
            8.48517
          ],
          [
            124.65947,
            8.48517
          ],
          [
            124.65954,
            8.48519
          ],
          [
            124.65964,
            8.48522
          ],
          [
            124.65972,
            8.48526
          ],
          [
            124.65976,
            8.48528
          ],
          [
            124.65979,
            8.48531
          ],
          [
            124.65982,
            8.48536
          ],
          [
            124.65986,
            8.48541
          ],
          [
            124.66026,
            8.48549
          ],
          [
            124.66037,
            8.48551
          ],
          [
            124.66054,
            8.48555
          ],
          [
            124.66078,
            8.48561
          ],
          [
            124.66095,
            8.48565
          ],
          [
            124.66115,
            8.48571
          ],
          [
            124.66152,
            8.4858
          ],
          [
            124.66166,
            8.48584
          ],
          [
            124.6618,
            8.48586
          ],
          [
            124.66182,
            8.48586
          ],
          [
            124.66184,
            8.48586
          ],
          [
            124.66186,
            8.48586
          ],
          [
            124.66188,
            8.48585
          ],
          [
            124.66191,
            8.48584
          ],
          [
            124.66192,
            8.48583
          ],
          [
            124.66194,
            8.48582
          ],
          [
            124.66198,
            8.4858
          ],
          [
            124.662,
            8.48578
          ],
          [
            124.66203,
            8.48574
          ],
          [
            124.66207,
            8.48567
          ],
          [
            124.66212,
            8.48546
          ],
          [
            124.66215,
            8.48534
          ],
          [
            124.66218,
            8.48525
          ],
          [
            124.66219,
            8.48517
          ],
          [
            124.6622,
            8.48508
          ],
          [
            124.6622,
            8.48502
          ],
          [
            124.6622,
            8.48497
          ],
          [
            124.6622,
            8.48495
          ],
          [
            124.6622,
            8.48493
          ],
          [
            124.66219,
            8.48475
          ],
          [
            124.66213,
            8.48448
          ],
          [
            124.66206,
            8.48418
          ],
          [
            124.66263,
            8.48403
          ],
          [
            124.66328,
            8.48385
          ],
          [
            124.66355,
            8.48378
          ],
          [
            124.66466,
            8.48348
          ],
          [
            124.66497,
            8.48339
          ],
          [
            124.66499,
            8.48338
          ],
          [
            124.66544,
            8.48324
          ],
          [
            124.66546,
            8.48323
          ],
          [
            124.66574,
            8.48314
          ],
          [
            124.6671,
            8.48274
          ],
          [
            124.66722,
            8.4827
          ],
          [
            124.66796,
            8.48246
          ],
          [
            124.6684,
            8.4823
          ],
          [
            124.66853,
            8.48225
          ],
          [
            124.66855,
            8.48224
          ],
          [
            124.66857,
            8.48222
          ],
          [
            124.66859,
            8.4822
          ],
          [
            124.66859,
            8.48218
          ],
          [
            124.6686,
            8.48217
          ],
          [
            124.6686,
            8.48215
          ],
          [
            124.6686,
            8.48213
          ],
          [
            124.66859,
            8.48209
          ],
          [
            124.66858,
            8.48201
          ],
          [
            124.66855,
            8.48192
          ],
          [
            124.66844,
            8.48167
          ],
          [
            124.66835,
            8.48169
          ],
          [
            124.66813,
            8.48177
          ],
          [
            124.66688,
            8.48214
          ],
          [
            124.66666,
            8.4822
          ],
          [
            124.66612,
            8.48235
          ],
          [
            124.66607,
            8.48236
          ],
          [
            124.66527,
            8.48257
          ],
          [
            124.66451,
            8.48277
          ],
          [
            124.66428,
            8.48283
          ],
          [
            124.66407,
            8.48289
          ],
          [
            124.66398,
            8.48291
          ],
          [
            124.66369,
            8.48298
          ],
          [
            124.66351,
            8.48301
          ],
          [
            124.66262,
            8.48322
          ],
          [
            124.66178,
            8.48342
          ],
          [
            124.66166,
            8.48345
          ],
          [
            124.66074,
            8.48367
          ],
          [
            124.66003,
            8.48383
          ],
          [
            124.65945,
            8.48397
          ],
          [
            124.6594,
            8.48398
          ],
          [
            124.65914,
            8.48409
          ],
          [
            124.65901,
            8.48412
          ],
          [
            124.65893,
            8.48414
          ],
          [
            124.6587,
            8.48419
          ],
          [
            124.65849,
            8.48423
          ],
          [
            124.65801,
            8.48434
          ],
          [
            124.6577,
            8.48441
          ],
          [
            124.65709,
            8.48455
          ],
          [
            124.65697,
            8.48458
          ],
          [
            124.65662,
            8.48466
          ],
          [
            124.65642,
            8.48469
          ],
          [
            124.65577,
            8.48485
          ],
          [
            124.65558,
            8.48489
          ],
          [
            124.65524,
            8.48496
          ],
          [
            124.65514,
            8.48498
          ],
          [
            124.65506,
            8.485
          ],
          [
            124.65451,
            8.48511
          ],
          [
            124.65382,
            8.48525
          ],
          [
            124.65365,
            8.48528
          ],
          [
            124.65226,
            8.48558
          ],
          [
            124.65214,
            8.48561
          ],
          [
            124.65121,
            8.48582
          ],
          [
            124.6505,
            8.48598
          ],
          [
            124.64988,
            8.48612
          ],
          [
            124.64983,
            8.48608
          ],
          [
            124.64968,
            8.48612
          ],
          [
            124.64959,
            8.48614
          ],
          [
            124.64936,
            8.48618
          ],
          [
            124.6484,
            8.48639
          ],
          [
            124.64829,
            8.48641
          ],
          [
            124.64818,
            8.48644
          ],
          [
            124.64766,
            8.48655
          ],
          [
            124.64708,
            8.48669
          ],
          [
            124.64704,
            8.48658
          ],
          [
            124.64719,
            8.48655
          ],
          [
            124.64736,
            8.4865
          ],
          [
            124.6476,
            8.48645
          ],
          [
            124.64789,
            8.48638
          ],
          [
            124.64807,
            8.48635
          ],
          [
            124.64821,
            8.48633
          ],
          [
            124.64811,
            8.4862
          ],
          [
            124.64806,
            8.48612
          ],
          [
            124.64791,
            8.48587
          ],
          [
            124.64771,
            8.48553
          ],
          [
            124.64735,
            8.48491
          ],
          [
            124.64718,
            8.48463
          ],
          [
            124.64702,
            8.48436
          ],
          [
            124.64661,
            8.48366
          ],
          [
            124.64628,
            8.48315
          ],
          [
            124.64603,
            8.48276
          ],
          [
            124.64597,
            8.48266
          ],
          [
            124.6456,
            8.48204
          ],
          [
            124.64546,
            8.48177
          ],
          [
            124.64541,
            8.48166
          ],
          [
            124.64537,
            8.48161
          ],
          [
            124.64533,
            8.48151
          ],
          [
            124.64528,
            8.48138
          ],
          [
            124.64524,
            8.4813
          ],
          [
            124.64521,
            8.48123
          ],
          [
            124.64517,
            8.48109
          ],
          [
            124.64504,
            8.48068
          ],
          [
            124.64483,
            8.48004
          ],
          [
            124.64437,
            8.48021
          ],
          [
            124.64394,
            8.48037
          ],
          [
            124.64367,
            8.48046
          ],
          [
            124.6435,
            8.47984
          ],
          [
            124.64345,
            8.47963
          ],
          [
            124.64339,
            8.47942
          ],
          [
            124.64328,
            8.479
          ],
          [
            124.64313,
            8.47844
          ],
          [
            124.64303,
            8.47804
          ],
          [
            124.64296,
            8.47779
          ],
          [
            124.64346,
            8.47766
          ],
          [
            124.64415,
            8.47746
          ],
          [
            124.64508,
            8.47721
          ],
          [
            124.64597,
            8.47703
          ],
          [
            124.64603,
            8.47726
          ],
          [
            124.64606,
            8.4774
          ],
          [
            124.64614,
            8.47778
          ],
          [
            124.64614,
            8.47779
          ],
          [
            124.64617,
            8.47789
          ],
          [
            124.6462,
            8.47799
          ],
          [
            124.64621,
            8.47801
          ],
          [
            124.64623,
            8.47807
          ],
          [
            124.64627,
            8.47816
          ],
          [
            124.64627,
            8.47817
          ],
          [
            124.64635,
            8.47835
          ],
          [
            124.64643,
            8.47849
          ],
          [
            124.64663,
            8.47841
          ],
          [
            124.64688,
            8.47832
          ],
          [
            124.64789,
            8.4779
          ],
          [
            124.64843,
            8.47767
          ],
          [
            124.64856,
            8.47763
          ],
          [
            124.64866,
            8.47759
          ],
          [
            124.64888,
            8.47754
          ],
          [
            124.64919,
            8.47746
          ],
          [
            124.64939,
            8.47741
          ],
          [
            124.64943,
            8.47735
          ],
          [
            124.64945,
            8.47732
          ],
          [
            124.6495,
            8.47728
          ],
          [
            124.64954,
            8.47726
          ],
          [
            124.64959,
            8.47724
          ],
          [
            124.64974,
            8.47719
          ],
          [
            124.65003,
            8.47712
          ],
          [
            124.65075,
            8.47695
          ],
          [
            124.65082,
            8.47695
          ],
          [
            124.65087,
            8.47696
          ],
          [
            124.65089,
            8.47696
          ],
          [
            124.65091,
            8.47698
          ],
          [
            124.65098,
            8.47697
          ],
          [
            124.65116,
            8.47695
          ],
          [
            124.65134,
            8.47694
          ],
          [
            124.65152,
            8.47692
          ],
          [
            124.65221,
            8.47687
          ],
          [
            124.65223,
            8.47705
          ],
          [
            124.65223,
            8.47706
          ],
          [
            124.6523,
            8.47777
          ],
          [
            124.65244,
            8.47877
          ],
          [
            124.65292,
            8.47872
          ],
          [
            124.65327,
            8.47869
          ],
          [
            124.65368,
            8.47864
          ],
          [
            124.65371,
            8.47863
          ],
          [
            124.65374,
            8.47863
          ],
          [
            124.6544,
            8.47849
          ],
          [
            124.65505,
            8.47835
          ],
          [
            124.65544,
            8.47827
          ],
          [
            124.65555,
            8.47825
          ],
          [
            124.65563,
            8.47823
          ],
          [
            124.6557,
            8.47823
          ],
          [
            124.65574,
            8.47822
          ],
          [
            124.65576,
            8.47822
          ],
          [
            124.65578,
            8.47822
          ],
          [
            124.65581,
            8.47822
          ],
          [
            124.65583,
            8.47823
          ],
          [
            124.65586,
            8.47823
          ],
          [
            124.65588,
            8.47824
          ],
          [
            124.6559,
            8.47825
          ],
          [
            124.65591,
            8.47826
          ],
          [
            124.65592,
            8.47828
          ],
          [
            124.65593,
            8.47831
          ],
          [
            124.65594,
            8.47842
          ],
          [
            124.65594,
            8.47882
          ],
          [
            124.65596,
            8.47898
          ],
          [
            124.65598,
            8.47907
          ],
          [
            124.656,
            8.47916
          ],
          [
            124.65605,
            8.47928
          ],
          [
            124.65611,
            8.47941
          ],
          [
            124.6562,
            8.47959
          ],
          [
            124.65625,
            8.47966
          ],
          [
            124.65628,
            8.47972
          ],
          [
            124.65632,
            8.47977
          ],
          [
            124.65636,
            8.47982
          ],
          [
            124.65639,
            8.47986
          ],
          [
            124.65641,
            8.47988
          ],
          [
            124.65642,
            8.4799
          ],
          [
            124.65646,
            8.47993
          ],
          [
            124.6565,
            8.47996
          ],
          [
            124.6566,
            8.48002
          ],
          [
            124.65686,
            8.48017
          ],
          [
            124.65701,
            8.48026
          ],
          [
            124.65758,
            8.48059
          ],
          [
            124.65761,
            8.48061
          ],
          [
            124.65763,
            8.48063
          ],
          [
            124.65766,
            8.48066
          ],
          [
            124.65767,
            8.48068
          ],
          [
            124.65769,
            8.4807
          ],
          [
            124.6577,
            8.48071
          ],
          [
            124.65771,
            8.48074
          ],
          [
            124.65771,
            8.48077
          ],
          [
            124.65772,
            8.4808
          ],
          [
            124.65772,
            8.48085
          ],
          [
            124.65767,
            8.48164
          ],
          [
            124.65763,
            8.48236
          ],
          [
            124.65761,
            8.48266
          ],
          [
            124.65759,
            8.48281
          ],
          [
            124.65758,
            8.48303
          ],
          [
            124.65755,
            8.48314
          ],
          [
            124.65752,
            8.48322
          ],
          [
            124.65748,
            8.48332
          ],
          [
            124.65738,
            8.48345
          ],
          [
            124.65717,
            8.48374
          ],
          [
            124.65709,
            8.48384
          ],
          [
            124.65705,
            8.4839
          ],
          [
            124.65703,
            8.48393
          ],
          [
            124.65702,
            8.48395
          ],
          [
            124.65702,
            8.48397
          ],
          [
            124.65702,
            8.484
          ],
          [
            124.65702,
            8.48402
          ],
          [
            124.65702,
            8.48407
          ],
          [
            124.65703,
            8.48418
          ],
          [
            124.65707,
            8.48446
          ],
          [
            124.65768,
            8.48432
          ],
          [
            124.65799,
            8.48425
          ],
          [
            124.65847,
            8.48415
          ],
          [
            124.65849,
            8.48423
          ],
          [
            124.65857,
            8.4845
          ],
          [
            124.65864,
            8.48472
          ],
          [
            124.65866,
            8.48477
          ],
          [
            124.65881,
            8.48527
          ],
          [
            124.65901,
            8.48592
          ],
          [
            124.6592,
            8.48653
          ],
          [
            124.65931,
            8.48693
          ],
          [
            124.65952,
            8.48764
          ],
          [
            124.6598,
            8.48856
          ],
          [
            124.65986,
            8.48877
          ],
          [
            124.65977,
            8.4888
          ],
          [
            124.65835,
            8.48933
          ],
          [
            124.65806,
            8.48942
          ],
          [
            124.6581,
            8.48941
          ]
        ]
      },
      "properties": {
        "name": "Lapasan (R3) – Cogon Public Market"
      }
    },
    {
      "type": "Feature",
      "geometry": {
        "type": "LineString",
        "coordinates": [
          [
            124.65935,
            8.50437
          ],
          [
            124.65931,
            8.50432
          ],
          [
            124.65922,
            8.50417
          ],
          [
            124.65918,
            8.5041
          ],
          [
            124.65912,
            8.50398
          ],
          [
            124.6591,
            8.50394
          ],
          [
            124.65896,
            8.5037
          ],
          [
            124.65986,
            8.50309
          ],
          [
            124.65994,
            8.50304
          ],
          [
            124.66022,
            8.50285
          ],
          [
            124.66099,
            8.50232
          ],
          [
            124.6612,
            8.50218
          ],
          [
            124.66143,
            8.50202
          ],
          [
            124.66165,
            8.50187
          ],
          [
            124.66177,
            8.50178
          ],
          [
            124.6618,
            8.50176
          ],
          [
            124.66202,
            8.50162
          ],
          [
            124.66215,
            8.50155
          ],
          [
            124.66227,
            8.50149
          ],
          [
            124.66239,
            8.50144
          ],
          [
            124.66257,
            8.50137
          ],
          [
            124.66266,
            8.50133
          ],
          [
            124.6627,
            8.50132
          ],
          [
            124.6629,
            8.50124
          ],
          [
            124.66308,
            8.50116
          ],
          [
            124.66394,
            8.50088
          ],
          [
            124.66367,
            8.49984
          ],
          [
            124.66363,
            8.49972
          ],
          [
            124.66358,
            8.49961
          ],
          [
            124.66355,
            8.49956
          ],
          [
            124.66351,
            8.49952
          ],
          [
            124.66345,
            8.49947
          ],
          [
            124.66338,
            8.49942
          ],
          [
            124.66329,
            8.49937
          ],
          [
            124.66321,
            8.49932
          ],
          [
            124.66302,
            8.49925
          ],
          [
            124.66215,
            8.4989
          ],
          [
            124.66207,
            8.49887
          ],
          [
            124.66186,
            8.4988
          ],
          [
            124.6616,
            8.4987
          ],
          [
            124.6607,
            8.49836
          ],
          [
            124.66076,
            8.49824
          ],
          [
            124.6608,
            8.49814
          ],
          [
            124.66085,
            8.498
          ],
          [
            124.6609,
            8.49778
          ],
          [
            124.6609,
            8.49754
          ],
          [
            124.66092,
            8.4969
          ],
          [
            124.66093,
            8.49652
          ],
          [
            124.66092,
            8.49641
          ],
          [
            124.66091,
            8.49634
          ],
          [
            124.66091,
            8.49631
          ],
          [
            124.6609,
            8.49627
          ],
          [
            124.66087,
            8.49623
          ],
          [
            124.66085,
            8.49621
          ],
          [
            124.66083,
            8.49619
          ],
          [
            124.66079,
            8.49616
          ],
          [
            124.66075,
            8.49614
          ],
          [
            124.66068,
            8.49611
          ],
          [
            124.66049,
            8.49604
          ],
          [
            124.65996,
            8.49584
          ],
          [
            124.65931,
            8.49562
          ],
          [
            124.65816,
            8.49522
          ],
          [
            124.65783,
            8.4951
          ],
          [
            124.65738,
            8.49493
          ],
          [
            124.65697,
            8.49479
          ],
          [
            124.65669,
            8.49471
          ],
          [
            124.65655,
            8.49466
          ],
          [
            124.6565,
            8.49463
          ],
          [
            124.65646,
            8.49461
          ],
          [
            124.65642,
            8.49458
          ],
          [
            124.65637,
            8.49454
          ],
          [
            124.6559,
            8.49413
          ],
          [
            124.6558,
            8.49405
          ],
          [
            124.6554,
            8.49367
          ],
          [
            124.65532,
            8.49359
          ],
          [
            124.65518,
            8.49347
          ],
          [
            124.65503,
            8.49332
          ],
          [
            124.65465,
            8.49297
          ],
          [
            124.65436,
            8.49271
          ],
          [
            124.65422,
            8.49257
          ],
          [
            124.65398,
            8.49232
          ],
          [
            124.65399,
            8.49225
          ],
          [
            124.654,
            8.49222
          ],
          [
            124.65402,
            8.49216
          ],
          [
            124.65405,
            8.49211
          ],
          [
            124.65409,
            8.49205
          ],
          [
            124.65433,
            8.4918
          ],
          [
            124.65449,
            8.49163
          ],
          [
            124.65469,
            8.49145
          ],
          [
            124.65543,
            8.49095
          ],
          [
            124.65562,
            8.49086
          ],
          [
            124.65586,
            8.4907
          ],
          [
            124.65626,
            8.49044
          ],
          [
            124.65661,
            8.49022
          ],
          [
            124.65696,
            8.49001
          ],
          [
            124.65756,
            8.48961
          ],
          [
            124.65761,
            8.48959
          ],
          [
            124.6577,
            8.48955
          ],
          [
            124.65731,
            8.48835
          ],
          [
            124.65794,
            8.48814
          ],
          [
            124.65819,
            8.48806
          ],
          [
            124.65952,
            8.48764
          ],
          [
            124.65931,
            8.48693
          ],
          [
            124.6592,
            8.48653
          ],
          [
            124.65901,
            8.48592
          ],
          [
            124.65881,
            8.48527
          ],
          [
            124.65866,
            8.48477
          ],
          [
            124.65864,
            8.48472
          ],
          [
            124.65857,
            8.4845
          ],
          [
            124.65849,
            8.48423
          ],
          [
            124.65801,
            8.48434
          ],
          [
            124.6577,
            8.48441
          ],
          [
            124.65709,
            8.48455
          ],
          [
            124.65697,
            8.48458
          ],
          [
            124.65695,
            8.48449
          ],
          [
            124.6569,
            8.4842
          ],
          [
            124.65689,
            8.48412
          ],
          [
            124.65689,
            8.48405
          ],
          [
            124.6569,
            8.48399
          ],
          [
            124.65691,
            8.48392
          ],
          [
            124.65692,
            8.48387
          ],
          [
            124.65693,
            8.48385
          ],
          [
            124.65697,
            8.48377
          ],
          [
            124.65698,
            8.48376
          ],
          [
            124.65705,
            8.48366
          ],
          [
            124.6573,
            8.48332
          ],
          [
            124.65738,
            8.48321
          ],
          [
            124.65739,
            8.48318
          ],
          [
            124.65742,
            8.48313
          ],
          [
            124.65746,
            8.483
          ],
          [
            124.65747,
            8.48286
          ],
          [
            124.65749,
            8.48267
          ],
          [
            124.6575,
            8.48236
          ],
          [
            124.65754,
            8.48195
          ],
          [
            124.65758,
            8.4813
          ],
          [
            124.65759,
            8.48126
          ],
          [
            124.6576,
            8.48105
          ],
          [
            124.6576,
            8.48085
          ],
          [
            124.65759,
            8.4808
          ],
          [
            124.65758,
            8.48077
          ],
          [
            124.65758,
            8.48076
          ],
          [
            124.65757,
            8.48074
          ],
          [
            124.65756,
            8.48073
          ],
          [
            124.65756,
            8.48071
          ],
          [
            124.65753,
            8.48068
          ],
          [
            124.6575,
            8.48065
          ],
          [
            124.65746,
            8.48062
          ],
          [
            124.65736,
            8.48056
          ],
          [
            124.65716,
            8.48046
          ],
          [
            124.65662,
            8.48013
          ],
          [
            124.65634,
            8.47996
          ],
          [
            124.65629,
            8.47992
          ],
          [
            124.65627,
            8.4799
          ],
          [
            124.65622,
            8.47985
          ],
          [
            124.65618,
            8.47979
          ],
          [
            124.65615,
            8.47974
          ],
          [
            124.65609,
            8.47961
          ],
          [
            124.65595,
            8.47933
          ],
          [
            124.65591,
            8.47924
          ],
          [
            124.65588,
            8.47916
          ],
          [
            124.65586,
            8.47909
          ],
          [
            124.65586,
            8.47905
          ],
          [
            124.65585,
            8.47898
          ],
          [
            124.65582,
            8.47852
          ],
          [
            124.65581,
            8.47842
          ],
          [
            124.6558,
            8.47835
          ],
          [
            124.65579,
            8.4783
          ],
          [
            124.65578,
            8.47829
          ],
          [
            124.65576,
            8.47827
          ],
          [
            124.65574,
            8.47826
          ],
          [
            124.6557,
            8.47823
          ],
          [
            124.65563,
            8.47823
          ],
          [
            124.65555,
            8.47825
          ],
          [
            124.65544,
            8.47827
          ],
          [
            124.65505,
            8.47835
          ],
          [
            124.6544,
            8.47849
          ],
          [
            124.65374,
            8.47863
          ],
          [
            124.65371,
            8.47863
          ],
          [
            124.65368,
            8.47864
          ],
          [
            124.65327,
            8.47869
          ],
          [
            124.65292,
            8.47872
          ],
          [
            124.65244,
            8.47877
          ],
          [
            124.65173,
            8.47882
          ],
          [
            124.65104,
            8.47887
          ],
          [
            124.65088,
            8.47788
          ],
          [
            124.6508,
            8.47731
          ],
          [
            124.65079,
            8.47724
          ],
          [
            124.65076,
            8.47704
          ],
          [
            124.65075,
            8.47695
          ],
          [
            124.65066,
            8.47552
          ],
          [
            124.6514,
            8.47557
          ],
          [
            124.65168,
            8.4756
          ],
          [
            124.65184,
            8.47561
          ],
          [
            124.65213,
            8.47562
          ],
          [
            124.65221,
            8.47687
          ],
          [
            124.6523,
            8.47777
          ],
          [
            124.65244,
            8.47877
          ],
          [
            124.65292,
            8.47872
          ],
          [
            124.65327,
            8.47869
          ],
          [
            124.65368,
            8.47864
          ],
          [
            124.65371,
            8.47863
          ],
          [
            124.65374,
            8.47863
          ],
          [
            124.6544,
            8.47849
          ],
          [
            124.65505,
            8.47835
          ],
          [
            124.65544,
            8.47827
          ],
          [
            124.65555,
            8.47825
          ],
          [
            124.65563,
            8.47823
          ],
          [
            124.6557,
            8.47823
          ],
          [
            124.65574,
            8.47822
          ],
          [
            124.65576,
            8.47822
          ],
          [
            124.65578,
            8.47822
          ],
          [
            124.65581,
            8.47822
          ],
          [
            124.65583,
            8.47823
          ],
          [
            124.65586,
            8.47823
          ],
          [
            124.65588,
            8.47824
          ],
          [
            124.6559,
            8.47825
          ],
          [
            124.65591,
            8.47826
          ],
          [
            124.65592,
            8.47828
          ],
          [
            124.65593,
            8.47831
          ],
          [
            124.65594,
            8.47842
          ],
          [
            124.65594,
            8.47882
          ],
          [
            124.65596,
            8.47898
          ],
          [
            124.65598,
            8.47907
          ],
          [
            124.656,
            8.47916
          ],
          [
            124.65605,
            8.47928
          ],
          [
            124.65611,
            8.47941
          ],
          [
            124.6562,
            8.47959
          ],
          [
            124.65625,
            8.47966
          ],
          [
            124.65628,
            8.47972
          ],
          [
            124.65632,
            8.47977
          ],
          [
            124.65636,
            8.47982
          ],
          [
            124.65639,
            8.47986
          ],
          [
            124.65641,
            8.47988
          ],
          [
            124.65642,
            8.4799
          ],
          [
            124.65646,
            8.47993
          ],
          [
            124.6565,
            8.47996
          ],
          [
            124.6566,
            8.48002
          ],
          [
            124.65686,
            8.48017
          ],
          [
            124.65701,
            8.48026
          ],
          [
            124.65758,
            8.48059
          ],
          [
            124.65761,
            8.48061
          ],
          [
            124.65763,
            8.48063
          ],
          [
            124.65766,
            8.48066
          ],
          [
            124.65767,
            8.48068
          ],
          [
            124.65769,
            8.4807
          ],
          [
            124.6577,
            8.48071
          ],
          [
            124.65771,
            8.48074
          ],
          [
            124.65771,
            8.48077
          ],
          [
            124.65772,
            8.4808
          ],
          [
            124.65772,
            8.48085
          ],
          [
            124.65767,
            8.48164
          ],
          [
            124.65763,
            8.48236
          ],
          [
            124.65761,
            8.48266
          ],
          [
            124.65759,
            8.48281
          ],
          [
            124.65758,
            8.48303
          ],
          [
            124.65755,
            8.48314
          ],
          [
            124.65752,
            8.48322
          ],
          [
            124.65748,
            8.48332
          ],
          [
            124.65738,
            8.48345
          ],
          [
            124.65717,
            8.48374
          ],
          [
            124.65709,
            8.48384
          ],
          [
            124.65705,
            8.4839
          ],
          [
            124.65703,
            8.48393
          ],
          [
            124.65702,
            8.48395
          ],
          [
            124.65702,
            8.48397
          ],
          [
            124.65702,
            8.484
          ],
          [
            124.65702,
            8.48402
          ],
          [
            124.65702,
            8.48407
          ],
          [
            124.65703,
            8.48418
          ],
          [
            124.65707,
            8.48446
          ],
          [
            124.65768,
            8.48432
          ],
          [
            124.65799,
            8.48425
          ],
          [
            124.65847,
            8.48415
          ],
          [
            124.65849,
            8.48423
          ],
          [
            124.65857,
            8.4845
          ],
          [
            124.65864,
            8.48472
          ],
          [
            124.65866,
            8.48477
          ],
          [
            124.65881,
            8.48527
          ],
          [
            124.65901,
            8.48592
          ],
          [
            124.6592,
            8.48653
          ],
          [
            124.65931,
            8.48693
          ],
          [
            124.65952,
            8.48764
          ],
          [
            124.6598,
            8.48856
          ],
          [
            124.65986,
            8.48877
          ],
          [
            124.65977,
            8.4888
          ],
          [
            124.65835,
            8.48933
          ],
          [
            124.65786,
            8.48949
          ],
          [
            124.6577,
            8.48955
          ],
          [
            124.65761,
            8.48959
          ],
          [
            124.65756,
            8.48961
          ],
          [
            124.65696,
            8.49001
          ],
          [
            124.65661,
            8.49022
          ],
          [
            124.65626,
            8.49044
          ],
          [
            124.65586,
            8.4907
          ],
          [
            124.65562,
            8.49086
          ],
          [
            124.65543,
            8.49095
          ],
          [
            124.65469,
            8.49145
          ],
          [
            124.65449,
            8.49163
          ],
          [
            124.65433,
            8.4918
          ],
          [
            124.65409,
            8.49205
          ],
          [
            124.65405,
            8.49211
          ],
          [
            124.65402,
            8.49216
          ],
          [
            124.654,
            8.49222
          ],
          [
            124.65399,
            8.49225
          ],
          [
            124.65398,
            8.49232
          ],
          [
            124.65422,
            8.49257
          ],
          [
            124.65436,
            8.49271
          ],
          [
            124.65465,
            8.49297
          ],
          [
            124.65503,
            8.49332
          ],
          [
            124.65518,
            8.49347
          ],
          [
            124.65532,
            8.49359
          ],
          [
            124.6554,
            8.49367
          ],
          [
            124.6558,
            8.49405
          ],
          [
            124.6559,
            8.49413
          ],
          [
            124.65637,
            8.49454
          ],
          [
            124.65642,
            8.49458
          ],
          [
            124.65646,
            8.49461
          ],
          [
            124.6565,
            8.49463
          ],
          [
            124.65655,
            8.49466
          ],
          [
            124.65669,
            8.49471
          ],
          [
            124.65697,
            8.49479
          ],
          [
            124.65738,
            8.49493
          ],
          [
            124.65783,
            8.4951
          ],
          [
            124.65816,
            8.49522
          ],
          [
            124.65931,
            8.49562
          ],
          [
            124.65996,
            8.49584
          ],
          [
            124.66049,
            8.49604
          ],
          [
            124.66068,
            8.49611
          ],
          [
            124.66075,
            8.49614
          ],
          [
            124.66079,
            8.49616
          ],
          [
            124.66083,
            8.49619
          ],
          [
            124.66085,
            8.49621
          ],
          [
            124.66087,
            8.49623
          ],
          [
            124.6609,
            8.49627
          ],
          [
            124.66091,
            8.49631
          ],
          [
            124.66091,
            8.49634
          ],
          [
            124.66092,
            8.49641
          ],
          [
            124.66093,
            8.49652
          ],
          [
            124.66092,
            8.4969
          ],
          [
            124.6609,
            8.49754
          ],
          [
            124.6609,
            8.49778
          ],
          [
            124.66085,
            8.498
          ],
          [
            124.6608,
            8.49814
          ],
          [
            124.66076,
            8.49824
          ],
          [
            124.6607,
            8.49836
          ],
          [
            124.6616,
            8.4987
          ],
          [
            124.66186,
            8.4988
          ],
          [
            124.66207,
            8.49887
          ],
          [
            124.66215,
            8.4989
          ],
          [
            124.66302,
            8.49925
          ],
          [
            124.66321,
            8.49932
          ],
          [
            124.66329,
            8.49937
          ],
          [
            124.66338,
            8.49942
          ],
          [
            124.66345,
            8.49947
          ],
          [
            124.66351,
            8.49952
          ],
          [
            124.66355,
            8.49956
          ],
          [
            124.66358,
            8.49961
          ],
          [
            124.66363,
            8.49972
          ],
          [
            124.66367,
            8.49984
          ],
          [
            124.66394,
            8.50088
          ],
          [
            124.66403,
            8.50124
          ],
          [
            124.66406,
            8.50135
          ],
          [
            124.66408,
            8.50141
          ],
          [
            124.66411,
            8.50148
          ],
          [
            124.6643,
            8.50203
          ],
          [
            124.66436,
            8.50224
          ],
          [
            124.66438,
            8.50234
          ],
          [
            124.66439,
            8.50239
          ],
          [
            124.66439,
            8.50242
          ],
          [
            124.66438,
            8.50246
          ],
          [
            124.66435,
            8.50253
          ],
          [
            124.66433,
            8.50257
          ],
          [
            124.66431,
            8.5026
          ],
          [
            124.66428,
            8.50263
          ],
          [
            124.66414,
            8.50276
          ],
          [
            124.66376,
            8.50314
          ],
          [
            124.66348,
            8.50344
          ],
          [
            124.66341,
            8.5035
          ],
          [
            124.66337,
            8.50354
          ],
          [
            124.66332,
            8.50358
          ],
          [
            124.66326,
            8.50363
          ],
          [
            124.66323,
            8.50366
          ],
          [
            124.66318,
            8.50368
          ],
          [
            124.66305,
            8.50376
          ],
          [
            124.66281,
            8.50389
          ],
          [
            124.66264,
            8.50399
          ],
          [
            124.66251,
            8.50405
          ],
          [
            124.66237,
            8.5041
          ],
          [
            124.66222,
            8.50416
          ],
          [
            124.66199,
            8.50424
          ],
          [
            124.66171,
            8.50434
          ],
          [
            124.66167,
            8.50435
          ],
          [
            124.66132,
            8.50448
          ],
          [
            124.66113,
            8.50454
          ],
          [
            124.66065,
            8.50474
          ],
          [
            124.6602,
            8.50495
          ],
          [
            124.66017,
            8.50496
          ],
          [
            124.66013,
            8.50497
          ],
          [
            124.66009,
            8.50496
          ],
          [
            124.66007,
            8.50495
          ],
          [
            124.66005,
            8.50495
          ],
          [
            124.66004,
            8.50494
          ],
          [
            124.6599,
            8.50484
          ],
          [
            124.65979,
            8.50477
          ],
          [
            124.6597,
            8.5047
          ],
          [
            124.65966,
            8.50468
          ],
          [
            124.65948,
            8.50453
          ],
          [
            124.6594,
            8.50444
          ],
          [
            124.65935,
            8.50437
          ],
          [
            124.65931,
            8.50432
          ],
          [
            124.65929,
            8.50428
          ],
          [
            124.65935,
            8.50437
          ]
        ]
      },
      "properties": {
        "name": "Macabalan (R1) Centro – Cogon Public Market"
      }
    },
    {
      "type": "Feature",
      "geometry": {
        "type": "LineString",
        "coordinates": [
          [
            124.65933,
            8.50434
          ],
          [
            124.65931,
            8.50432
          ],
          [
            124.65922,
            8.50417
          ],
          [
            124.65918,
            8.5041
          ],
          [
            124.65912,
            8.50398
          ],
          [
            124.6591,
            8.50394
          ],
          [
            124.65896,
            8.5037
          ],
          [
            124.65986,
            8.50309
          ],
          [
            124.65994,
            8.50304
          ],
          [
            124.66022,
            8.50285
          ],
          [
            124.66099,
            8.50232
          ],
          [
            124.6612,
            8.50218
          ],
          [
            124.66143,
            8.50202
          ],
          [
            124.66165,
            8.50187
          ],
          [
            124.66177,
            8.50178
          ],
          [
            124.6618,
            8.50176
          ],
          [
            124.66202,
            8.50162
          ],
          [
            124.66215,
            8.50155
          ],
          [
            124.66227,
            8.50149
          ],
          [
            124.66239,
            8.50144
          ],
          [
            124.66257,
            8.50137
          ],
          [
            124.66266,
            8.50133
          ],
          [
            124.6627,
            8.50132
          ],
          [
            124.6629,
            8.50124
          ],
          [
            124.66308,
            8.50116
          ],
          [
            124.66394,
            8.50088
          ],
          [
            124.66367,
            8.49984
          ],
          [
            124.66363,
            8.49972
          ],
          [
            124.66358,
            8.49961
          ],
          [
            124.66355,
            8.49956
          ],
          [
            124.66351,
            8.49952
          ],
          [
            124.66345,
            8.49947
          ],
          [
            124.66338,
            8.49942
          ],
          [
            124.66329,
            8.49937
          ],
          [
            124.66321,
            8.49932
          ],
          [
            124.66302,
            8.49925
          ],
          [
            124.66215,
            8.4989
          ],
          [
            124.66207,
            8.49887
          ],
          [
            124.66186,
            8.4988
          ],
          [
            124.6616,
            8.4987
          ],
          [
            124.6607,
            8.49836
          ],
          [
            124.66009,
            8.49814
          ],
          [
            124.65998,
            8.4981
          ],
          [
            124.65976,
            8.49801
          ],
          [
            124.65958,
            8.49794
          ],
          [
            124.65923,
            8.49781
          ],
          [
            124.65878,
            8.49765
          ],
          [
            124.65838,
            8.49751
          ],
          [
            124.65788,
            8.49731
          ],
          [
            124.65758,
            8.49721
          ],
          [
            124.65737,
            8.49714
          ],
          [
            124.65725,
            8.49709
          ],
          [
            124.65687,
            8.49695
          ],
          [
            124.65611,
            8.49663
          ],
          [
            124.65594,
            8.49656
          ],
          [
            124.65574,
            8.49647
          ],
          [
            124.65571,
            8.49646
          ],
          [
            124.65543,
            8.49633
          ],
          [
            124.6547,
            8.49596
          ],
          [
            124.65443,
            8.49582
          ],
          [
            124.65432,
            8.49576
          ],
          [
            124.65424,
            8.49572
          ],
          [
            124.65411,
            8.49567
          ],
          [
            124.65397,
            8.49561
          ],
          [
            124.65386,
            8.49558
          ],
          [
            124.65377,
            8.49556
          ],
          [
            124.65362,
            8.49553
          ],
          [
            124.65325,
            8.49548
          ],
          [
            124.65318,
            8.49547
          ],
          [
            124.65284,
            8.49544
          ],
          [
            124.65267,
            8.49542
          ],
          [
            124.65258,
            8.49541
          ],
          [
            124.65243,
            8.49537
          ],
          [
            124.6524,
            8.49534
          ],
          [
            124.65235,
            8.4953
          ],
          [
            124.65207,
            8.49568
          ],
          [
            124.65199,
            8.49578
          ],
          [
            124.65182,
            8.49598
          ],
          [
            124.65079,
            8.49717
          ],
          [
            124.65067,
            8.49731
          ],
          [
            124.65028,
            8.49776
          ],
          [
            124.65008,
            8.498
          ],
          [
            124.64998,
            8.4981
          ],
          [
            124.64974,
            8.49837
          ],
          [
            124.64951,
            8.49863
          ],
          [
            124.64929,
            8.49887
          ],
          [
            124.64914,
            8.49904
          ],
          [
            124.64901,
            8.49919
          ],
          [
            124.64864,
            8.49961
          ],
          [
            124.64801,
            8.50035
          ],
          [
            124.64787,
            8.50051
          ],
          [
            124.64744,
            8.501
          ],
          [
            124.6474,
            8.50105
          ],
          [
            124.64688,
            8.50164
          ],
          [
            124.6468,
            8.50172
          ],
          [
            124.64669,
            8.50181
          ],
          [
            124.64661,
            8.50188
          ],
          [
            124.6466,
            8.50189
          ],
          [
            124.64649,
            8.50195
          ],
          [
            124.64632,
            8.50203
          ],
          [
            124.64619,
            8.50208
          ],
          [
            124.64597,
            8.50216
          ],
          [
            124.64571,
            8.50223
          ],
          [
            124.64543,
            8.50231
          ],
          [
            124.64515,
            8.50239
          ],
          [
            124.64473,
            8.50251
          ],
          [
            124.64443,
            8.5026
          ],
          [
            124.64356,
            8.50285
          ],
          [
            124.64343,
            8.50288
          ],
          [
            124.6433,
            8.50292
          ],
          [
            124.64301,
            8.50298
          ],
          [
            124.64292,
            8.503
          ],
          [
            124.64284,
            8.50301
          ],
          [
            124.64268,
            8.50302
          ],
          [
            124.64245,
            8.50304
          ],
          [
            124.64234,
            8.50305
          ],
          [
            124.64223,
            8.50305
          ],
          [
            124.64213,
            8.50305
          ],
          [
            124.64196,
            8.50305
          ],
          [
            124.64183,
            8.50304
          ],
          [
            124.64156,
            8.50302
          ],
          [
            124.64122,
            8.503
          ],
          [
            124.64091,
            8.50298
          ],
          [
            124.64077,
            8.50298
          ],
          [
            124.64069,
            8.50299
          ],
          [
            124.64063,
            8.503
          ],
          [
            124.64058,
            8.50303
          ],
          [
            124.6405,
            8.50308
          ],
          [
            124.64047,
            8.50311
          ],
          [
            124.64038,
            8.50321
          ],
          [
            124.64013,
            8.50351
          ],
          [
            124.63991,
            8.50378
          ],
          [
            124.63982,
            8.50387
          ],
          [
            124.63929,
            8.50444
          ],
          [
            124.63905,
            8.50475
          ],
          [
            124.63903,
            8.50476
          ],
          [
            124.6388,
            8.50507
          ],
          [
            124.63835,
            8.50565
          ],
          [
            124.6367,
            8.50755
          ],
          [
            124.63664,
            8.50766
          ],
          [
            124.63661,
            8.50776
          ],
          [
            124.63659,
            8.50786
          ],
          [
            124.63658,
            8.50794
          ],
          [
            124.63658,
            8.50801
          ],
          [
            124.63659,
            8.5081
          ],
          [
            124.63658,
            8.50835
          ],
          [
            124.63656,
            8.50844
          ],
          [
            124.63653,
            8.50855
          ],
          [
            124.63649,
            8.50864
          ],
          [
            124.63644,
            8.50872
          ],
          [
            124.63642,
            8.50876
          ],
          [
            124.63631,
            8.50892
          ],
          [
            124.63605,
            8.50931
          ],
          [
            124.6358,
            8.50968
          ],
          [
            124.63565,
            8.50984
          ],
          [
            124.6355,
            8.51001
          ],
          [
            124.63534,
            8.51013
          ],
          [
            124.63515,
            8.51024
          ],
          [
            124.63499,
            8.51033
          ],
          [
            124.63479,
            8.51042
          ],
          [
            124.63463,
            8.51047
          ],
          [
            124.63429,
            8.51058
          ],
          [
            124.63381,
            8.51073
          ],
          [
            124.63326,
            8.51091
          ],
          [
            124.63184,
            8.51137
          ],
          [
            124.63159,
            8.51144
          ],
          [
            124.63139,
            8.5115
          ],
          [
            124.63004,
            8.51202
          ],
          [
            124.62958,
            8.51219
          ],
          [
            124.62879,
            8.51248
          ],
          [
            124.62848,
            8.51259
          ],
          [
            124.62796,
            8.51273
          ],
          [
            124.62778,
            8.51276
          ],
          [
            124.62759,
            8.51277
          ],
          [
            124.62725,
            8.51277
          ],
          [
            124.62688,
            8.51274
          ],
          [
            124.62638,
            8.51272
          ],
          [
            124.62628,
            8.51271
          ],
          [
            124.62559,
            8.51268
          ],
          [
            124.62538,
            8.51266
          ],
          [
            124.62422,
            8.51261
          ],
          [
            124.62407,
            8.5126
          ],
          [
            124.62292,
            8.51253
          ],
          [
            124.62275,
            8.51252
          ],
          [
            124.62278,
            8.51228
          ],
          [
            124.62278,
            8.5122
          ],
          [
            124.62279,
            8.512
          ],
          [
            124.62279,
            8.51189
          ],
          [
            124.62281,
            8.51158
          ],
          [
            124.62284,
            8.51084
          ],
          [
            124.62357,
            8.51086
          ],
          [
            124.62355,
            8.51086
          ],
          [
            124.62431,
            8.51089
          ],
          [
            124.62427,
            8.51166
          ],
          [
            124.62426,
            8.51187
          ],
          [
            124.62425,
            8.51196
          ],
          [
            124.62423,
            8.51236
          ],
          [
            124.62422,
            8.51261
          ],
          [
            124.62538,
            8.51266
          ],
          [
            124.62559,
            8.51268
          ],
          [
            124.62628,
            8.51271
          ],
          [
            124.62638,
            8.51272
          ],
          [
            124.62688,
            8.51274
          ],
          [
            124.62725,
            8.51277
          ],
          [
            124.62759,
            8.51277
          ],
          [
            124.62778,
            8.51276
          ],
          [
            124.62796,
            8.51273
          ],
          [
            124.62848,
            8.51259
          ],
          [
            124.62879,
            8.51248
          ],
          [
            124.62958,
            8.51219
          ],
          [
            124.63004,
            8.51202
          ],
          [
            124.63139,
            8.5115
          ],
          [
            124.63159,
            8.51144
          ],
          [
            124.63184,
            8.51137
          ],
          [
            124.63326,
            8.51091
          ],
          [
            124.63381,
            8.51073
          ],
          [
            124.63429,
            8.51058
          ],
          [
            124.63463,
            8.51047
          ],
          [
            124.63479,
            8.51042
          ],
          [
            124.63499,
            8.51033
          ],
          [
            124.63515,
            8.51024
          ],
          [
            124.63534,
            8.51013
          ],
          [
            124.6355,
            8.51001
          ],
          [
            124.63565,
            8.50984
          ],
          [
            124.6358,
            8.50968
          ],
          [
            124.63605,
            8.50931
          ],
          [
            124.63631,
            8.50892
          ],
          [
            124.63642,
            8.50876
          ],
          [
            124.63644,
            8.50872
          ],
          [
            124.63649,
            8.50864
          ],
          [
            124.63653,
            8.50855
          ],
          [
            124.63656,
            8.50844
          ],
          [
            124.63658,
            8.50835
          ],
          [
            124.63659,
            8.5081
          ],
          [
            124.63658,
            8.50801
          ],
          [
            124.63658,
            8.50794
          ],
          [
            124.63659,
            8.50786
          ],
          [
            124.63661,
            8.50776
          ],
          [
            124.63664,
            8.50766
          ],
          [
            124.6367,
            8.50755
          ],
          [
            124.63835,
            8.50565
          ],
          [
            124.6388,
            8.50507
          ],
          [
            124.63903,
            8.50476
          ],
          [
            124.63905,
            8.50475
          ],
          [
            124.63929,
            8.50444
          ],
          [
            124.63982,
            8.50387
          ],
          [
            124.63991,
            8.50378
          ],
          [
            124.64013,
            8.50351
          ],
          [
            124.64038,
            8.50321
          ],
          [
            124.64047,
            8.50311
          ],
          [
            124.6405,
            8.50308
          ],
          [
            124.64058,
            8.50303
          ],
          [
            124.64063,
            8.503
          ],
          [
            124.64069,
            8.50299
          ],
          [
            124.64077,
            8.50298
          ],
          [
            124.64091,
            8.50298
          ],
          [
            124.64122,
            8.503
          ],
          [
            124.64156,
            8.50302
          ],
          [
            124.64183,
            8.50304
          ],
          [
            124.64196,
            8.50305
          ],
          [
            124.64213,
            8.50305
          ],
          [
            124.64223,
            8.50305
          ],
          [
            124.64234,
            8.50305
          ],
          [
            124.64245,
            8.50304
          ],
          [
            124.64268,
            8.50302
          ],
          [
            124.64284,
            8.50301
          ],
          [
            124.64292,
            8.503
          ],
          [
            124.64301,
            8.50298
          ],
          [
            124.6433,
            8.50292
          ],
          [
            124.64343,
            8.50288
          ],
          [
            124.64356,
            8.50285
          ],
          [
            124.64443,
            8.5026
          ],
          [
            124.64473,
            8.50251
          ],
          [
            124.64515,
            8.50239
          ],
          [
            124.64543,
            8.50231
          ],
          [
            124.64571,
            8.50223
          ],
          [
            124.64597,
            8.50216
          ],
          [
            124.64619,
            8.50208
          ],
          [
            124.64632,
            8.50203
          ],
          [
            124.64649,
            8.50195
          ],
          [
            124.6466,
            8.50189
          ],
          [
            124.64661,
            8.50188
          ],
          [
            124.64669,
            8.50181
          ],
          [
            124.6468,
            8.50172
          ],
          [
            124.64688,
            8.50164
          ],
          [
            124.6474,
            8.50105
          ],
          [
            124.64744,
            8.501
          ],
          [
            124.64787,
            8.50051
          ],
          [
            124.64801,
            8.50035
          ],
          [
            124.64864,
            8.49961
          ],
          [
            124.64901,
            8.49919
          ],
          [
            124.64914,
            8.49904
          ],
          [
            124.64929,
            8.49887
          ],
          [
            124.64951,
            8.49863
          ],
          [
            124.64974,
            8.49837
          ],
          [
            124.64998,
            8.4981
          ],
          [
            124.65008,
            8.498
          ],
          [
            124.65028,
            8.49776
          ],
          [
            124.65067,
            8.49731
          ],
          [
            124.65079,
            8.49717
          ],
          [
            124.65182,
            8.49598
          ],
          [
            124.65199,
            8.49578
          ],
          [
            124.65207,
            8.49568
          ],
          [
            124.65235,
            8.4953
          ],
          [
            124.6524,
            8.49534
          ],
          [
            124.65243,
            8.49537
          ],
          [
            124.65258,
            8.49541
          ],
          [
            124.65267,
            8.49542
          ],
          [
            124.65284,
            8.49544
          ],
          [
            124.65318,
            8.49547
          ],
          [
            124.65325,
            8.49548
          ],
          [
            124.65362,
            8.49553
          ],
          [
            124.65377,
            8.49556
          ],
          [
            124.65386,
            8.49558
          ],
          [
            124.65397,
            8.49561
          ],
          [
            124.65411,
            8.49567
          ],
          [
            124.65424,
            8.49572
          ],
          [
            124.65432,
            8.49576
          ],
          [
            124.65443,
            8.49582
          ],
          [
            124.6547,
            8.49596
          ],
          [
            124.65543,
            8.49633
          ],
          [
            124.65571,
            8.49646
          ],
          [
            124.65574,
            8.49647
          ],
          [
            124.65594,
            8.49656
          ],
          [
            124.65611,
            8.49663
          ],
          [
            124.65687,
            8.49695
          ],
          [
            124.65725,
            8.49709
          ],
          [
            124.65737,
            8.49714
          ],
          [
            124.65758,
            8.49721
          ],
          [
            124.65788,
            8.49731
          ],
          [
            124.65838,
            8.49751
          ],
          [
            124.65878,
            8.49765
          ],
          [
            124.65923,
            8.49781
          ],
          [
            124.65958,
            8.49794
          ],
          [
            124.65976,
            8.49801
          ],
          [
            124.65998,
            8.4981
          ],
          [
            124.66009,
            8.49814
          ],
          [
            124.6607,
            8.49836
          ],
          [
            124.6616,
            8.4987
          ],
          [
            124.66186,
            8.4988
          ],
          [
            124.66207,
            8.49887
          ],
          [
            124.66215,
            8.4989
          ],
          [
            124.66302,
            8.49925
          ],
          [
            124.66321,
            8.49932
          ],
          [
            124.66329,
            8.49937
          ],
          [
            124.66338,
            8.49942
          ],
          [
            124.66345,
            8.49947
          ],
          [
            124.66351,
            8.49952
          ],
          [
            124.66355,
            8.49956
          ],
          [
            124.66358,
            8.49961
          ],
          [
            124.66363,
            8.49972
          ],
          [
            124.66367,
            8.49984
          ],
          [
            124.66394,
            8.50088
          ],
          [
            124.66403,
            8.50124
          ],
          [
            124.66406,
            8.50135
          ],
          [
            124.66408,
            8.50141
          ],
          [
            124.66411,
            8.50148
          ],
          [
            124.6643,
            8.50203
          ],
          [
            124.66436,
            8.50224
          ],
          [
            124.66438,
            8.50234
          ],
          [
            124.66439,
            8.50239
          ],
          [
            124.66439,
            8.50242
          ],
          [
            124.66438,
            8.50246
          ],
          [
            124.66435,
            8.50253
          ],
          [
            124.66433,
            8.50257
          ],
          [
            124.66431,
            8.5026
          ],
          [
            124.66428,
            8.50263
          ],
          [
            124.66414,
            8.50276
          ],
          [
            124.66376,
            8.50314
          ],
          [
            124.66348,
            8.50344
          ],
          [
            124.66341,
            8.5035
          ],
          [
            124.66337,
            8.50354
          ],
          [
            124.66332,
            8.50358
          ],
          [
            124.66326,
            8.50363
          ],
          [
            124.66323,
            8.50366
          ],
          [
            124.66318,
            8.50368
          ],
          [
            124.66305,
            8.50376
          ],
          [
            124.66281,
            8.50389
          ],
          [
            124.66264,
            8.50399
          ],
          [
            124.66251,
            8.50405
          ],
          [
            124.66237,
            8.5041
          ],
          [
            124.66222,
            8.50416
          ],
          [
            124.66199,
            8.50424
          ],
          [
            124.66171,
            8.50434
          ],
          [
            124.66167,
            8.50435
          ],
          [
            124.66132,
            8.50448
          ],
          [
            124.66113,
            8.50454
          ],
          [
            124.66065,
            8.50474
          ],
          [
            124.6602,
            8.50495
          ],
          [
            124.66017,
            8.50496
          ],
          [
            124.66013,
            8.50497
          ],
          [
            124.66009,
            8.50496
          ],
          [
            124.66007,
            8.50495
          ],
          [
            124.66005,
            8.50495
          ],
          [
            124.66004,
            8.50494
          ],
          [
            124.6599,
            8.50484
          ],
          [
            124.65979,
            8.50477
          ],
          [
            124.6597,
            8.5047
          ],
          [
            124.65966,
            8.50468
          ],
          [
            124.65948,
            8.50453
          ],
          [
            124.6594,
            8.50444
          ],
          [
            124.65935,
            8.50437
          ],
          [
            124.65931,
            8.50432
          ],
          [
            124.65928,
            8.50427
          ],
          [
            124.65933,
            8.50434
          ]
        ]
      },
      "properties": {
        "name": "Macabalan (R2) Centro – Westbound Terminal and Public Market (1)"
      }
    },
    {
      "type": "Feature",
      "geometry": {
        "type": "LineString",
        "coordinates": [
          [
            124.65933,
            8.50434
          ],
          [
            124.65931,
            8.50432
          ],
          [
            124.65922,
            8.50417
          ],
          [
            124.65918,
            8.5041
          ],
          [
            124.65912,
            8.50398
          ],
          [
            124.6591,
            8.50394
          ],
          [
            124.65896,
            8.5037
          ],
          [
            124.65986,
            8.50309
          ],
          [
            124.65994,
            8.50304
          ],
          [
            124.66022,
            8.50285
          ],
          [
            124.66099,
            8.50232
          ],
          [
            124.6612,
            8.50218
          ],
          [
            124.66143,
            8.50202
          ],
          [
            124.66165,
            8.50187
          ],
          [
            124.66177,
            8.50178
          ],
          [
            124.6618,
            8.50176
          ],
          [
            124.66202,
            8.50162
          ],
          [
            124.66215,
            8.50155
          ],
          [
            124.66227,
            8.50149
          ],
          [
            124.66239,
            8.50144
          ],
          [
            124.66257,
            8.50137
          ],
          [
            124.66266,
            8.50133
          ],
          [
            124.6627,
            8.50132
          ],
          [
            124.6629,
            8.50124
          ],
          [
            124.66308,
            8.50116
          ],
          [
            124.66394,
            8.50088
          ],
          [
            124.66367,
            8.49984
          ],
          [
            124.66363,
            8.49972
          ],
          [
            124.66358,
            8.49961
          ],
          [
            124.66355,
            8.49956
          ],
          [
            124.66351,
            8.49952
          ],
          [
            124.66345,
            8.49947
          ],
          [
            124.66338,
            8.49942
          ],
          [
            124.66329,
            8.49937
          ],
          [
            124.66321,
            8.49932
          ],
          [
            124.66302,
            8.49925
          ],
          [
            124.66215,
            8.4989
          ],
          [
            124.66207,
            8.49887
          ],
          [
            124.66186,
            8.4988
          ],
          [
            124.6616,
            8.4987
          ],
          [
            124.6607,
            8.49836
          ],
          [
            124.66009,
            8.49814
          ],
          [
            124.65998,
            8.4981
          ],
          [
            124.65976,
            8.49801
          ],
          [
            124.65958,
            8.49794
          ],
          [
            124.65923,
            8.49781
          ],
          [
            124.65878,
            8.49765
          ],
          [
            124.65838,
            8.49751
          ],
          [
            124.65788,
            8.49731
          ],
          [
            124.65758,
            8.49721
          ],
          [
            124.65737,
            8.49714
          ],
          [
            124.65725,
            8.49709
          ],
          [
            124.65687,
            8.49695
          ],
          [
            124.65611,
            8.49663
          ],
          [
            124.65594,
            8.49656
          ],
          [
            124.65574,
            8.49647
          ],
          [
            124.65571,
            8.49646
          ],
          [
            124.65543,
            8.49633
          ],
          [
            124.6547,
            8.49596
          ],
          [
            124.65443,
            8.49582
          ],
          [
            124.65432,
            8.49576
          ],
          [
            124.65424,
            8.49572
          ],
          [
            124.65411,
            8.49567
          ],
          [
            124.65397,
            8.49561
          ],
          [
            124.65386,
            8.49558
          ],
          [
            124.65377,
            8.49556
          ],
          [
            124.65362,
            8.49553
          ],
          [
            124.65325,
            8.49548
          ],
          [
            124.65318,
            8.49547
          ],
          [
            124.65284,
            8.49544
          ],
          [
            124.65267,
            8.49542
          ],
          [
            124.65258,
            8.49541
          ],
          [
            124.65243,
            8.49537
          ],
          [
            124.6524,
            8.49534
          ],
          [
            124.65235,
            8.4953
          ],
          [
            124.65207,
            8.49568
          ],
          [
            124.65199,
            8.49578
          ],
          [
            124.65182,
            8.49598
          ],
          [
            124.65079,
            8.49717
          ],
          [
            124.65067,
            8.49731
          ],
          [
            124.65028,
            8.49776
          ],
          [
            124.65008,
            8.498
          ],
          [
            124.64998,
            8.4981
          ],
          [
            124.64974,
            8.49837
          ],
          [
            124.64951,
            8.49863
          ],
          [
            124.64929,
            8.49887
          ],
          [
            124.64914,
            8.49904
          ],
          [
            124.64901,
            8.49919
          ],
          [
            124.64864,
            8.49961
          ],
          [
            124.64801,
            8.50035
          ],
          [
            124.64787,
            8.50051
          ],
          [
            124.64744,
            8.501
          ],
          [
            124.6474,
            8.50105
          ],
          [
            124.64688,
            8.50164
          ],
          [
            124.6468,
            8.50172
          ],
          [
            124.64669,
            8.50181
          ],
          [
            124.64661,
            8.50188
          ],
          [
            124.6466,
            8.50189
          ],
          [
            124.64649,
            8.50195
          ],
          [
            124.64632,
            8.50203
          ],
          [
            124.64619,
            8.50208
          ],
          [
            124.64597,
            8.50216
          ],
          [
            124.64571,
            8.50223
          ],
          [
            124.64543,
            8.50231
          ],
          [
            124.64515,
            8.50239
          ],
          [
            124.64473,
            8.50251
          ],
          [
            124.64443,
            8.5026
          ],
          [
            124.64356,
            8.50285
          ],
          [
            124.64343,
            8.50288
          ],
          [
            124.6433,
            8.50292
          ],
          [
            124.64301,
            8.50298
          ],
          [
            124.64292,
            8.503
          ],
          [
            124.64284,
            8.50301
          ],
          [
            124.64268,
            8.50302
          ],
          [
            124.64245,
            8.50304
          ],
          [
            124.64234,
            8.50305
          ],
          [
            124.64223,
            8.50305
          ],
          [
            124.64213,
            8.50305
          ],
          [
            124.64196,
            8.50305
          ],
          [
            124.64183,
            8.50304
          ],
          [
            124.64156,
            8.50302
          ],
          [
            124.64122,
            8.503
          ],
          [
            124.64091,
            8.50298
          ],
          [
            124.64077,
            8.50298
          ],
          [
            124.64069,
            8.50299
          ],
          [
            124.64063,
            8.503
          ],
          [
            124.64058,
            8.50303
          ],
          [
            124.6405,
            8.50308
          ],
          [
            124.64047,
            8.50311
          ],
          [
            124.64038,
            8.50321
          ],
          [
            124.64013,
            8.50351
          ],
          [
            124.63991,
            8.50378
          ],
          [
            124.63982,
            8.50387
          ],
          [
            124.63929,
            8.50444
          ],
          [
            124.63905,
            8.50475
          ],
          [
            124.63903,
            8.50476
          ],
          [
            124.6388,
            8.50507
          ],
          [
            124.63835,
            8.50565
          ],
          [
            124.6367,
            8.50755
          ],
          [
            124.63664,
            8.50766
          ],
          [
            124.63661,
            8.50776
          ],
          [
            124.63659,
            8.50786
          ],
          [
            124.63658,
            8.50794
          ],
          [
            124.63658,
            8.50801
          ],
          [
            124.63659,
            8.5081
          ],
          [
            124.63658,
            8.50835
          ],
          [
            124.63656,
            8.50844
          ],
          [
            124.63653,
            8.50855
          ],
          [
            124.63649,
            8.50864
          ],
          [
            124.63644,
            8.50872
          ],
          [
            124.63642,
            8.50876
          ],
          [
            124.63631,
            8.50892
          ],
          [
            124.63605,
            8.50931
          ],
          [
            124.6358,
            8.50968
          ],
          [
            124.63565,
            8.50984
          ],
          [
            124.6355,
            8.51001
          ],
          [
            124.63534,
            8.51013
          ],
          [
            124.63515,
            8.51024
          ],
          [
            124.63499,
            8.51033
          ],
          [
            124.63479,
            8.51042
          ],
          [
            124.63463,
            8.51047
          ],
          [
            124.63429,
            8.51058
          ],
          [
            124.63381,
            8.51073
          ],
          [
            124.63326,
            8.51091
          ],
          [
            124.63184,
            8.51137
          ],
          [
            124.63159,
            8.51144
          ],
          [
            124.63139,
            8.5115
          ],
          [
            124.63004,
            8.51202
          ],
          [
            124.62958,
            8.51219
          ],
          [
            124.62879,
            8.51248
          ],
          [
            124.62848,
            8.51259
          ],
          [
            124.62796,
            8.51273
          ],
          [
            124.62778,
            8.51276
          ],
          [
            124.62759,
            8.51277
          ],
          [
            124.62725,
            8.51277
          ],
          [
            124.62688,
            8.51274
          ],
          [
            124.62638,
            8.51272
          ],
          [
            124.62628,
            8.51271
          ],
          [
            124.62559,
            8.51268
          ],
          [
            124.62538,
            8.51266
          ],
          [
            124.62422,
            8.51261
          ],
          [
            124.62407,
            8.5126
          ],
          [
            124.62292,
            8.51253
          ],
          [
            124.62275,
            8.51252
          ],
          [
            124.62278,
            8.51228
          ],
          [
            124.62278,
            8.5122
          ],
          [
            124.62279,
            8.512
          ],
          [
            124.62279,
            8.51189
          ],
          [
            124.62281,
            8.51158
          ],
          [
            124.62284,
            8.51084
          ],
          [
            124.62357,
            8.51086
          ],
          [
            124.62355,
            8.51086
          ],
          [
            124.62431,
            8.51089
          ],
          [
            124.62427,
            8.51166
          ],
          [
            124.62426,
            8.51187
          ],
          [
            124.62425,
            8.51196
          ],
          [
            124.62423,
            8.51236
          ],
          [
            124.62422,
            8.51261
          ],
          [
            124.62538,
            8.51266
          ],
          [
            124.62559,
            8.51268
          ],
          [
            124.62628,
            8.51271
          ],
          [
            124.62638,
            8.51272
          ],
          [
            124.62688,
            8.51274
          ],
          [
            124.62725,
            8.51277
          ],
          [
            124.62759,
            8.51277
          ],
          [
            124.62778,
            8.51276
          ],
          [
            124.62796,
            8.51273
          ],
          [
            124.62848,
            8.51259
          ],
          [
            124.62879,
            8.51248
          ],
          [
            124.62958,
            8.51219
          ],
          [
            124.63004,
            8.51202
          ],
          [
            124.63139,
            8.5115
          ],
          [
            124.63159,
            8.51144
          ],
          [
            124.63184,
            8.51137
          ],
          [
            124.63326,
            8.51091
          ],
          [
            124.63381,
            8.51073
          ],
          [
            124.63429,
            8.51058
          ],
          [
            124.63463,
            8.51047
          ],
          [
            124.63479,
            8.51042
          ],
          [
            124.63499,
            8.51033
          ],
          [
            124.63515,
            8.51024
          ],
          [
            124.63534,
            8.51013
          ],
          [
            124.6355,
            8.51001
          ],
          [
            124.63565,
            8.50984
          ],
          [
            124.6358,
            8.50968
          ],
          [
            124.63605,
            8.50931
          ],
          [
            124.63631,
            8.50892
          ],
          [
            124.63642,
            8.50876
          ],
          [
            124.63644,
            8.50872
          ],
          [
            124.63649,
            8.50864
          ],
          [
            124.63653,
            8.50855
          ],
          [
            124.63656,
            8.50844
          ],
          [
            124.63658,
            8.50835
          ],
          [
            124.63659,
            8.5081
          ],
          [
            124.63658,
            8.50801
          ],
          [
            124.63658,
            8.50794
          ],
          [
            124.63659,
            8.50786
          ],
          [
            124.63661,
            8.50776
          ],
          [
            124.63664,
            8.50766
          ],
          [
            124.6367,
            8.50755
          ],
          [
            124.63835,
            8.50565
          ],
          [
            124.6388,
            8.50507
          ],
          [
            124.63903,
            8.50476
          ],
          [
            124.63905,
            8.50475
          ],
          [
            124.63929,
            8.50444
          ],
          [
            124.63982,
            8.50387
          ],
          [
            124.63991,
            8.50378
          ],
          [
            124.64013,
            8.50351
          ],
          [
            124.64038,
            8.50321
          ],
          [
            124.64047,
            8.50311
          ],
          [
            124.6405,
            8.50308
          ],
          [
            124.64058,
            8.50303
          ],
          [
            124.64063,
            8.503
          ],
          [
            124.64069,
            8.50299
          ],
          [
            124.64077,
            8.50298
          ],
          [
            124.64091,
            8.50298
          ],
          [
            124.64122,
            8.503
          ],
          [
            124.64156,
            8.50302
          ],
          [
            124.64183,
            8.50304
          ],
          [
            124.64196,
            8.50305
          ],
          [
            124.64213,
            8.50305
          ],
          [
            124.64223,
            8.50305
          ],
          [
            124.64234,
            8.50305
          ],
          [
            124.64245,
            8.50304
          ],
          [
            124.64268,
            8.50302
          ],
          [
            124.64284,
            8.50301
          ],
          [
            124.64292,
            8.503
          ],
          [
            124.64301,
            8.50298
          ],
          [
            124.6433,
            8.50292
          ],
          [
            124.64343,
            8.50288
          ],
          [
            124.64356,
            8.50285
          ],
          [
            124.64443,
            8.5026
          ],
          [
            124.64473,
            8.50251
          ],
          [
            124.64515,
            8.50239
          ],
          [
            124.64543,
            8.50231
          ],
          [
            124.64571,
            8.50223
          ],
          [
            124.64597,
            8.50216
          ],
          [
            124.64619,
            8.50208
          ],
          [
            124.64632,
            8.50203
          ],
          [
            124.64649,
            8.50195
          ],
          [
            124.6466,
            8.50189
          ],
          [
            124.64661,
            8.50188
          ],
          [
            124.64669,
            8.50181
          ],
          [
            124.6468,
            8.50172
          ],
          [
            124.64688,
            8.50164
          ],
          [
            124.6474,
            8.50105
          ],
          [
            124.64744,
            8.501
          ],
          [
            124.64787,
            8.50051
          ],
          [
            124.64801,
            8.50035
          ],
          [
            124.64864,
            8.49961
          ],
          [
            124.64901,
            8.49919
          ],
          [
            124.64914,
            8.49904
          ],
          [
            124.64929,
            8.49887
          ],
          [
            124.64951,
            8.49863
          ],
          [
            124.64974,
            8.49837
          ],
          [
            124.64998,
            8.4981
          ],
          [
            124.65008,
            8.498
          ],
          [
            124.65028,
            8.49776
          ],
          [
            124.65067,
            8.49731
          ],
          [
            124.65079,
            8.49717
          ],
          [
            124.65182,
            8.49598
          ],
          [
            124.65199,
            8.49578
          ],
          [
            124.65207,
            8.49568
          ],
          [
            124.65235,
            8.4953
          ],
          [
            124.6524,
            8.49534
          ],
          [
            124.65243,
            8.49537
          ],
          [
            124.65258,
            8.49541
          ],
          [
            124.65267,
            8.49542
          ],
          [
            124.65284,
            8.49544
          ],
          [
            124.65318,
            8.49547
          ],
          [
            124.65325,
            8.49548
          ],
          [
            124.65362,
            8.49553
          ],
          [
            124.65377,
            8.49556
          ],
          [
            124.65386,
            8.49558
          ],
          [
            124.65397,
            8.49561
          ],
          [
            124.65411,
            8.49567
          ],
          [
            124.65424,
            8.49572
          ],
          [
            124.65432,
            8.49576
          ],
          [
            124.65443,
            8.49582
          ],
          [
            124.6547,
            8.49596
          ],
          [
            124.65543,
            8.49633
          ],
          [
            124.65571,
            8.49646
          ],
          [
            124.65574,
            8.49647
          ],
          [
            124.65594,
            8.49656
          ],
          [
            124.65611,
            8.49663
          ],
          [
            124.65687,
            8.49695
          ],
          [
            124.65725,
            8.49709
          ],
          [
            124.65737,
            8.49714
          ],
          [
            124.65758,
            8.49721
          ],
          [
            124.65788,
            8.49731
          ],
          [
            124.65838,
            8.49751
          ],
          [
            124.65878,
            8.49765
          ],
          [
            124.65923,
            8.49781
          ],
          [
            124.65958,
            8.49794
          ],
          [
            124.65976,
            8.49801
          ],
          [
            124.65998,
            8.4981
          ],
          [
            124.66009,
            8.49814
          ],
          [
            124.6607,
            8.49836
          ],
          [
            124.6616,
            8.4987
          ],
          [
            124.66186,
            8.4988
          ],
          [
            124.66207,
            8.49887
          ],
          [
            124.66215,
            8.4989
          ],
          [
            124.66302,
            8.49925
          ],
          [
            124.66321,
            8.49932
          ],
          [
            124.66329,
            8.49937
          ],
          [
            124.66338,
            8.49942
          ],
          [
            124.66345,
            8.49947
          ],
          [
            124.66351,
            8.49952
          ],
          [
            124.66355,
            8.49956
          ],
          [
            124.66358,
            8.49961
          ],
          [
            124.66363,
            8.49972
          ],
          [
            124.66367,
            8.49984
          ],
          [
            124.66394,
            8.50088
          ],
          [
            124.66403,
            8.50124
          ],
          [
            124.66406,
            8.50135
          ],
          [
            124.66408,
            8.50141
          ],
          [
            124.66411,
            8.50148
          ],
          [
            124.6643,
            8.50203
          ],
          [
            124.66436,
            8.50224
          ],
          [
            124.66438,
            8.50234
          ],
          [
            124.66439,
            8.50239
          ],
          [
            124.66439,
            8.50242
          ],
          [
            124.66438,
            8.50246
          ],
          [
            124.66435,
            8.50253
          ],
          [
            124.66433,
            8.50257
          ],
          [
            124.66431,
            8.5026
          ],
          [
            124.66428,
            8.50263
          ],
          [
            124.66414,
            8.50276
          ],
          [
            124.66376,
            8.50314
          ],
          [
            124.66348,
            8.50344
          ],
          [
            124.66341,
            8.5035
          ],
          [
            124.66337,
            8.50354
          ],
          [
            124.66332,
            8.50358
          ],
          [
            124.66326,
            8.50363
          ],
          [
            124.66323,
            8.50366
          ],
          [
            124.66318,
            8.50368
          ],
          [
            124.66305,
            8.50376
          ],
          [
            124.66281,
            8.50389
          ],
          [
            124.66264,
            8.50399
          ],
          [
            124.66251,
            8.50405
          ],
          [
            124.66237,
            8.5041
          ],
          [
            124.66222,
            8.50416
          ],
          [
            124.66199,
            8.50424
          ],
          [
            124.66171,
            8.50434
          ],
          [
            124.66167,
            8.50435
          ],
          [
            124.66132,
            8.50448
          ],
          [
            124.66113,
            8.50454
          ],
          [
            124.66065,
            8.50474
          ],
          [
            124.6602,
            8.50495
          ],
          [
            124.66017,
            8.50496
          ],
          [
            124.66013,
            8.50497
          ],
          [
            124.66009,
            8.50496
          ],
          [
            124.66007,
            8.50495
          ],
          [
            124.66005,
            8.50495
          ],
          [
            124.66004,
            8.50494
          ],
          [
            124.6599,
            8.50484
          ],
          [
            124.65979,
            8.50477
          ],
          [
            124.6597,
            8.5047
          ],
          [
            124.65966,
            8.50468
          ],
          [
            124.65948,
            8.50453
          ],
          [
            124.6594,
            8.50444
          ],
          [
            124.65935,
            8.50437
          ],
          [
            124.65931,
            8.50432
          ],
          [
            124.65928,
            8.50427
          ],
          [
            124.65933,
            8.50434
          ]
        ]
      },
      "properties": {
        "name": "Macabalan (R2) Centro – Westbound Terminal and Public Market"
      }
    },
    {
      "type": "Feature",
      "geometry": {
        "type": "LineString",
        "coordinates": [
          [
            124.65919,
            8.50411
          ],
          [
            124.65918,
            8.5041
          ],
          [
            124.65912,
            8.50398
          ],
          [
            124.6591,
            8.50394
          ],
          [
            124.65896,
            8.5037
          ],
          [
            124.65986,
            8.50309
          ],
          [
            124.65994,
            8.50304
          ],
          [
            124.66022,
            8.50285
          ],
          [
            124.66099,
            8.50232
          ],
          [
            124.6612,
            8.50218
          ],
          [
            124.66143,
            8.50202
          ],
          [
            124.66165,
            8.50187
          ],
          [
            124.66177,
            8.50178
          ],
          [
            124.6618,
            8.50176
          ],
          [
            124.66202,
            8.50162
          ],
          [
            124.66215,
            8.50155
          ],
          [
            124.66227,
            8.50149
          ],
          [
            124.66239,
            8.50144
          ],
          [
            124.66257,
            8.50137
          ],
          [
            124.66266,
            8.50133
          ],
          [
            124.6627,
            8.50132
          ],
          [
            124.6629,
            8.50124
          ],
          [
            124.66308,
            8.50116
          ],
          [
            124.66394,
            8.50088
          ],
          [
            124.66367,
            8.49984
          ],
          [
            124.66363,
            8.49972
          ],
          [
            124.66358,
            8.49961
          ],
          [
            124.66355,
            8.49956
          ],
          [
            124.66351,
            8.49952
          ],
          [
            124.66345,
            8.49947
          ],
          [
            124.66338,
            8.49942
          ],
          [
            124.66329,
            8.49937
          ],
          [
            124.66321,
            8.49932
          ],
          [
            124.66302,
            8.49925
          ],
          [
            124.66215,
            8.4989
          ],
          [
            124.66207,
            8.49887
          ],
          [
            124.66186,
            8.4988
          ],
          [
            124.6616,
            8.4987
          ],
          [
            124.6607,
            8.49836
          ],
          [
            124.66076,
            8.49824
          ],
          [
            124.6608,
            8.49814
          ],
          [
            124.66085,
            8.498
          ],
          [
            124.6609,
            8.49778
          ],
          [
            124.6609,
            8.49754
          ],
          [
            124.66092,
            8.4969
          ],
          [
            124.66093,
            8.49652
          ],
          [
            124.66092,
            8.49641
          ],
          [
            124.66091,
            8.49634
          ],
          [
            124.66091,
            8.49631
          ],
          [
            124.6609,
            8.49627
          ],
          [
            124.66087,
            8.49623
          ],
          [
            124.66085,
            8.49621
          ],
          [
            124.66083,
            8.49619
          ],
          [
            124.66079,
            8.49616
          ],
          [
            124.66075,
            8.49614
          ],
          [
            124.66068,
            8.49611
          ],
          [
            124.66049,
            8.49604
          ],
          [
            124.65996,
            8.49584
          ],
          [
            124.65931,
            8.49562
          ],
          [
            124.65816,
            8.49522
          ],
          [
            124.65783,
            8.4951
          ],
          [
            124.65738,
            8.49493
          ],
          [
            124.65697,
            8.49479
          ],
          [
            124.65669,
            8.49471
          ],
          [
            124.65655,
            8.49466
          ],
          [
            124.6565,
            8.49463
          ],
          [
            124.65646,
            8.49461
          ],
          [
            124.65642,
            8.49458
          ],
          [
            124.65637,
            8.49454
          ],
          [
            124.6559,
            8.49413
          ],
          [
            124.6558,
            8.49405
          ],
          [
            124.6554,
            8.49367
          ],
          [
            124.65532,
            8.49359
          ],
          [
            124.65518,
            8.49347
          ],
          [
            124.65503,
            8.49332
          ],
          [
            124.65465,
            8.49297
          ],
          [
            124.65436,
            8.49271
          ],
          [
            124.65422,
            8.49257
          ],
          [
            124.65398,
            8.49232
          ],
          [
            124.65389,
            8.4922
          ],
          [
            124.65384,
            8.49215
          ],
          [
            124.6538,
            8.49209
          ],
          [
            124.65372,
            8.49201
          ],
          [
            124.65362,
            8.49185
          ],
          [
            124.65308,
            8.49098
          ],
          [
            124.65305,
            8.49092
          ],
          [
            124.65284,
            8.4906
          ],
          [
            124.65266,
            8.49029
          ],
          [
            124.65256,
            8.49014
          ],
          [
            124.65246,
            8.48999
          ],
          [
            124.65233,
            8.48976
          ],
          [
            124.6523,
            8.4897
          ],
          [
            124.65219,
            8.48949
          ],
          [
            124.652,
            8.48913
          ],
          [
            124.65187,
            8.48891
          ],
          [
            124.65178,
            8.48872
          ],
          [
            124.65157,
            8.48829
          ],
          [
            124.65134,
            8.48783
          ],
          [
            124.65084,
            8.4868
          ],
          [
            124.6507,
            8.48651
          ],
          [
            124.6506,
            8.48625
          ],
          [
            124.6505,
            8.48598
          ],
          [
            124.65048,
            8.48589
          ],
          [
            124.65043,
            8.48576
          ],
          [
            124.65037,
            8.48558
          ],
          [
            124.65007,
            8.48464
          ],
          [
            124.64993,
            8.48422
          ],
          [
            124.6499,
            8.48413
          ],
          [
            124.64986,
            8.48406
          ],
          [
            124.64982,
            8.48396
          ],
          [
            124.64978,
            8.4839
          ],
          [
            124.64965,
            8.48366
          ],
          [
            124.64955,
            8.4835
          ],
          [
            124.64947,
            8.48338
          ],
          [
            124.64936,
            8.48323
          ],
          [
            124.64928,
            8.48312
          ],
          [
            124.64911,
            8.48285
          ],
          [
            124.64888,
            8.48247
          ],
          [
            124.64877,
            8.48229
          ],
          [
            124.64854,
            8.48193
          ],
          [
            124.64831,
            8.48156
          ],
          [
            124.64802,
            8.48108
          ],
          [
            124.64756,
            8.48033
          ],
          [
            124.64754,
            8.48028
          ],
          [
            124.64733,
            8.47993
          ],
          [
            124.64687,
            8.47922
          ],
          [
            124.64643,
            8.47849
          ],
          [
            124.64635,
            8.47835
          ],
          [
            124.64627,
            8.47817
          ],
          [
            124.64623,
            8.47807
          ],
          [
            124.64621,
            8.47801
          ],
          [
            124.6462,
            8.47799
          ],
          [
            124.64617,
            8.47789
          ],
          [
            124.64614,
            8.47778
          ],
          [
            124.64606,
            8.4774
          ],
          [
            124.64603,
            8.47726
          ],
          [
            124.64514,
            8.47749
          ],
          [
            124.64419,
            8.47773
          ],
          [
            124.64351,
            8.47792
          ],
          [
            124.64303,
            8.47804
          ],
          [
            124.64296,
            8.47779
          ],
          [
            124.64285,
            8.47738
          ],
          [
            124.64338,
            8.47719
          ],
          [
            124.64408,
            8.47693
          ],
          [
            124.64497,
            8.47663
          ],
          [
            124.64583,
            8.4764
          ],
          [
            124.64588,
            8.47661
          ],
          [
            124.64589,
            8.47667
          ],
          [
            124.64591,
            8.47672
          ],
          [
            124.64597,
            8.47703
          ],
          [
            124.64603,
            8.47726
          ],
          [
            124.64606,
            8.4774
          ],
          [
            124.64614,
            8.47778
          ],
          [
            124.64617,
            8.47789
          ],
          [
            124.6462,
            8.47799
          ],
          [
            124.64621,
            8.47801
          ],
          [
            124.64623,
            8.47807
          ],
          [
            124.64627,
            8.47817
          ],
          [
            124.64635,
            8.47835
          ],
          [
            124.64643,
            8.47849
          ],
          [
            124.64663,
            8.47841
          ],
          [
            124.64688,
            8.47832
          ],
          [
            124.64789,
            8.4779
          ],
          [
            124.64843,
            8.47767
          ],
          [
            124.64856,
            8.47763
          ],
          [
            124.64866,
            8.47759
          ],
          [
            124.64888,
            8.47754
          ],
          [
            124.64919,
            8.47746
          ],
          [
            124.64939,
            8.47741
          ],
          [
            124.64945,
            8.47741
          ],
          [
            124.64949,
            8.4774
          ],
          [
            124.6496,
            8.47738
          ],
          [
            124.65006,
            8.47724
          ],
          [
            124.65076,
            8.47704
          ],
          [
            124.65085,
            8.47703
          ],
          [
            124.65088,
            8.477
          ],
          [
            124.65091,
            8.47698
          ],
          [
            124.65098,
            8.47697
          ],
          [
            124.65116,
            8.47695
          ],
          [
            124.65134,
            8.47694
          ],
          [
            124.65152,
            8.47692
          ],
          [
            124.65221,
            8.47687
          ],
          [
            124.65227,
            8.47746
          ],
          [
            124.65225,
            8.47726
          ],
          [
            124.6523,
            8.47777
          ],
          [
            124.65164,
            8.47782
          ],
          [
            124.65088,
            8.47788
          ],
          [
            124.65026,
            8.47796
          ],
          [
            124.64985,
            8.47803
          ],
          [
            124.64967,
            8.47806
          ],
          [
            124.64958,
            8.47808
          ],
          [
            124.64953,
            8.47809
          ],
          [
            124.6495,
            8.4781
          ],
          [
            124.64945,
            8.47814
          ],
          [
            124.64936,
            8.47823
          ],
          [
            124.64918,
            8.478
          ],
          [
            124.64915,
            8.47799
          ],
          [
            124.64914,
            8.47798
          ],
          [
            124.64911,
            8.47798
          ],
          [
            124.64908,
            8.47799
          ],
          [
            124.64905,
            8.47801
          ],
          [
            124.64899,
            8.47806
          ],
          [
            124.64876,
            8.47828
          ],
          [
            124.64845,
            8.47857
          ],
          [
            124.64867,
            8.47886
          ],
          [
            124.64733,
            8.47993
          ],
          [
            124.64754,
            8.48028
          ],
          [
            124.64756,
            8.48033
          ],
          [
            124.64802,
            8.48108
          ],
          [
            124.64831,
            8.48156
          ],
          [
            124.64854,
            8.48193
          ],
          [
            124.64877,
            8.48229
          ],
          [
            124.64888,
            8.48247
          ],
          [
            124.64911,
            8.48285
          ],
          [
            124.64928,
            8.48312
          ],
          [
            124.64936,
            8.48323
          ],
          [
            124.64947,
            8.48338
          ],
          [
            124.64955,
            8.4835
          ],
          [
            124.64965,
            8.48366
          ],
          [
            124.64978,
            8.4839
          ],
          [
            124.64982,
            8.48396
          ],
          [
            124.64986,
            8.48406
          ],
          [
            124.6499,
            8.48413
          ],
          [
            124.64993,
            8.48422
          ],
          [
            124.65007,
            8.48464
          ],
          [
            124.65037,
            8.48558
          ],
          [
            124.65043,
            8.48576
          ],
          [
            124.65048,
            8.48589
          ],
          [
            124.6505,
            8.48598
          ],
          [
            124.6506,
            8.48625
          ],
          [
            124.6507,
            8.48651
          ],
          [
            124.65084,
            8.4868
          ],
          [
            124.65134,
            8.48783
          ],
          [
            124.65157,
            8.48829
          ],
          [
            124.65178,
            8.48872
          ],
          [
            124.65187,
            8.48891
          ],
          [
            124.652,
            8.48913
          ],
          [
            124.65219,
            8.48949
          ],
          [
            124.6523,
            8.4897
          ],
          [
            124.65233,
            8.48976
          ],
          [
            124.65246,
            8.48999
          ],
          [
            124.65256,
            8.49014
          ],
          [
            124.65266,
            8.49029
          ],
          [
            124.65284,
            8.4906
          ],
          [
            124.65305,
            8.49092
          ],
          [
            124.65308,
            8.49098
          ],
          [
            124.65362,
            8.49185
          ],
          [
            124.65372,
            8.49201
          ],
          [
            124.6538,
            8.49209
          ],
          [
            124.65384,
            8.49215
          ],
          [
            124.65389,
            8.4922
          ],
          [
            124.65398,
            8.49232
          ],
          [
            124.65422,
            8.49257
          ],
          [
            124.65436,
            8.49271
          ],
          [
            124.65465,
            8.49297
          ],
          [
            124.65503,
            8.49332
          ],
          [
            124.65518,
            8.49347
          ],
          [
            124.65532,
            8.49359
          ],
          [
            124.6554,
            8.49367
          ],
          [
            124.6558,
            8.49405
          ],
          [
            124.6559,
            8.49413
          ],
          [
            124.65637,
            8.49454
          ],
          [
            124.65642,
            8.49458
          ],
          [
            124.65646,
            8.49461
          ],
          [
            124.6565,
            8.49463
          ],
          [
            124.65655,
            8.49466
          ],
          [
            124.65669,
            8.49471
          ],
          [
            124.65697,
            8.49479
          ],
          [
            124.65738,
            8.49493
          ],
          [
            124.65783,
            8.4951
          ],
          [
            124.65816,
            8.49522
          ],
          [
            124.65931,
            8.49562
          ],
          [
            124.65996,
            8.49584
          ],
          [
            124.66049,
            8.49604
          ],
          [
            124.66068,
            8.49611
          ],
          [
            124.66075,
            8.49614
          ],
          [
            124.66079,
            8.49616
          ],
          [
            124.66083,
            8.49619
          ],
          [
            124.66085,
            8.49621
          ],
          [
            124.66087,
            8.49623
          ],
          [
            124.6609,
            8.49627
          ],
          [
            124.66091,
            8.49631
          ],
          [
            124.66091,
            8.49634
          ],
          [
            124.66092,
            8.49641
          ],
          [
            124.66093,
            8.49652
          ],
          [
            124.66092,
            8.4969
          ],
          [
            124.6609,
            8.49754
          ],
          [
            124.6609,
            8.49778
          ],
          [
            124.66085,
            8.498
          ],
          [
            124.6608,
            8.49814
          ],
          [
            124.66076,
            8.49824
          ],
          [
            124.6607,
            8.49836
          ],
          [
            124.6616,
            8.4987
          ],
          [
            124.66186,
            8.4988
          ],
          [
            124.66207,
            8.49887
          ],
          [
            124.66215,
            8.4989
          ],
          [
            124.66302,
            8.49925
          ],
          [
            124.66321,
            8.49932
          ],
          [
            124.66329,
            8.49937
          ],
          [
            124.66338,
            8.49942
          ],
          [
            124.66345,
            8.49947
          ],
          [
            124.66351,
            8.49952
          ],
          [
            124.66355,
            8.49956
          ],
          [
            124.66358,
            8.49961
          ],
          [
            124.66363,
            8.49972
          ],
          [
            124.66367,
            8.49984
          ],
          [
            124.66394,
            8.50088
          ],
          [
            124.66403,
            8.50124
          ],
          [
            124.66406,
            8.50135
          ],
          [
            124.66408,
            8.50141
          ],
          [
            124.66411,
            8.50148
          ],
          [
            124.6643,
            8.50203
          ],
          [
            124.66436,
            8.50224
          ],
          [
            124.66438,
            8.50234
          ],
          [
            124.66439,
            8.50239
          ],
          [
            124.66439,
            8.50242
          ],
          [
            124.66438,
            8.50246
          ],
          [
            124.66435,
            8.50253
          ],
          [
            124.66433,
            8.50257
          ],
          [
            124.66431,
            8.5026
          ],
          [
            124.66428,
            8.50263
          ],
          [
            124.66414,
            8.50276
          ],
          [
            124.66376,
            8.50314
          ],
          [
            124.66348,
            8.50344
          ],
          [
            124.66341,
            8.5035
          ],
          [
            124.66337,
            8.50354
          ],
          [
            124.66332,
            8.50358
          ],
          [
            124.66326,
            8.50363
          ],
          [
            124.66323,
            8.50366
          ],
          [
            124.66318,
            8.50368
          ],
          [
            124.66305,
            8.50376
          ],
          [
            124.66281,
            8.50389
          ],
          [
            124.66264,
            8.50399
          ],
          [
            124.66251,
            8.50405
          ],
          [
            124.66237,
            8.5041
          ],
          [
            124.66222,
            8.50416
          ],
          [
            124.66199,
            8.50424
          ],
          [
            124.66171,
            8.50434
          ],
          [
            124.66167,
            8.50435
          ],
          [
            124.66132,
            8.50448
          ],
          [
            124.66113,
            8.50454
          ],
          [
            124.66065,
            8.50474
          ],
          [
            124.66019,
            8.50496
          ],
          [
            124.66013,
            8.50497
          ],
          [
            124.66009,
            8.50496
          ],
          [
            124.66007,
            8.50495
          ],
          [
            124.66005,
            8.50495
          ],
          [
            124.6599,
            8.50484
          ],
          [
            124.65979,
            8.50477
          ],
          [
            124.6597,
            8.5047
          ],
          [
            124.65966,
            8.50468
          ],
          [
            124.65948,
            8.50453
          ],
          [
            124.6594,
            8.50444
          ],
          [
            124.65935,
            8.50437
          ],
          [
            124.65931,
            8.50432
          ],
          [
            124.65922,
            8.50417
          ],
          [
            124.65918,
            8.5041
          ],
          [
            124.65916,
            8.50407
          ],
          [
            124.65919,
            8.50411
          ]
        ]
      },
      "properties": {
        "name": "Macabalan (R3) Centro – Cogon Public Market (1)"
      }
    },
    {
      "type": "Feature",
      "geometry": {
        "type": "LineString",
        "coordinates": [
          [
            124.65919,
            8.50411
          ],
          [
            124.65918,
            8.5041
          ],
          [
            124.65912,
            8.50398
          ],
          [
            124.6591,
            8.50394
          ],
          [
            124.65896,
            8.5037
          ],
          [
            124.65986,
            8.50309
          ],
          [
            124.65994,
            8.50304
          ],
          [
            124.66022,
            8.50285
          ],
          [
            124.66099,
            8.50232
          ],
          [
            124.6612,
            8.50218
          ],
          [
            124.66143,
            8.50202
          ],
          [
            124.66165,
            8.50187
          ],
          [
            124.66177,
            8.50178
          ],
          [
            124.6618,
            8.50176
          ],
          [
            124.66202,
            8.50162
          ],
          [
            124.66215,
            8.50155
          ],
          [
            124.66227,
            8.50149
          ],
          [
            124.66239,
            8.50144
          ],
          [
            124.66257,
            8.50137
          ],
          [
            124.66266,
            8.50133
          ],
          [
            124.6627,
            8.50132
          ],
          [
            124.6629,
            8.50124
          ],
          [
            124.66308,
            8.50116
          ],
          [
            124.66394,
            8.50088
          ],
          [
            124.66367,
            8.49984
          ],
          [
            124.66363,
            8.49972
          ],
          [
            124.66358,
            8.49961
          ],
          [
            124.66355,
            8.49956
          ],
          [
            124.66351,
            8.49952
          ],
          [
            124.66345,
            8.49947
          ],
          [
            124.66338,
            8.49942
          ],
          [
            124.66329,
            8.49937
          ],
          [
            124.66321,
            8.49932
          ],
          [
            124.66302,
            8.49925
          ],
          [
            124.66215,
            8.4989
          ],
          [
            124.66207,
            8.49887
          ],
          [
            124.66186,
            8.4988
          ],
          [
            124.6616,
            8.4987
          ],
          [
            124.6607,
            8.49836
          ],
          [
            124.66076,
            8.49824
          ],
          [
            124.6608,
            8.49814
          ],
          [
            124.66085,
            8.498
          ],
          [
            124.6609,
            8.49778
          ],
          [
            124.6609,
            8.49754
          ],
          [
            124.66092,
            8.4969
          ],
          [
            124.66093,
            8.49652
          ],
          [
            124.66092,
            8.49641
          ],
          [
            124.66091,
            8.49634
          ],
          [
            124.66091,
            8.49631
          ],
          [
            124.6609,
            8.49627
          ],
          [
            124.66087,
            8.49623
          ],
          [
            124.66085,
            8.49621
          ],
          [
            124.66083,
            8.49619
          ],
          [
            124.66079,
            8.49616
          ],
          [
            124.66075,
            8.49614
          ],
          [
            124.66068,
            8.49611
          ],
          [
            124.66049,
            8.49604
          ],
          [
            124.65996,
            8.49584
          ],
          [
            124.65931,
            8.49562
          ],
          [
            124.65816,
            8.49522
          ],
          [
            124.65783,
            8.4951
          ],
          [
            124.65738,
            8.49493
          ],
          [
            124.65697,
            8.49479
          ],
          [
            124.65669,
            8.49471
          ],
          [
            124.65655,
            8.49466
          ],
          [
            124.6565,
            8.49463
          ],
          [
            124.65646,
            8.49461
          ],
          [
            124.65642,
            8.49458
          ],
          [
            124.65637,
            8.49454
          ],
          [
            124.6559,
            8.49413
          ],
          [
            124.6558,
            8.49405
          ],
          [
            124.6554,
            8.49367
          ],
          [
            124.65532,
            8.49359
          ],
          [
            124.65518,
            8.49347
          ],
          [
            124.65503,
            8.49332
          ],
          [
            124.65465,
            8.49297
          ],
          [
            124.65436,
            8.49271
          ],
          [
            124.65422,
            8.49257
          ],
          [
            124.65398,
            8.49232
          ],
          [
            124.65389,
            8.4922
          ],
          [
            124.65384,
            8.49215
          ],
          [
            124.6538,
            8.49209
          ],
          [
            124.65372,
            8.49201
          ],
          [
            124.65362,
            8.49185
          ],
          [
            124.65308,
            8.49098
          ],
          [
            124.65305,
            8.49092
          ],
          [
            124.65284,
            8.4906
          ],
          [
            124.65266,
            8.49029
          ],
          [
            124.65256,
            8.49014
          ],
          [
            124.65246,
            8.48999
          ],
          [
            124.65233,
            8.48976
          ],
          [
            124.6523,
            8.4897
          ],
          [
            124.65219,
            8.48949
          ],
          [
            124.652,
            8.48913
          ],
          [
            124.65187,
            8.48891
          ],
          [
            124.65178,
            8.48872
          ],
          [
            124.65157,
            8.48829
          ],
          [
            124.65134,
            8.48783
          ],
          [
            124.65084,
            8.4868
          ],
          [
            124.6507,
            8.48651
          ],
          [
            124.6506,
            8.48625
          ],
          [
            124.6505,
            8.48598
          ],
          [
            124.65048,
            8.48589
          ],
          [
            124.65043,
            8.48576
          ],
          [
            124.65037,
            8.48558
          ],
          [
            124.65007,
            8.48464
          ],
          [
            124.64993,
            8.48422
          ],
          [
            124.6499,
            8.48413
          ],
          [
            124.64986,
            8.48406
          ],
          [
            124.64982,
            8.48396
          ],
          [
            124.64978,
            8.4839
          ],
          [
            124.64965,
            8.48366
          ],
          [
            124.64955,
            8.4835
          ],
          [
            124.64947,
            8.48338
          ],
          [
            124.64936,
            8.48323
          ],
          [
            124.64928,
            8.48312
          ],
          [
            124.64911,
            8.48285
          ],
          [
            124.64888,
            8.48247
          ],
          [
            124.64877,
            8.48229
          ],
          [
            124.64854,
            8.48193
          ],
          [
            124.64831,
            8.48156
          ],
          [
            124.64802,
            8.48108
          ],
          [
            124.64756,
            8.48033
          ],
          [
            124.64754,
            8.48028
          ],
          [
            124.64733,
            8.47993
          ],
          [
            124.64687,
            8.47922
          ],
          [
            124.64643,
            8.47849
          ],
          [
            124.64635,
            8.47835
          ],
          [
            124.64627,
            8.47817
          ],
          [
            124.64623,
            8.47807
          ],
          [
            124.64621,
            8.47801
          ],
          [
            124.6462,
            8.47799
          ],
          [
            124.64617,
            8.47789
          ],
          [
            124.64614,
            8.47778
          ],
          [
            124.64606,
            8.4774
          ],
          [
            124.64603,
            8.47726
          ],
          [
            124.64514,
            8.47749
          ],
          [
            124.64419,
            8.47773
          ],
          [
            124.64351,
            8.47792
          ],
          [
            124.64303,
            8.47804
          ],
          [
            124.64296,
            8.47779
          ],
          [
            124.64285,
            8.47738
          ],
          [
            124.64338,
            8.47719
          ],
          [
            124.64408,
            8.47693
          ],
          [
            124.64497,
            8.47663
          ],
          [
            124.64583,
            8.4764
          ],
          [
            124.64588,
            8.47661
          ],
          [
            124.64589,
            8.47667
          ],
          [
            124.64591,
            8.47672
          ],
          [
            124.64597,
            8.47703
          ],
          [
            124.64603,
            8.47726
          ],
          [
            124.64606,
            8.4774
          ],
          [
            124.64614,
            8.47778
          ],
          [
            124.64617,
            8.47789
          ],
          [
            124.6462,
            8.47799
          ],
          [
            124.64621,
            8.47801
          ],
          [
            124.64623,
            8.47807
          ],
          [
            124.64627,
            8.47817
          ],
          [
            124.64635,
            8.47835
          ],
          [
            124.64643,
            8.47849
          ],
          [
            124.64663,
            8.47841
          ],
          [
            124.64688,
            8.47832
          ],
          [
            124.64789,
            8.4779
          ],
          [
            124.64843,
            8.47767
          ],
          [
            124.64856,
            8.47763
          ],
          [
            124.64866,
            8.47759
          ],
          [
            124.64888,
            8.47754
          ],
          [
            124.64919,
            8.47746
          ],
          [
            124.64939,
            8.47741
          ],
          [
            124.64945,
            8.47741
          ],
          [
            124.64949,
            8.4774
          ],
          [
            124.6496,
            8.47738
          ],
          [
            124.65006,
            8.47724
          ],
          [
            124.65076,
            8.47704
          ],
          [
            124.65085,
            8.47703
          ],
          [
            124.65088,
            8.477
          ],
          [
            124.65091,
            8.47698
          ],
          [
            124.65098,
            8.47697
          ],
          [
            124.65116,
            8.47695
          ],
          [
            124.65134,
            8.47694
          ],
          [
            124.65152,
            8.47692
          ],
          [
            124.65221,
            8.47687
          ],
          [
            124.65227,
            8.47746
          ],
          [
            124.65225,
            8.47726
          ],
          [
            124.6523,
            8.47777
          ],
          [
            124.65164,
            8.47782
          ],
          [
            124.65088,
            8.47788
          ],
          [
            124.65026,
            8.47796
          ],
          [
            124.64985,
            8.47803
          ],
          [
            124.64967,
            8.47806
          ],
          [
            124.64958,
            8.47808
          ],
          [
            124.64953,
            8.47809
          ],
          [
            124.6495,
            8.4781
          ],
          [
            124.64945,
            8.47814
          ],
          [
            124.64936,
            8.47823
          ],
          [
            124.64918,
            8.478
          ],
          [
            124.64915,
            8.47799
          ],
          [
            124.64914,
            8.47798
          ],
          [
            124.64911,
            8.47798
          ],
          [
            124.64908,
            8.47799
          ],
          [
            124.64905,
            8.47801
          ],
          [
            124.64899,
            8.47806
          ],
          [
            124.64876,
            8.47828
          ],
          [
            124.64845,
            8.47857
          ],
          [
            124.64867,
            8.47886
          ],
          [
            124.64733,
            8.47993
          ],
          [
            124.64754,
            8.48028
          ],
          [
            124.64756,
            8.48033
          ],
          [
            124.64802,
            8.48108
          ],
          [
            124.64831,
            8.48156
          ],
          [
            124.64854,
            8.48193
          ],
          [
            124.64877,
            8.48229
          ],
          [
            124.64888,
            8.48247
          ],
          [
            124.64911,
            8.48285
          ],
          [
            124.64928,
            8.48312
          ],
          [
            124.64936,
            8.48323
          ],
          [
            124.64947,
            8.48338
          ],
          [
            124.64955,
            8.4835
          ],
          [
            124.64965,
            8.48366
          ],
          [
            124.64978,
            8.4839
          ],
          [
            124.64982,
            8.48396
          ],
          [
            124.64986,
            8.48406
          ],
          [
            124.6499,
            8.48413
          ],
          [
            124.64993,
            8.48422
          ],
          [
            124.65007,
            8.48464
          ],
          [
            124.65037,
            8.48558
          ],
          [
            124.65043,
            8.48576
          ],
          [
            124.65048,
            8.48589
          ],
          [
            124.6505,
            8.48598
          ],
          [
            124.6506,
            8.48625
          ],
          [
            124.6507,
            8.48651
          ],
          [
            124.65084,
            8.4868
          ],
          [
            124.65134,
            8.48783
          ],
          [
            124.65157,
            8.48829
          ],
          [
            124.65178,
            8.48872
          ],
          [
            124.65187,
            8.48891
          ],
          [
            124.652,
            8.48913
          ],
          [
            124.65219,
            8.48949
          ],
          [
            124.6523,
            8.4897
          ],
          [
            124.65233,
            8.48976
          ],
          [
            124.65246,
            8.48999
          ],
          [
            124.65256,
            8.49014
          ],
          [
            124.65266,
            8.49029
          ],
          [
            124.65284,
            8.4906
          ],
          [
            124.65305,
            8.49092
          ],
          [
            124.65308,
            8.49098
          ],
          [
            124.65362,
            8.49185
          ],
          [
            124.65372,
            8.49201
          ],
          [
            124.6538,
            8.49209
          ],
          [
            124.65384,
            8.49215
          ],
          [
            124.65389,
            8.4922
          ],
          [
            124.65398,
            8.49232
          ],
          [
            124.65422,
            8.49257
          ],
          [
            124.65436,
            8.49271
          ],
          [
            124.65465,
            8.49297
          ],
          [
            124.65503,
            8.49332
          ],
          [
            124.65518,
            8.49347
          ],
          [
            124.65532,
            8.49359
          ],
          [
            124.6554,
            8.49367
          ],
          [
            124.6558,
            8.49405
          ],
          [
            124.6559,
            8.49413
          ],
          [
            124.65637,
            8.49454
          ],
          [
            124.65642,
            8.49458
          ],
          [
            124.65646,
            8.49461
          ],
          [
            124.6565,
            8.49463
          ],
          [
            124.65655,
            8.49466
          ],
          [
            124.65669,
            8.49471
          ],
          [
            124.65697,
            8.49479
          ],
          [
            124.65738,
            8.49493
          ],
          [
            124.65783,
            8.4951
          ],
          [
            124.65816,
            8.49522
          ],
          [
            124.65931,
            8.49562
          ],
          [
            124.65996,
            8.49584
          ],
          [
            124.66049,
            8.49604
          ],
          [
            124.66068,
            8.49611
          ],
          [
            124.66075,
            8.49614
          ],
          [
            124.66079,
            8.49616
          ],
          [
            124.66083,
            8.49619
          ],
          [
            124.66085,
            8.49621
          ],
          [
            124.66087,
            8.49623
          ],
          [
            124.6609,
            8.49627
          ],
          [
            124.66091,
            8.49631
          ],
          [
            124.66091,
            8.49634
          ],
          [
            124.66092,
            8.49641
          ],
          [
            124.66093,
            8.49652
          ],
          [
            124.66092,
            8.4969
          ],
          [
            124.6609,
            8.49754
          ],
          [
            124.6609,
            8.49778
          ],
          [
            124.66085,
            8.498
          ],
          [
            124.6608,
            8.49814
          ],
          [
            124.66076,
            8.49824
          ],
          [
            124.6607,
            8.49836
          ],
          [
            124.6616,
            8.4987
          ],
          [
            124.66186,
            8.4988
          ],
          [
            124.66207,
            8.49887
          ],
          [
            124.66215,
            8.4989
          ],
          [
            124.66302,
            8.49925
          ],
          [
            124.66321,
            8.49932
          ],
          [
            124.66329,
            8.49937
          ],
          [
            124.66338,
            8.49942
          ],
          [
            124.66345,
            8.49947
          ],
          [
            124.66351,
            8.49952
          ],
          [
            124.66355,
            8.49956
          ],
          [
            124.66358,
            8.49961
          ],
          [
            124.66363,
            8.49972
          ],
          [
            124.66367,
            8.49984
          ],
          [
            124.66394,
            8.50088
          ],
          [
            124.66403,
            8.50124
          ],
          [
            124.66406,
            8.50135
          ],
          [
            124.66408,
            8.50141
          ],
          [
            124.66411,
            8.50148
          ],
          [
            124.6643,
            8.50203
          ],
          [
            124.66436,
            8.50224
          ],
          [
            124.66438,
            8.50234
          ],
          [
            124.66439,
            8.50239
          ],
          [
            124.66439,
            8.50242
          ],
          [
            124.66438,
            8.50246
          ],
          [
            124.66435,
            8.50253
          ],
          [
            124.66433,
            8.50257
          ],
          [
            124.66431,
            8.5026
          ],
          [
            124.66428,
            8.50263
          ],
          [
            124.66414,
            8.50276
          ],
          [
            124.66376,
            8.50314
          ],
          [
            124.66348,
            8.50344
          ],
          [
            124.66341,
            8.5035
          ],
          [
            124.66337,
            8.50354
          ],
          [
            124.66332,
            8.50358
          ],
          [
            124.66326,
            8.50363
          ],
          [
            124.66323,
            8.50366
          ],
          [
            124.66318,
            8.50368
          ],
          [
            124.66305,
            8.50376
          ],
          [
            124.66281,
            8.50389
          ],
          [
            124.66264,
            8.50399
          ],
          [
            124.66251,
            8.50405
          ],
          [
            124.66237,
            8.5041
          ],
          [
            124.66222,
            8.50416
          ],
          [
            124.66199,
            8.50424
          ],
          [
            124.66171,
            8.50434
          ],
          [
            124.66167,
            8.50435
          ],
          [
            124.66132,
            8.50448
          ],
          [
            124.66113,
            8.50454
          ],
          [
            124.66065,
            8.50474
          ],
          [
            124.66019,
            8.50496
          ],
          [
            124.66013,
            8.50497
          ],
          [
            124.66009,
            8.50496
          ],
          [
            124.66007,
            8.50495
          ],
          [
            124.66005,
            8.50495
          ],
          [
            124.6599,
            8.50484
          ],
          [
            124.65979,
            8.50477
          ],
          [
            124.6597,
            8.5047
          ],
          [
            124.65966,
            8.50468
          ],
          [
            124.65948,
            8.50453
          ],
          [
            124.6594,
            8.50444
          ],
          [
            124.65935,
            8.50437
          ],
          [
            124.65931,
            8.50432
          ],
          [
            124.65922,
            8.50417
          ],
          [
            124.65918,
            8.5041
          ],
          [
            124.65916,
            8.50407
          ],
          [
            124.65919,
            8.50411
          ]
        ]
      },
      "properties": {
        "name": "Macabalan (R3) Centro – Cogon Public Market (2)"
      }
    },
    {
      "type": "Feature",
      "geometry": {
        "type": "LineString",
        "coordinates": [
          [
            124.65919,
            8.50411
          ],
          [
            124.65918,
            8.5041
          ],
          [
            124.65912,
            8.50398
          ],
          [
            124.6591,
            8.50394
          ],
          [
            124.65896,
            8.5037
          ],
          [
            124.65986,
            8.50309
          ],
          [
            124.65994,
            8.50304
          ],
          [
            124.66022,
            8.50285
          ],
          [
            124.66099,
            8.50232
          ],
          [
            124.6612,
            8.50218
          ],
          [
            124.66143,
            8.50202
          ],
          [
            124.66165,
            8.50187
          ],
          [
            124.66177,
            8.50178
          ],
          [
            124.6618,
            8.50176
          ],
          [
            124.66202,
            8.50162
          ],
          [
            124.66215,
            8.50155
          ],
          [
            124.66227,
            8.50149
          ],
          [
            124.66239,
            8.50144
          ],
          [
            124.66257,
            8.50137
          ],
          [
            124.66266,
            8.50133
          ],
          [
            124.6627,
            8.50132
          ],
          [
            124.6629,
            8.50124
          ],
          [
            124.66308,
            8.50116
          ],
          [
            124.66394,
            8.50088
          ],
          [
            124.66367,
            8.49984
          ],
          [
            124.66363,
            8.49972
          ],
          [
            124.66358,
            8.49961
          ],
          [
            124.66355,
            8.49956
          ],
          [
            124.66351,
            8.49952
          ],
          [
            124.66345,
            8.49947
          ],
          [
            124.66338,
            8.49942
          ],
          [
            124.66329,
            8.49937
          ],
          [
            124.66321,
            8.49932
          ],
          [
            124.66302,
            8.49925
          ],
          [
            124.66215,
            8.4989
          ],
          [
            124.66207,
            8.49887
          ],
          [
            124.66186,
            8.4988
          ],
          [
            124.6616,
            8.4987
          ],
          [
            124.6607,
            8.49836
          ],
          [
            124.66076,
            8.49824
          ],
          [
            124.6608,
            8.49814
          ],
          [
            124.66085,
            8.498
          ],
          [
            124.6609,
            8.49778
          ],
          [
            124.6609,
            8.49754
          ],
          [
            124.66092,
            8.4969
          ],
          [
            124.66093,
            8.49652
          ],
          [
            124.66092,
            8.49641
          ],
          [
            124.66091,
            8.49634
          ],
          [
            124.66091,
            8.49631
          ],
          [
            124.6609,
            8.49627
          ],
          [
            124.66087,
            8.49623
          ],
          [
            124.66085,
            8.49621
          ],
          [
            124.66083,
            8.49619
          ],
          [
            124.66079,
            8.49616
          ],
          [
            124.66075,
            8.49614
          ],
          [
            124.66068,
            8.49611
          ],
          [
            124.66049,
            8.49604
          ],
          [
            124.65996,
            8.49584
          ],
          [
            124.65931,
            8.49562
          ],
          [
            124.65816,
            8.49522
          ],
          [
            124.65783,
            8.4951
          ],
          [
            124.65738,
            8.49493
          ],
          [
            124.65697,
            8.49479
          ],
          [
            124.65669,
            8.49471
          ],
          [
            124.65655,
            8.49466
          ],
          [
            124.6565,
            8.49463
          ],
          [
            124.65646,
            8.49461
          ],
          [
            124.65642,
            8.49458
          ],
          [
            124.65637,
            8.49454
          ],
          [
            124.6559,
            8.49413
          ],
          [
            124.6558,
            8.49405
          ],
          [
            124.6554,
            8.49367
          ],
          [
            124.65532,
            8.49359
          ],
          [
            124.65518,
            8.49347
          ],
          [
            124.65503,
            8.49332
          ],
          [
            124.65465,
            8.49297
          ],
          [
            124.65436,
            8.49271
          ],
          [
            124.65422,
            8.49257
          ],
          [
            124.65398,
            8.49232
          ],
          [
            124.65389,
            8.4922
          ],
          [
            124.65384,
            8.49215
          ],
          [
            124.6538,
            8.49209
          ],
          [
            124.65372,
            8.49201
          ],
          [
            124.65362,
            8.49185
          ],
          [
            124.65308,
            8.49098
          ],
          [
            124.65305,
            8.49092
          ],
          [
            124.65284,
            8.4906
          ],
          [
            124.65266,
            8.49029
          ],
          [
            124.65256,
            8.49014
          ],
          [
            124.65246,
            8.48999
          ],
          [
            124.65233,
            8.48976
          ],
          [
            124.6523,
            8.4897
          ],
          [
            124.65219,
            8.48949
          ],
          [
            124.652,
            8.48913
          ],
          [
            124.65187,
            8.48891
          ],
          [
            124.65178,
            8.48872
          ],
          [
            124.65157,
            8.48829
          ],
          [
            124.65134,
            8.48783
          ],
          [
            124.65084,
            8.4868
          ],
          [
            124.6507,
            8.48651
          ],
          [
            124.6506,
            8.48625
          ],
          [
            124.6505,
            8.48598
          ],
          [
            124.65048,
            8.48589
          ],
          [
            124.65043,
            8.48576
          ],
          [
            124.65037,
            8.48558
          ],
          [
            124.65007,
            8.48464
          ],
          [
            124.64993,
            8.48422
          ],
          [
            124.6499,
            8.48413
          ],
          [
            124.64986,
            8.48406
          ],
          [
            124.64982,
            8.48396
          ],
          [
            124.64978,
            8.4839
          ],
          [
            124.64965,
            8.48366
          ],
          [
            124.64955,
            8.4835
          ],
          [
            124.64947,
            8.48338
          ],
          [
            124.64936,
            8.48323
          ],
          [
            124.64928,
            8.48312
          ],
          [
            124.64911,
            8.48285
          ],
          [
            124.64888,
            8.48247
          ],
          [
            124.64877,
            8.48229
          ],
          [
            124.64854,
            8.48193
          ],
          [
            124.64831,
            8.48156
          ],
          [
            124.64802,
            8.48108
          ],
          [
            124.64756,
            8.48033
          ],
          [
            124.64754,
            8.48028
          ],
          [
            124.64733,
            8.47993
          ],
          [
            124.64687,
            8.47922
          ],
          [
            124.64643,
            8.47849
          ],
          [
            124.64635,
            8.47835
          ],
          [
            124.64627,
            8.47817
          ],
          [
            124.64623,
            8.47807
          ],
          [
            124.64621,
            8.47801
          ],
          [
            124.6462,
            8.47799
          ],
          [
            124.64617,
            8.47789
          ],
          [
            124.64614,
            8.47778
          ],
          [
            124.64606,
            8.4774
          ],
          [
            124.64603,
            8.47726
          ],
          [
            124.64514,
            8.47749
          ],
          [
            124.64419,
            8.47773
          ],
          [
            124.64351,
            8.47792
          ],
          [
            124.64303,
            8.47804
          ],
          [
            124.64296,
            8.47779
          ],
          [
            124.64285,
            8.47738
          ],
          [
            124.64338,
            8.47719
          ],
          [
            124.64408,
            8.47693
          ],
          [
            124.64497,
            8.47663
          ],
          [
            124.64583,
            8.4764
          ],
          [
            124.64588,
            8.47661
          ],
          [
            124.64589,
            8.47667
          ],
          [
            124.64591,
            8.47672
          ],
          [
            124.64597,
            8.47703
          ],
          [
            124.64603,
            8.47726
          ],
          [
            124.64606,
            8.4774
          ],
          [
            124.64614,
            8.47778
          ],
          [
            124.64617,
            8.47789
          ],
          [
            124.6462,
            8.47799
          ],
          [
            124.64621,
            8.47801
          ],
          [
            124.64623,
            8.47807
          ],
          [
            124.64627,
            8.47817
          ],
          [
            124.64635,
            8.47835
          ],
          [
            124.64643,
            8.47849
          ],
          [
            124.64663,
            8.47841
          ],
          [
            124.64688,
            8.47832
          ],
          [
            124.64789,
            8.4779
          ],
          [
            124.64843,
            8.47767
          ],
          [
            124.64856,
            8.47763
          ],
          [
            124.64866,
            8.47759
          ],
          [
            124.64888,
            8.47754
          ],
          [
            124.64919,
            8.47746
          ],
          [
            124.64939,
            8.47741
          ],
          [
            124.64945,
            8.47741
          ],
          [
            124.64949,
            8.4774
          ],
          [
            124.6496,
            8.47738
          ],
          [
            124.65006,
            8.47724
          ],
          [
            124.65076,
            8.47704
          ],
          [
            124.65085,
            8.47703
          ],
          [
            124.65088,
            8.477
          ],
          [
            124.65091,
            8.47698
          ],
          [
            124.65098,
            8.47697
          ],
          [
            124.65116,
            8.47695
          ],
          [
            124.65134,
            8.47694
          ],
          [
            124.65152,
            8.47692
          ],
          [
            124.65221,
            8.47687
          ],
          [
            124.65227,
            8.47746
          ],
          [
            124.65225,
            8.47726
          ],
          [
            124.6523,
            8.47777
          ],
          [
            124.65164,
            8.47782
          ],
          [
            124.65088,
            8.47788
          ],
          [
            124.65026,
            8.47796
          ],
          [
            124.64985,
            8.47803
          ],
          [
            124.64967,
            8.47806
          ],
          [
            124.64958,
            8.47808
          ],
          [
            124.64953,
            8.47809
          ],
          [
            124.6495,
            8.4781
          ],
          [
            124.64945,
            8.47814
          ],
          [
            124.64936,
            8.47823
          ],
          [
            124.64918,
            8.478
          ],
          [
            124.64915,
            8.47799
          ],
          [
            124.64914,
            8.47798
          ],
          [
            124.64911,
            8.47798
          ],
          [
            124.64908,
            8.47799
          ],
          [
            124.64905,
            8.47801
          ],
          [
            124.64899,
            8.47806
          ],
          [
            124.64876,
            8.47828
          ],
          [
            124.64845,
            8.47857
          ],
          [
            124.64867,
            8.47886
          ],
          [
            124.64733,
            8.47993
          ],
          [
            124.64754,
            8.48028
          ],
          [
            124.64756,
            8.48033
          ],
          [
            124.64802,
            8.48108
          ],
          [
            124.64831,
            8.48156
          ],
          [
            124.64854,
            8.48193
          ],
          [
            124.64877,
            8.48229
          ],
          [
            124.64888,
            8.48247
          ],
          [
            124.64911,
            8.48285
          ],
          [
            124.64928,
            8.48312
          ],
          [
            124.64936,
            8.48323
          ],
          [
            124.64947,
            8.48338
          ],
          [
            124.64955,
            8.4835
          ],
          [
            124.64965,
            8.48366
          ],
          [
            124.64978,
            8.4839
          ],
          [
            124.64982,
            8.48396
          ],
          [
            124.64986,
            8.48406
          ],
          [
            124.6499,
            8.48413
          ],
          [
            124.64993,
            8.48422
          ],
          [
            124.65007,
            8.48464
          ],
          [
            124.65037,
            8.48558
          ],
          [
            124.65043,
            8.48576
          ],
          [
            124.65048,
            8.48589
          ],
          [
            124.6505,
            8.48598
          ],
          [
            124.6506,
            8.48625
          ],
          [
            124.6507,
            8.48651
          ],
          [
            124.65084,
            8.4868
          ],
          [
            124.65134,
            8.48783
          ],
          [
            124.65157,
            8.48829
          ],
          [
            124.65178,
            8.48872
          ],
          [
            124.65187,
            8.48891
          ],
          [
            124.652,
            8.48913
          ],
          [
            124.65219,
            8.48949
          ],
          [
            124.6523,
            8.4897
          ],
          [
            124.65233,
            8.48976
          ],
          [
            124.65246,
            8.48999
          ],
          [
            124.65256,
            8.49014
          ],
          [
            124.65266,
            8.49029
          ],
          [
            124.65284,
            8.4906
          ],
          [
            124.65305,
            8.49092
          ],
          [
            124.65308,
            8.49098
          ],
          [
            124.65362,
            8.49185
          ],
          [
            124.65372,
            8.49201
          ],
          [
            124.6538,
            8.49209
          ],
          [
            124.65384,
            8.49215
          ],
          [
            124.65389,
            8.4922
          ],
          [
            124.65398,
            8.49232
          ],
          [
            124.65422,
            8.49257
          ],
          [
            124.65436,
            8.49271
          ],
          [
            124.65465,
            8.49297
          ],
          [
            124.65503,
            8.49332
          ],
          [
            124.65518,
            8.49347
          ],
          [
            124.65532,
            8.49359
          ],
          [
            124.6554,
            8.49367
          ],
          [
            124.6558,
            8.49405
          ],
          [
            124.6559,
            8.49413
          ],
          [
            124.65637,
            8.49454
          ],
          [
            124.65642,
            8.49458
          ],
          [
            124.65646,
            8.49461
          ],
          [
            124.6565,
            8.49463
          ],
          [
            124.65655,
            8.49466
          ],
          [
            124.65669,
            8.49471
          ],
          [
            124.65697,
            8.49479
          ],
          [
            124.65738,
            8.49493
          ],
          [
            124.65783,
            8.4951
          ],
          [
            124.65816,
            8.49522
          ],
          [
            124.65931,
            8.49562
          ],
          [
            124.65996,
            8.49584
          ],
          [
            124.66049,
            8.49604
          ],
          [
            124.66068,
            8.49611
          ],
          [
            124.66075,
            8.49614
          ],
          [
            124.66079,
            8.49616
          ],
          [
            124.66083,
            8.49619
          ],
          [
            124.66085,
            8.49621
          ],
          [
            124.66087,
            8.49623
          ],
          [
            124.6609,
            8.49627
          ],
          [
            124.66091,
            8.49631
          ],
          [
            124.66091,
            8.49634
          ],
          [
            124.66092,
            8.49641
          ],
          [
            124.66093,
            8.49652
          ],
          [
            124.66092,
            8.4969
          ],
          [
            124.6609,
            8.49754
          ],
          [
            124.6609,
            8.49778
          ],
          [
            124.66085,
            8.498
          ],
          [
            124.6608,
            8.49814
          ],
          [
            124.66076,
            8.49824
          ],
          [
            124.6607,
            8.49836
          ],
          [
            124.6616,
            8.4987
          ],
          [
            124.66186,
            8.4988
          ],
          [
            124.66207,
            8.49887
          ],
          [
            124.66215,
            8.4989
          ],
          [
            124.66302,
            8.49925
          ],
          [
            124.66321,
            8.49932
          ],
          [
            124.66329,
            8.49937
          ],
          [
            124.66338,
            8.49942
          ],
          [
            124.66345,
            8.49947
          ],
          [
            124.66351,
            8.49952
          ],
          [
            124.66355,
            8.49956
          ],
          [
            124.66358,
            8.49961
          ],
          [
            124.66363,
            8.49972
          ],
          [
            124.66367,
            8.49984
          ],
          [
            124.66394,
            8.50088
          ],
          [
            124.66403,
            8.50124
          ],
          [
            124.66406,
            8.50135
          ],
          [
            124.66408,
            8.50141
          ],
          [
            124.66411,
            8.50148
          ],
          [
            124.6643,
            8.50203
          ],
          [
            124.66436,
            8.50224
          ],
          [
            124.66438,
            8.50234
          ],
          [
            124.66439,
            8.50239
          ],
          [
            124.66439,
            8.50242
          ],
          [
            124.66438,
            8.50246
          ],
          [
            124.66435,
            8.50253
          ],
          [
            124.66433,
            8.50257
          ],
          [
            124.66431,
            8.5026
          ],
          [
            124.66428,
            8.50263
          ],
          [
            124.66414,
            8.50276
          ],
          [
            124.66376,
            8.50314
          ],
          [
            124.66348,
            8.50344
          ],
          [
            124.66341,
            8.5035
          ],
          [
            124.66337,
            8.50354
          ],
          [
            124.66332,
            8.50358
          ],
          [
            124.66326,
            8.50363
          ],
          [
            124.66323,
            8.50366
          ],
          [
            124.66318,
            8.50368
          ],
          [
            124.66305,
            8.50376
          ],
          [
            124.66281,
            8.50389
          ],
          [
            124.66264,
            8.50399
          ],
          [
            124.66251,
            8.50405
          ],
          [
            124.66237,
            8.5041
          ],
          [
            124.66222,
            8.50416
          ],
          [
            124.66199,
            8.50424
          ],
          [
            124.66171,
            8.50434
          ],
          [
            124.66167,
            8.50435
          ],
          [
            124.66132,
            8.50448
          ],
          [
            124.66113,
            8.50454
          ],
          [
            124.66065,
            8.50474
          ],
          [
            124.66019,
            8.50496
          ],
          [
            124.66013,
            8.50497
          ],
          [
            124.66009,
            8.50496
          ],
          [
            124.66007,
            8.50495
          ],
          [
            124.66005,
            8.50495
          ],
          [
            124.6599,
            8.50484
          ],
          [
            124.65979,
            8.50477
          ],
          [
            124.6597,
            8.5047
          ],
          [
            124.65966,
            8.50468
          ],
          [
            124.65948,
            8.50453
          ],
          [
            124.6594,
            8.50444
          ],
          [
            124.65935,
            8.50437
          ],
          [
            124.65931,
            8.50432
          ],
          [
            124.65922,
            8.50417
          ],
          [
            124.65918,
            8.5041
          ],
          [
            124.65916,
            8.50407
          ],
          [
            124.65919,
            8.50411
          ]
        ]
      },
      "properties": {
        "name": "Macabalan (R3) Centro – Cogon Public Market"
      }
    },
    {
      "type": "Feature",
      "geometry": {
        "type": "LineString",
        "coordinates": [
          [
            124.65922,
            8.50417
          ],
          [
            124.65918,
            8.5041
          ],
          [
            124.65912,
            8.50398
          ],
          [
            124.6591,
            8.50394
          ],
          [
            124.65896,
            8.5037
          ],
          [
            124.65986,
            8.50309
          ],
          [
            124.65994,
            8.50304
          ],
          [
            124.66022,
            8.50285
          ],
          [
            124.66099,
            8.50232
          ],
          [
            124.6612,
            8.50218
          ],
          [
            124.66143,
            8.50202
          ],
          [
            124.66165,
            8.50187
          ],
          [
            124.66177,
            8.50178
          ],
          [
            124.6618,
            8.50176
          ],
          [
            124.66202,
            8.50162
          ],
          [
            124.66215,
            8.50155
          ],
          [
            124.66227,
            8.50149
          ],
          [
            124.66239,
            8.50144
          ],
          [
            124.66257,
            8.50137
          ],
          [
            124.66266,
            8.50133
          ],
          [
            124.6627,
            8.50132
          ],
          [
            124.6629,
            8.50124
          ],
          [
            124.66308,
            8.50116
          ],
          [
            124.66394,
            8.50088
          ],
          [
            124.66367,
            8.49984
          ],
          [
            124.66363,
            8.49972
          ],
          [
            124.66358,
            8.49961
          ],
          [
            124.66355,
            8.49956
          ],
          [
            124.66351,
            8.49952
          ],
          [
            124.66345,
            8.49947
          ],
          [
            124.66338,
            8.49942
          ],
          [
            124.66329,
            8.49937
          ],
          [
            124.66321,
            8.49932
          ],
          [
            124.66302,
            8.49925
          ],
          [
            124.66215,
            8.4989
          ],
          [
            124.66207,
            8.49887
          ],
          [
            124.66186,
            8.4988
          ],
          [
            124.6616,
            8.4987
          ],
          [
            124.6607,
            8.49836
          ],
          [
            124.66009,
            8.49814
          ],
          [
            124.65998,
            8.4981
          ],
          [
            124.65976,
            8.49801
          ],
          [
            124.65958,
            8.49794
          ],
          [
            124.65923,
            8.49781
          ],
          [
            124.65878,
            8.49765
          ],
          [
            124.65838,
            8.49751
          ],
          [
            124.65788,
            8.49731
          ],
          [
            124.65758,
            8.49721
          ],
          [
            124.65737,
            8.49714
          ],
          [
            124.65725,
            8.49709
          ],
          [
            124.65687,
            8.49695
          ],
          [
            124.65611,
            8.49663
          ],
          [
            124.65594,
            8.49656
          ],
          [
            124.65574,
            8.49647
          ],
          [
            124.65571,
            8.49646
          ],
          [
            124.65543,
            8.49633
          ],
          [
            124.6547,
            8.49596
          ],
          [
            124.65443,
            8.49582
          ],
          [
            124.65432,
            8.49576
          ],
          [
            124.65424,
            8.49572
          ],
          [
            124.65411,
            8.49567
          ],
          [
            124.65397,
            8.49561
          ],
          [
            124.65386,
            8.49558
          ],
          [
            124.65377,
            8.49556
          ],
          [
            124.65362,
            8.49553
          ],
          [
            124.65325,
            8.49548
          ],
          [
            124.65318,
            8.49547
          ],
          [
            124.65284,
            8.49544
          ],
          [
            124.65267,
            8.49542
          ],
          [
            124.65258,
            8.49541
          ],
          [
            124.65243,
            8.49537
          ],
          [
            124.6524,
            8.49534
          ],
          [
            124.65235,
            8.4953
          ],
          [
            124.6523,
            8.49525
          ],
          [
            124.65229,
            8.49524
          ],
          [
            124.65227,
            8.49522
          ],
          [
            124.65225,
            8.49517
          ],
          [
            124.65224,
            8.49515
          ],
          [
            124.65222,
            8.49511
          ],
          [
            124.65221,
            8.49507
          ],
          [
            124.6522,
            8.495
          ],
          [
            124.65218,
            8.4949
          ],
          [
            124.65217,
            8.49484
          ],
          [
            124.65214,
            8.49472
          ],
          [
            124.65213,
            8.49464
          ],
          [
            124.6521,
            8.49454
          ],
          [
            124.65208,
            8.49444
          ],
          [
            124.65206,
            8.49437
          ],
          [
            124.65201,
            8.4942
          ],
          [
            124.65197,
            8.49403
          ],
          [
            124.65197,
            8.49402
          ],
          [
            124.65192,
            8.49385
          ],
          [
            124.65188,
            8.49368
          ],
          [
            124.65188,
            8.49367
          ],
          [
            124.65183,
            8.4935
          ],
          [
            124.65179,
            8.49333
          ],
          [
            124.65174,
            8.49315
          ],
          [
            124.65169,
            8.49298
          ],
          [
            124.65165,
            8.4928
          ],
          [
            124.6516,
            8.49263
          ],
          [
            124.65155,
            8.49246
          ],
          [
            124.65155,
            8.49245
          ],
          [
            124.65145,
            8.4921
          ],
          [
            124.65139,
            8.49191
          ],
          [
            124.65134,
            8.49176
          ],
          [
            124.65128,
            8.49162
          ],
          [
            124.65127,
            8.4916
          ],
          [
            124.65124,
            8.49153
          ],
          [
            124.6512,
            8.49143
          ],
          [
            124.65102,
            8.49107
          ],
          [
            124.65033,
            8.48983
          ],
          [
            124.64978,
            8.48888
          ],
          [
            124.64969,
            8.48873
          ],
          [
            124.64933,
            8.48814
          ],
          [
            124.64879,
            8.48726
          ],
          [
            124.64878,
            8.48724
          ],
          [
            124.64856,
            8.48689
          ],
          [
            124.64832,
            8.48649
          ],
          [
            124.64821,
            8.48633
          ],
          [
            124.64811,
            8.4862
          ],
          [
            124.64806,
            8.48612
          ],
          [
            124.64791,
            8.48587
          ],
          [
            124.64771,
            8.48553
          ],
          [
            124.64735,
            8.48491
          ],
          [
            124.64718,
            8.48463
          ],
          [
            124.64702,
            8.48436
          ],
          [
            124.64661,
            8.48366
          ],
          [
            124.64628,
            8.48315
          ],
          [
            124.64603,
            8.48276
          ],
          [
            124.64597,
            8.48266
          ],
          [
            124.6456,
            8.48204
          ],
          [
            124.64546,
            8.48177
          ],
          [
            124.64541,
            8.48166
          ],
          [
            124.64537,
            8.48161
          ],
          [
            124.64533,
            8.48151
          ],
          [
            124.64528,
            8.48138
          ],
          [
            124.64524,
            8.4813
          ],
          [
            124.64521,
            8.48123
          ],
          [
            124.64517,
            8.48109
          ],
          [
            124.64504,
            8.48068
          ],
          [
            124.64483,
            8.48004
          ],
          [
            124.64463,
            8.47945
          ],
          [
            124.64452,
            8.47907
          ],
          [
            124.6444,
            8.47865
          ],
          [
            124.64429,
            8.47816
          ],
          [
            124.64419,
            8.47773
          ],
          [
            124.64351,
            8.47792
          ],
          [
            124.64303,
            8.47804
          ],
          [
            124.64296,
            8.47779
          ],
          [
            124.64346,
            8.47766
          ],
          [
            124.64415,
            8.47746
          ],
          [
            124.64508,
            8.47721
          ],
          [
            124.64597,
            8.47703
          ],
          [
            124.64603,
            8.47726
          ],
          [
            124.64606,
            8.4774
          ],
          [
            124.64614,
            8.47778
          ],
          [
            124.64614,
            8.47779
          ],
          [
            124.64617,
            8.47789
          ],
          [
            124.6462,
            8.47799
          ],
          [
            124.64621,
            8.47801
          ],
          [
            124.64623,
            8.47807
          ],
          [
            124.64627,
            8.47816
          ],
          [
            124.64627,
            8.47817
          ],
          [
            124.64635,
            8.47835
          ],
          [
            124.64643,
            8.47849
          ],
          [
            124.64663,
            8.47841
          ],
          [
            124.64688,
            8.47832
          ],
          [
            124.64789,
            8.4779
          ],
          [
            124.64843,
            8.47767
          ],
          [
            124.64856,
            8.47763
          ],
          [
            124.64866,
            8.47759
          ],
          [
            124.64888,
            8.47754
          ],
          [
            124.64919,
            8.47746
          ],
          [
            124.64939,
            8.47741
          ],
          [
            124.64943,
            8.47735
          ],
          [
            124.64945,
            8.47732
          ],
          [
            124.6495,
            8.47728
          ],
          [
            124.64954,
            8.47726
          ],
          [
            124.64959,
            8.47724
          ],
          [
            124.64974,
            8.47719
          ],
          [
            124.65003,
            8.47712
          ],
          [
            124.65075,
            8.47695
          ],
          [
            124.65082,
            8.47695
          ],
          [
            124.65087,
            8.47696
          ],
          [
            124.65089,
            8.47696
          ],
          [
            124.65091,
            8.47698
          ],
          [
            124.65098,
            8.47697
          ],
          [
            124.65116,
            8.47695
          ],
          [
            124.65134,
            8.47694
          ],
          [
            124.65152,
            8.47692
          ],
          [
            124.65221,
            8.47687
          ],
          [
            124.65228,
            8.47757
          ],
          [
            124.65228,
            8.47753
          ],
          [
            124.6523,
            8.47777
          ],
          [
            124.65164,
            8.47782
          ],
          [
            124.65088,
            8.47788
          ],
          [
            124.65026,
            8.47796
          ],
          [
            124.64985,
            8.47803
          ],
          [
            124.64967,
            8.47806
          ],
          [
            124.64958,
            8.47808
          ],
          [
            124.64953,
            8.47809
          ],
          [
            124.6495,
            8.4781
          ],
          [
            124.64945,
            8.47814
          ],
          [
            124.64936,
            8.47823
          ],
          [
            124.64918,
            8.478
          ],
          [
            124.64917,
            8.47799
          ],
          [
            124.64915,
            8.47799
          ],
          [
            124.64914,
            8.47798
          ],
          [
            124.64911,
            8.47798
          ],
          [
            124.64908,
            8.47799
          ],
          [
            124.64905,
            8.47801
          ],
          [
            124.64899,
            8.47806
          ],
          [
            124.64876,
            8.47828
          ],
          [
            124.64845,
            8.47857
          ],
          [
            124.64834,
            8.47865
          ],
          [
            124.64827,
            8.4787
          ],
          [
            124.64823,
            8.47872
          ],
          [
            124.6482,
            8.47874
          ],
          [
            124.64813,
            8.47877
          ],
          [
            124.64796,
            8.47882
          ],
          [
            124.64773,
            8.47889
          ],
          [
            124.6475,
            8.47896
          ],
          [
            124.64722,
            8.47906
          ],
          [
            124.64687,
            8.47922
          ],
          [
            124.64657,
            8.47936
          ],
          [
            124.64626,
            8.4795
          ],
          [
            124.64593,
            8.47965
          ],
          [
            124.64578,
            8.47973
          ],
          [
            124.64561,
            8.47979
          ],
          [
            124.6453,
            8.4799
          ],
          [
            124.64483,
            8.48004
          ],
          [
            124.64504,
            8.48068
          ],
          [
            124.64517,
            8.48109
          ],
          [
            124.64521,
            8.48123
          ],
          [
            124.64524,
            8.4813
          ],
          [
            124.64528,
            8.48138
          ],
          [
            124.64533,
            8.48151
          ],
          [
            124.64537,
            8.48161
          ],
          [
            124.64541,
            8.48166
          ],
          [
            124.64546,
            8.48177
          ],
          [
            124.6456,
            8.48204
          ],
          [
            124.64597,
            8.48266
          ],
          [
            124.64603,
            8.48276
          ],
          [
            124.64628,
            8.48315
          ],
          [
            124.64661,
            8.48366
          ],
          [
            124.64702,
            8.48436
          ],
          [
            124.64718,
            8.48463
          ],
          [
            124.64735,
            8.48491
          ],
          [
            124.64771,
            8.48553
          ],
          [
            124.64791,
            8.48587
          ],
          [
            124.64806,
            8.48612
          ],
          [
            124.64811,
            8.4862
          ],
          [
            124.64821,
            8.48633
          ],
          [
            124.64832,
            8.48649
          ],
          [
            124.64856,
            8.48689
          ],
          [
            124.64878,
            8.48724
          ],
          [
            124.64879,
            8.48726
          ],
          [
            124.64933,
            8.48814
          ],
          [
            124.64969,
            8.48873
          ],
          [
            124.64978,
            8.48888
          ],
          [
            124.65033,
            8.48983
          ],
          [
            124.65102,
            8.49107
          ],
          [
            124.6512,
            8.49143
          ],
          [
            124.65124,
            8.49153
          ],
          [
            124.65127,
            8.4916
          ],
          [
            124.65128,
            8.49162
          ],
          [
            124.65134,
            8.49176
          ],
          [
            124.65139,
            8.49191
          ],
          [
            124.65145,
            8.4921
          ],
          [
            124.65155,
            8.49245
          ],
          [
            124.65155,
            8.49246
          ],
          [
            124.6516,
            8.49263
          ],
          [
            124.65165,
            8.4928
          ],
          [
            124.65169,
            8.49298
          ],
          [
            124.65174,
            8.49315
          ],
          [
            124.65179,
            8.49333
          ],
          [
            124.65183,
            8.4935
          ],
          [
            124.65188,
            8.49367
          ],
          [
            124.65188,
            8.49368
          ],
          [
            124.65192,
            8.49385
          ],
          [
            124.65197,
            8.49402
          ],
          [
            124.65197,
            8.49403
          ],
          [
            124.65201,
            8.4942
          ],
          [
            124.65206,
            8.49437
          ],
          [
            124.65208,
            8.49444
          ],
          [
            124.6521,
            8.49454
          ],
          [
            124.65213,
            8.49464
          ],
          [
            124.65214,
            8.49472
          ],
          [
            124.65217,
            8.49484
          ],
          [
            124.65218,
            8.4949
          ],
          [
            124.6522,
            8.495
          ],
          [
            124.65221,
            8.49507
          ],
          [
            124.65222,
            8.49511
          ],
          [
            124.65224,
            8.49515
          ],
          [
            124.65225,
            8.49517
          ],
          [
            124.65227,
            8.49522
          ],
          [
            124.65229,
            8.49524
          ],
          [
            124.6523,
            8.49525
          ],
          [
            124.65235,
            8.4953
          ],
          [
            124.6524,
            8.49534
          ],
          [
            124.65243,
            8.49537
          ],
          [
            124.65258,
            8.49541
          ],
          [
            124.65267,
            8.49542
          ],
          [
            124.65284,
            8.49544
          ],
          [
            124.65318,
            8.49547
          ],
          [
            124.65325,
            8.49548
          ],
          [
            124.65362,
            8.49553
          ],
          [
            124.65377,
            8.49556
          ],
          [
            124.65386,
            8.49558
          ],
          [
            124.65397,
            8.49561
          ],
          [
            124.65411,
            8.49567
          ],
          [
            124.65424,
            8.49572
          ],
          [
            124.65432,
            8.49576
          ],
          [
            124.65443,
            8.49582
          ],
          [
            124.6547,
            8.49596
          ],
          [
            124.65543,
            8.49633
          ],
          [
            124.65571,
            8.49646
          ],
          [
            124.65574,
            8.49647
          ],
          [
            124.65594,
            8.49656
          ],
          [
            124.65611,
            8.49663
          ],
          [
            124.65687,
            8.49695
          ],
          [
            124.65725,
            8.49709
          ],
          [
            124.65737,
            8.49714
          ],
          [
            124.65758,
            8.49721
          ],
          [
            124.65788,
            8.49731
          ],
          [
            124.65838,
            8.49751
          ],
          [
            124.65878,
            8.49765
          ],
          [
            124.65923,
            8.49781
          ],
          [
            124.65958,
            8.49794
          ],
          [
            124.65976,
            8.49801
          ],
          [
            124.65998,
            8.4981
          ],
          [
            124.66009,
            8.49814
          ],
          [
            124.6607,
            8.49836
          ],
          [
            124.6616,
            8.4987
          ],
          [
            124.66186,
            8.4988
          ],
          [
            124.66207,
            8.49887
          ],
          [
            124.66215,
            8.4989
          ],
          [
            124.66302,
            8.49925
          ],
          [
            124.66321,
            8.49932
          ],
          [
            124.66329,
            8.49937
          ],
          [
            124.66338,
            8.49942
          ],
          [
            124.66345,
            8.49947
          ],
          [
            124.66351,
            8.49952
          ],
          [
            124.66355,
            8.49956
          ],
          [
            124.66358,
            8.49961
          ],
          [
            124.66363,
            8.49972
          ],
          [
            124.66367,
            8.49984
          ],
          [
            124.66394,
            8.50088
          ],
          [
            124.66403,
            8.50124
          ],
          [
            124.66406,
            8.50135
          ],
          [
            124.66408,
            8.50141
          ],
          [
            124.66411,
            8.50148
          ],
          [
            124.6643,
            8.50203
          ],
          [
            124.66436,
            8.50224
          ],
          [
            124.66438,
            8.50234
          ],
          [
            124.66439,
            8.50239
          ],
          [
            124.66439,
            8.50242
          ],
          [
            124.66438,
            8.50246
          ],
          [
            124.66435,
            8.50253
          ],
          [
            124.66433,
            8.50257
          ],
          [
            124.66431,
            8.5026
          ],
          [
            124.66428,
            8.50263
          ],
          [
            124.66414,
            8.50276
          ],
          [
            124.66376,
            8.50314
          ],
          [
            124.66348,
            8.50344
          ],
          [
            124.66341,
            8.5035
          ],
          [
            124.66337,
            8.50354
          ],
          [
            124.66332,
            8.50358
          ],
          [
            124.66326,
            8.50363
          ],
          [
            124.66323,
            8.50366
          ],
          [
            124.66318,
            8.50368
          ],
          [
            124.66305,
            8.50376
          ],
          [
            124.66281,
            8.50389
          ],
          [
            124.66264,
            8.50399
          ],
          [
            124.66251,
            8.50405
          ],
          [
            124.66237,
            8.5041
          ],
          [
            124.66222,
            8.50416
          ],
          [
            124.66199,
            8.50424
          ],
          [
            124.66171,
            8.50434
          ],
          [
            124.66167,
            8.50435
          ],
          [
            124.66132,
            8.50448
          ],
          [
            124.66113,
            8.50454
          ],
          [
            124.66065,
            8.50474
          ],
          [
            124.6602,
            8.50495
          ],
          [
            124.66017,
            8.50496
          ],
          [
            124.66013,
            8.50497
          ],
          [
            124.66009,
            8.50496
          ],
          [
            124.66007,
            8.50495
          ],
          [
            124.66005,
            8.50495
          ],
          [
            124.66004,
            8.50494
          ],
          [
            124.6599,
            8.50484
          ],
          [
            124.65979,
            8.50477
          ],
          [
            124.6597,
            8.5047
          ],
          [
            124.65966,
            8.50468
          ],
          [
            124.65948,
            8.50453
          ],
          [
            124.6594,
            8.50444
          ],
          [
            124.65935,
            8.50437
          ],
          [
            124.65931,
            8.50432
          ],
          [
            124.65922,
            8.50417
          ],
          [
            124.65918,
            8.5041
          ],
          [
            124.65917,
            8.50408
          ],
          [
            124.65922,
            8.50417
          ]
        ]
      },
      "properties": {
        "name": "Macabalan (R4) Centro – Cogon Public Market"
      }
    },
    {
      "type": "Feature",
      "geometry": {
        "type": "LineString",
        "coordinates": [
          [
            124.6593,
            8.5043
          ],
          [
            124.65922,
            8.50417
          ],
          [
            124.65918,
            8.5041
          ],
          [
            124.65912,
            8.50398
          ],
          [
            124.6591,
            8.50394
          ],
          [
            124.65896,
            8.5037
          ],
          [
            124.65986,
            8.50309
          ],
          [
            124.65994,
            8.50304
          ],
          [
            124.66022,
            8.50285
          ],
          [
            124.66099,
            8.50232
          ],
          [
            124.6612,
            8.50218
          ],
          [
            124.66143,
            8.50202
          ],
          [
            124.66165,
            8.50187
          ],
          [
            124.66177,
            8.50178
          ],
          [
            124.6618,
            8.50176
          ],
          [
            124.66202,
            8.50162
          ],
          [
            124.66215,
            8.50155
          ],
          [
            124.66227,
            8.50149
          ],
          [
            124.66239,
            8.50144
          ],
          [
            124.66257,
            8.50137
          ],
          [
            124.66266,
            8.50133
          ],
          [
            124.6627,
            8.50132
          ],
          [
            124.6629,
            8.50124
          ],
          [
            124.66308,
            8.50116
          ],
          [
            124.66394,
            8.50088
          ],
          [
            124.66367,
            8.49984
          ],
          [
            124.66363,
            8.49972
          ],
          [
            124.66358,
            8.49961
          ],
          [
            124.66355,
            8.49956
          ],
          [
            124.66351,
            8.49952
          ],
          [
            124.66345,
            8.49947
          ],
          [
            124.66338,
            8.49942
          ],
          [
            124.66329,
            8.49937
          ],
          [
            124.66321,
            8.49932
          ],
          [
            124.66302,
            8.49925
          ],
          [
            124.66215,
            8.4989
          ],
          [
            124.66207,
            8.49887
          ],
          [
            124.66186,
            8.4988
          ],
          [
            124.6616,
            8.4987
          ],
          [
            124.6607,
            8.49836
          ],
          [
            124.66009,
            8.49814
          ],
          [
            124.65998,
            8.4981
          ],
          [
            124.65976,
            8.49801
          ],
          [
            124.65958,
            8.49794
          ],
          [
            124.65923,
            8.49781
          ],
          [
            124.65878,
            8.49765
          ],
          [
            124.65838,
            8.49751
          ],
          [
            124.65788,
            8.49731
          ],
          [
            124.65758,
            8.49721
          ],
          [
            124.65737,
            8.49714
          ],
          [
            124.65725,
            8.49709
          ],
          [
            124.65687,
            8.49695
          ],
          [
            124.65611,
            8.49663
          ],
          [
            124.65594,
            8.49656
          ],
          [
            124.65574,
            8.49647
          ],
          [
            124.65571,
            8.49646
          ],
          [
            124.65543,
            8.49633
          ],
          [
            124.6547,
            8.49596
          ],
          [
            124.65443,
            8.49582
          ],
          [
            124.65432,
            8.49576
          ],
          [
            124.65424,
            8.49572
          ],
          [
            124.65411,
            8.49567
          ],
          [
            124.65397,
            8.49561
          ],
          [
            124.65386,
            8.49558
          ],
          [
            124.65377,
            8.49556
          ],
          [
            124.65362,
            8.49553
          ],
          [
            124.65325,
            8.49548
          ],
          [
            124.65318,
            8.49547
          ],
          [
            124.65284,
            8.49544
          ],
          [
            124.65267,
            8.49542
          ],
          [
            124.65258,
            8.49541
          ],
          [
            124.65243,
            8.49537
          ],
          [
            124.6524,
            8.49534
          ],
          [
            124.65235,
            8.4953
          ],
          [
            124.6523,
            8.49525
          ],
          [
            124.65229,
            8.49524
          ],
          [
            124.65227,
            8.49522
          ],
          [
            124.65225,
            8.49517
          ],
          [
            124.65224,
            8.49515
          ],
          [
            124.65222,
            8.49511
          ],
          [
            124.65221,
            8.49507
          ],
          [
            124.6522,
            8.495
          ],
          [
            124.65218,
            8.4949
          ],
          [
            124.65217,
            8.49484
          ],
          [
            124.65214,
            8.49472
          ],
          [
            124.65213,
            8.49464
          ],
          [
            124.6521,
            8.49454
          ],
          [
            124.65208,
            8.49444
          ],
          [
            124.65206,
            8.49437
          ],
          [
            124.65201,
            8.4942
          ],
          [
            124.65197,
            8.49403
          ],
          [
            124.65197,
            8.49402
          ],
          [
            124.65192,
            8.49385
          ],
          [
            124.65188,
            8.49368
          ],
          [
            124.65188,
            8.49367
          ],
          [
            124.65183,
            8.4935
          ],
          [
            124.65179,
            8.49333
          ],
          [
            124.65174,
            8.49315
          ],
          [
            124.65169,
            8.49298
          ],
          [
            124.65165,
            8.4928
          ],
          [
            124.6516,
            8.49263
          ],
          [
            124.65155,
            8.49246
          ],
          [
            124.65155,
            8.49245
          ],
          [
            124.65145,
            8.4921
          ],
          [
            124.65139,
            8.49191
          ],
          [
            124.65134,
            8.49176
          ],
          [
            124.65128,
            8.49162
          ],
          [
            124.65127,
            8.4916
          ],
          [
            124.65124,
            8.49153
          ],
          [
            124.6512,
            8.49143
          ],
          [
            124.65102,
            8.49107
          ],
          [
            124.65033,
            8.48983
          ],
          [
            124.64978,
            8.48888
          ],
          [
            124.64969,
            8.48873
          ],
          [
            124.64933,
            8.48814
          ],
          [
            124.64879,
            8.48726
          ],
          [
            124.64878,
            8.48724
          ],
          [
            124.64856,
            8.48689
          ],
          [
            124.64832,
            8.48649
          ],
          [
            124.64819,
            8.48652
          ],
          [
            124.64801,
            8.48657
          ],
          [
            124.64749,
            8.48669
          ],
          [
            124.64748,
            8.48669
          ],
          [
            124.64713,
            8.48679
          ],
          [
            124.64708,
            8.48669
          ],
          [
            124.64697,
            8.48671
          ],
          [
            124.64685,
            8.48674
          ],
          [
            124.64665,
            8.48678
          ],
          [
            124.64624,
            8.48688
          ],
          [
            124.64578,
            8.48703
          ],
          [
            124.64528,
            8.48719
          ],
          [
            124.64488,
            8.48732
          ],
          [
            124.64471,
            8.48737
          ],
          [
            124.64454,
            8.48743
          ],
          [
            124.64317,
            8.48787
          ],
          [
            124.64309,
            8.48789
          ],
          [
            124.64302,
            8.48792
          ],
          [
            124.64291,
            8.48796
          ],
          [
            124.64238,
            8.48812
          ],
          [
            124.64202,
            8.48822
          ],
          [
            124.64196,
            8.48825
          ],
          [
            124.64176,
            8.48831
          ],
          [
            124.64139,
            8.48842
          ],
          [
            124.64083,
            8.4886
          ],
          [
            124.64056,
            8.48868
          ],
          [
            124.63985,
            8.4889
          ],
          [
            124.6397,
            8.48902
          ],
          [
            124.63965,
            8.48891
          ],
          [
            124.63918,
            8.48759
          ],
          [
            124.63914,
            8.48748
          ],
          [
            124.63907,
            8.48725
          ],
          [
            124.63904,
            8.48715
          ],
          [
            124.63902,
            8.48707
          ],
          [
            124.639,
            8.487
          ],
          [
            124.63896,
            8.48681
          ],
          [
            124.63884,
            8.48631
          ],
          [
            124.6388,
            8.48614
          ],
          [
            124.63873,
            8.48583
          ],
          [
            124.63864,
            8.48552
          ],
          [
            124.63851,
            8.485
          ],
          [
            124.63846,
            8.48474
          ],
          [
            124.63848,
            8.48473
          ],
          [
            124.6385,
            8.48471
          ],
          [
            124.63853,
            8.48469
          ],
          [
            124.63855,
            8.48467
          ],
          [
            124.63857,
            8.48465
          ],
          [
            124.63858,
            8.48462
          ],
          [
            124.6386,
            8.4846
          ],
          [
            124.63861,
            8.48457
          ],
          [
            124.63864,
            8.48452
          ],
          [
            124.63865,
            8.48447
          ],
          [
            124.63865,
            8.48445
          ],
          [
            124.63856,
            8.48346
          ],
          [
            124.63854,
            8.48322
          ],
          [
            124.63852,
            8.48292
          ],
          [
            124.63849,
            8.48274
          ],
          [
            124.63845,
            8.48256
          ],
          [
            124.6384,
            8.48233
          ],
          [
            124.63832,
            8.48196
          ],
          [
            124.63812,
            8.4811
          ],
          [
            124.63804,
            8.48068
          ],
          [
            124.63794,
            8.48015
          ],
          [
            124.63792,
            8.47994
          ],
          [
            124.6379,
            8.47979
          ],
          [
            124.63789,
            8.47963
          ],
          [
            124.63787,
            8.47933
          ],
          [
            124.63786,
            8.47916
          ],
          [
            124.63785,
            8.47873
          ],
          [
            124.63786,
            8.47847
          ],
          [
            124.63783,
            8.47792
          ],
          [
            124.63782,
            8.47753
          ],
          [
            124.63782,
            8.47727
          ],
          [
            124.63781,
            8.47703
          ],
          [
            124.63782,
            8.47681
          ],
          [
            124.63783,
            8.47661
          ],
          [
            124.63747,
            8.47661
          ],
          [
            124.63656,
            8.47664
          ],
          [
            124.63563,
            8.47667
          ],
          [
            124.63544,
            8.47672
          ],
          [
            124.63526,
            8.47679
          ],
          [
            124.6351,
            8.47688
          ],
          [
            124.63477,
            8.47708
          ],
          [
            124.63424,
            8.47743
          ],
          [
            124.63404,
            8.47757
          ],
          [
            124.63371,
            8.47788
          ],
          [
            124.63354,
            8.47803
          ],
          [
            124.63329,
            8.47827
          ],
          [
            124.63328,
            8.47828
          ],
          [
            124.63219,
            8.47922
          ],
          [
            124.63188,
            8.47949
          ],
          [
            124.63139,
            8.47991
          ],
          [
            124.63094,
            8.48027
          ],
          [
            124.63039,
            8.48072
          ],
          [
            124.63019,
            8.48088
          ],
          [
            124.62933,
            8.48159
          ],
          [
            124.62985,
            8.48214
          ],
          [
            124.63007,
            8.48235
          ],
          [
            124.63046,
            8.48277
          ],
          [
            124.63069,
            8.48301
          ],
          [
            124.63097,
            8.4833
          ],
          [
            124.63273,
            8.48284
          ],
          [
            124.63346,
            8.48266
          ],
          [
            124.63409,
            8.4825
          ],
          [
            124.63437,
            8.48242
          ],
          [
            124.63455,
            8.48236
          ],
          [
            124.63472,
            8.48231
          ],
          [
            124.63494,
            8.48224
          ],
          [
            124.6352,
            8.48214
          ],
          [
            124.63581,
            8.48198
          ],
          [
            124.63643,
            8.48175
          ],
          [
            124.63688,
            8.48156
          ],
          [
            124.63683,
            8.48141
          ],
          [
            124.63677,
            8.48126
          ],
          [
            124.63668,
            8.48099
          ],
          [
            124.63663,
            8.48081
          ],
          [
            124.63658,
            8.48061
          ],
          [
            124.63651,
            8.48019
          ],
          [
            124.6364,
            8.47934
          ],
          [
            124.63674,
            8.4793
          ],
          [
            124.63664,
            8.47931
          ],
          [
            124.63681,
            8.4793
          ],
          [
            124.63704,
            8.47928
          ],
          [
            124.63731,
            8.47924
          ],
          [
            124.63786,
            8.47916
          ],
          [
            124.63787,
            8.47933
          ],
          [
            124.63789,
            8.47963
          ],
          [
            124.6379,
            8.47979
          ],
          [
            124.63792,
            8.47994
          ],
          [
            124.63794,
            8.48015
          ],
          [
            124.63804,
            8.48068
          ],
          [
            124.63812,
            8.4811
          ],
          [
            124.63832,
            8.48196
          ],
          [
            124.6384,
            8.48233
          ],
          [
            124.63845,
            8.48256
          ],
          [
            124.63849,
            8.48274
          ],
          [
            124.63852,
            8.48292
          ],
          [
            124.63854,
            8.48322
          ],
          [
            124.63856,
            8.48346
          ],
          [
            124.63865,
            8.48445
          ],
          [
            124.63865,
            8.48447
          ],
          [
            124.63864,
            8.48452
          ],
          [
            124.63861,
            8.48457
          ],
          [
            124.63861,
            8.48464
          ],
          [
            124.6386,
            8.48468
          ],
          [
            124.6386,
            8.48473
          ],
          [
            124.63856,
            8.48487
          ],
          [
            124.63851,
            8.485
          ],
          [
            124.63864,
            8.48552
          ],
          [
            124.63873,
            8.48583
          ],
          [
            124.6388,
            8.48614
          ],
          [
            124.63884,
            8.48631
          ],
          [
            124.63896,
            8.48681
          ],
          [
            124.639,
            8.487
          ],
          [
            124.63902,
            8.48707
          ],
          [
            124.63904,
            8.48715
          ],
          [
            124.63907,
            8.48725
          ],
          [
            124.63914,
            8.48748
          ],
          [
            124.63918,
            8.48759
          ],
          [
            124.63965,
            8.48891
          ],
          [
            124.63985,
            8.4889
          ],
          [
            124.64056,
            8.48868
          ],
          [
            124.64083,
            8.4886
          ],
          [
            124.64139,
            8.48842
          ],
          [
            124.64176,
            8.48831
          ],
          [
            124.64196,
            8.48825
          ],
          [
            124.64202,
            8.48822
          ],
          [
            124.64238,
            8.48812
          ],
          [
            124.64291,
            8.48796
          ],
          [
            124.64302,
            8.48792
          ],
          [
            124.64309,
            8.48789
          ],
          [
            124.64317,
            8.48787
          ],
          [
            124.64454,
            8.48743
          ],
          [
            124.64471,
            8.48737
          ],
          [
            124.64488,
            8.48732
          ],
          [
            124.64528,
            8.48719
          ],
          [
            124.64578,
            8.48703
          ],
          [
            124.64624,
            8.48688
          ],
          [
            124.64665,
            8.48678
          ],
          [
            124.64685,
            8.48674
          ],
          [
            124.64697,
            8.48671
          ],
          [
            124.64708,
            8.48669
          ],
          [
            124.64704,
            8.48658
          ],
          [
            124.64719,
            8.48655
          ],
          [
            124.64736,
            8.4865
          ],
          [
            124.6476,
            8.48645
          ],
          [
            124.64789,
            8.48638
          ],
          [
            124.64807,
            8.48635
          ],
          [
            124.64821,
            8.48633
          ],
          [
            124.64832,
            8.48649
          ],
          [
            124.64856,
            8.48689
          ],
          [
            124.64878,
            8.48724
          ],
          [
            124.64879,
            8.48726
          ],
          [
            124.64933,
            8.48814
          ],
          [
            124.64969,
            8.48873
          ],
          [
            124.64978,
            8.48888
          ],
          [
            124.65033,
            8.48983
          ],
          [
            124.65102,
            8.49107
          ],
          [
            124.6512,
            8.49143
          ],
          [
            124.65124,
            8.49153
          ],
          [
            124.65127,
            8.4916
          ],
          [
            124.65128,
            8.49162
          ],
          [
            124.65134,
            8.49176
          ],
          [
            124.65139,
            8.49191
          ],
          [
            124.65145,
            8.4921
          ],
          [
            124.65155,
            8.49245
          ],
          [
            124.65155,
            8.49246
          ],
          [
            124.6516,
            8.49263
          ],
          [
            124.65165,
            8.4928
          ],
          [
            124.65169,
            8.49298
          ],
          [
            124.65174,
            8.49315
          ],
          [
            124.65179,
            8.49333
          ],
          [
            124.65183,
            8.4935
          ],
          [
            124.65188,
            8.49367
          ],
          [
            124.65188,
            8.49368
          ],
          [
            124.65192,
            8.49385
          ],
          [
            124.65197,
            8.49402
          ],
          [
            124.65197,
            8.49403
          ],
          [
            124.65201,
            8.4942
          ],
          [
            124.65206,
            8.49437
          ],
          [
            124.65208,
            8.49444
          ],
          [
            124.6521,
            8.49454
          ],
          [
            124.65213,
            8.49464
          ],
          [
            124.65214,
            8.49472
          ],
          [
            124.65217,
            8.49484
          ],
          [
            124.65218,
            8.4949
          ],
          [
            124.6522,
            8.495
          ],
          [
            124.65221,
            8.49507
          ],
          [
            124.65222,
            8.49511
          ],
          [
            124.65224,
            8.49515
          ],
          [
            124.65225,
            8.49517
          ],
          [
            124.65227,
            8.49522
          ],
          [
            124.65229,
            8.49524
          ],
          [
            124.6523,
            8.49525
          ],
          [
            124.65235,
            8.4953
          ],
          [
            124.6524,
            8.49534
          ],
          [
            124.65243,
            8.49537
          ],
          [
            124.65258,
            8.49541
          ],
          [
            124.65267,
            8.49542
          ],
          [
            124.65284,
            8.49544
          ],
          [
            124.65318,
            8.49547
          ],
          [
            124.65325,
            8.49548
          ],
          [
            124.65362,
            8.49553
          ],
          [
            124.65377,
            8.49556
          ],
          [
            124.65386,
            8.49558
          ],
          [
            124.65397,
            8.49561
          ],
          [
            124.65411,
            8.49567
          ],
          [
            124.65424,
            8.49572
          ],
          [
            124.65432,
            8.49576
          ],
          [
            124.65443,
            8.49582
          ],
          [
            124.6547,
            8.49596
          ],
          [
            124.65543,
            8.49633
          ],
          [
            124.65571,
            8.49646
          ],
          [
            124.65574,
            8.49647
          ],
          [
            124.65594,
            8.49656
          ],
          [
            124.65611,
            8.49663
          ],
          [
            124.65687,
            8.49695
          ],
          [
            124.65725,
            8.49709
          ],
          [
            124.65737,
            8.49714
          ],
          [
            124.65758,
            8.49721
          ],
          [
            124.65788,
            8.49731
          ],
          [
            124.65838,
            8.49751
          ],
          [
            124.65878,
            8.49765
          ],
          [
            124.65923,
            8.49781
          ],
          [
            124.65958,
            8.49794
          ],
          [
            124.65976,
            8.49801
          ],
          [
            124.65998,
            8.4981
          ],
          [
            124.66009,
            8.49814
          ],
          [
            124.6607,
            8.49836
          ],
          [
            124.6616,
            8.4987
          ],
          [
            124.66186,
            8.4988
          ],
          [
            124.66207,
            8.49887
          ],
          [
            124.66215,
            8.4989
          ],
          [
            124.66302,
            8.49925
          ],
          [
            124.66321,
            8.49932
          ],
          [
            124.66329,
            8.49937
          ],
          [
            124.66338,
            8.49942
          ],
          [
            124.66345,
            8.49947
          ],
          [
            124.66351,
            8.49952
          ],
          [
            124.66355,
            8.49956
          ],
          [
            124.66358,
            8.49961
          ],
          [
            124.66363,
            8.49972
          ],
          [
            124.66367,
            8.49984
          ],
          [
            124.66394,
            8.50088
          ],
          [
            124.66403,
            8.50124
          ],
          [
            124.66406,
            8.50135
          ],
          [
            124.66408,
            8.50141
          ],
          [
            124.66411,
            8.50148
          ],
          [
            124.6643,
            8.50203
          ],
          [
            124.66436,
            8.50224
          ],
          [
            124.66438,
            8.50234
          ],
          [
            124.66439,
            8.50239
          ],
          [
            124.66439,
            8.50242
          ],
          [
            124.66438,
            8.50246
          ],
          [
            124.66435,
            8.50253
          ],
          [
            124.66433,
            8.50257
          ],
          [
            124.66431,
            8.5026
          ],
          [
            124.66428,
            8.50263
          ],
          [
            124.66414,
            8.50276
          ],
          [
            124.66376,
            8.50314
          ],
          [
            124.66348,
            8.50344
          ],
          [
            124.66341,
            8.5035
          ],
          [
            124.66337,
            8.50354
          ],
          [
            124.66332,
            8.50358
          ],
          [
            124.66326,
            8.50363
          ],
          [
            124.66323,
            8.50366
          ],
          [
            124.66318,
            8.50368
          ],
          [
            124.66305,
            8.50376
          ],
          [
            124.66281,
            8.50389
          ],
          [
            124.66264,
            8.50399
          ],
          [
            124.66251,
            8.50405
          ],
          [
            124.66237,
            8.5041
          ],
          [
            124.66222,
            8.50416
          ],
          [
            124.66199,
            8.50424
          ],
          [
            124.66171,
            8.50434
          ],
          [
            124.66167,
            8.50435
          ],
          [
            124.66132,
            8.50448
          ],
          [
            124.66113,
            8.50454
          ],
          [
            124.66065,
            8.50474
          ],
          [
            124.6602,
            8.50495
          ],
          [
            124.66017,
            8.50496
          ],
          [
            124.66013,
            8.50497
          ],
          [
            124.66009,
            8.50496
          ],
          [
            124.66007,
            8.50495
          ],
          [
            124.66005,
            8.50495
          ],
          [
            124.66004,
            8.50494
          ],
          [
            124.6599,
            8.50484
          ],
          [
            124.65979,
            8.50477
          ],
          [
            124.6597,
            8.5047
          ],
          [
            124.65966,
            8.50468
          ],
          [
            124.65948,
            8.50453
          ],
          [
            124.6594,
            8.50444
          ],
          [
            124.65935,
            8.50437
          ],
          [
            124.65931,
            8.50432
          ],
          [
            124.65922,
            8.50417
          ],
          [
            124.65919,
            8.50411
          ],
          [
            124.6593,
            8.5043
          ]
        ]
      },
      "properties": {
        "name": "Macabalan (R5) Centro – Carmen Public Market"
      }
    },
    {
      "type": "Feature",
      "geometry": {
        "type": "LineString",
        "coordinates": [
          [
            124.7505,
            8.4996
          ],
          [
            124.7506,
            8.49972
          ],
          [
            124.75081,
            8.49994
          ],
          [
            124.7511,
            8.50022
          ],
          [
            124.75083,
            8.50054
          ],
          [
            124.75055,
            8.50089
          ],
          [
            124.75045,
            8.50099
          ],
          [
            124.75035,
            8.50091
          ],
          [
            124.74988,
            8.50049
          ],
          [
            124.74957,
            8.5002
          ],
          [
            124.74937,
            8.49997
          ],
          [
            124.74932,
            8.49991
          ],
          [
            124.74929,
            8.49987
          ],
          [
            124.74924,
            8.49976
          ],
          [
            124.74923,
            8.49972
          ],
          [
            124.74905,
            8.49949
          ],
          [
            124.74904,
            8.49947
          ],
          [
            124.74902,
            8.49944
          ],
          [
            124.74887,
            8.49926
          ],
          [
            124.74886,
            8.49923
          ],
          [
            124.74871,
            8.49903
          ],
          [
            124.74825,
            8.49834
          ],
          [
            124.74806,
            8.49807
          ],
          [
            124.74806,
            8.49806
          ],
          [
            124.74797,
            8.49793
          ],
          [
            124.74789,
            8.49781
          ],
          [
            124.74773,
            8.49759
          ],
          [
            124.74757,
            8.49737
          ],
          [
            124.7473,
            8.49702
          ],
          [
            124.74715,
            8.4968
          ],
          [
            124.74708,
            8.49672
          ],
          [
            124.74701,
            8.49663
          ],
          [
            124.74691,
            8.49651
          ],
          [
            124.7468,
            8.49639
          ],
          [
            124.74656,
            8.49611
          ],
          [
            124.74644,
            8.49598
          ],
          [
            124.74632,
            8.49585
          ],
          [
            124.74617,
            8.49569
          ],
          [
            124.74602,
            8.49555
          ],
          [
            124.74588,
            8.49542
          ],
          [
            124.74569,
            8.49524
          ],
          [
            124.74545,
            8.49501
          ],
          [
            124.74461,
            8.49427
          ],
          [
            124.74451,
            8.49418
          ],
          [
            124.74424,
            8.49394
          ],
          [
            124.74391,
            8.49364
          ],
          [
            124.74383,
            8.49356
          ],
          [
            124.74369,
            8.49344
          ],
          [
            124.7435,
            8.49326
          ],
          [
            124.74329,
            8.49307
          ],
          [
            124.74306,
            8.49286
          ],
          [
            124.74283,
            8.49265
          ],
          [
            124.74236,
            8.49223
          ],
          [
            124.74227,
            8.49214
          ],
          [
            124.74222,
            8.4921
          ],
          [
            124.74209,
            8.49198
          ],
          [
            124.74195,
            8.49185
          ],
          [
            124.74142,
            8.49136
          ],
          [
            124.74079,
            8.49078
          ],
          [
            124.74023,
            8.49025
          ],
          [
            124.7398,
            8.4898
          ],
          [
            124.73965,
            8.48968
          ],
          [
            124.73941,
            8.48948
          ],
          [
            124.73934,
            8.48942
          ],
          [
            124.73905,
            8.48918
          ],
          [
            124.73899,
            8.48913
          ],
          [
            124.73865,
            8.48889
          ],
          [
            124.73833,
            8.48869
          ],
          [
            124.73824,
            8.48862
          ],
          [
            124.73818,
            8.48858
          ],
          [
            124.73798,
            8.48843
          ],
          [
            124.73774,
            8.48827
          ],
          [
            124.73751,
            8.48813
          ],
          [
            124.73739,
            8.48804
          ],
          [
            124.73705,
            8.4878
          ],
          [
            124.73676,
            8.48759
          ],
          [
            124.73636,
            8.48729
          ],
          [
            124.73553,
            8.48669
          ],
          [
            124.73489,
            8.48626
          ],
          [
            124.73477,
            8.48618
          ],
          [
            124.73442,
            8.48594
          ],
          [
            124.73398,
            8.48567
          ],
          [
            124.73394,
            8.48564
          ],
          [
            124.73345,
            8.48536
          ],
          [
            124.73322,
            8.48523
          ],
          [
            124.73302,
            8.48511
          ],
          [
            124.73291,
            8.48505
          ],
          [
            124.73251,
            8.48482
          ],
          [
            124.73169,
            8.48432
          ],
          [
            124.7315,
            8.48421
          ],
          [
            124.73131,
            8.48408
          ],
          [
            124.73119,
            8.48401
          ],
          [
            124.73106,
            8.48392
          ],
          [
            124.73085,
            8.48377
          ],
          [
            124.73076,
            8.4837
          ],
          [
            124.73068,
            8.48364
          ],
          [
            124.73057,
            8.48355
          ],
          [
            124.7305,
            8.48349
          ],
          [
            124.73014,
            8.48319
          ],
          [
            124.72996,
            8.48305
          ],
          [
            124.72973,
            8.48288
          ],
          [
            124.72951,
            8.4827
          ],
          [
            124.72944,
            8.48268
          ],
          [
            124.72929,
            8.48256
          ],
          [
            124.72912,
            8.48242
          ],
          [
            124.72777,
            8.48143
          ],
          [
            124.72737,
            8.48116
          ],
          [
            124.72719,
            8.48103
          ],
          [
            124.72704,
            8.48092
          ],
          [
            124.72669,
            8.4807
          ],
          [
            124.72647,
            8.48056
          ],
          [
            124.72644,
            8.48054
          ],
          [
            124.72597,
            8.48027
          ],
          [
            124.72589,
            8.48022
          ],
          [
            124.72582,
            8.48017
          ],
          [
            124.72575,
            8.48013
          ],
          [
            124.72573,
            8.4801
          ],
          [
            124.72557,
            8.48
          ],
          [
            124.72552,
            8.47997
          ],
          [
            124.72547,
            8.47994
          ],
          [
            124.72538,
            8.47989
          ],
          [
            124.72526,
            8.47983
          ],
          [
            124.72507,
            8.47974
          ],
          [
            124.72473,
            8.47955
          ],
          [
            124.7246,
            8.47948
          ],
          [
            124.72453,
            8.47944
          ],
          [
            124.7243,
            8.47932
          ],
          [
            124.72393,
            8.47913
          ],
          [
            124.72352,
            8.4789
          ],
          [
            124.72325,
            8.47875
          ],
          [
            124.72298,
            8.47861
          ],
          [
            124.72231,
            8.47829
          ],
          [
            124.72214,
            8.47821
          ],
          [
            124.72106,
            8.47772
          ],
          [
            124.72073,
            8.47756
          ],
          [
            124.72024,
            8.47734
          ],
          [
            124.72016,
            8.4773
          ],
          [
            124.71937,
            8.47695
          ],
          [
            124.71863,
            8.47659
          ],
          [
            124.71829,
            8.47643
          ],
          [
            124.71798,
            8.4763
          ],
          [
            124.71761,
            8.47614
          ],
          [
            124.71736,
            8.47602
          ],
          [
            124.71715,
            8.47592
          ],
          [
            124.71688,
            8.47578
          ],
          [
            124.71659,
            8.47564
          ],
          [
            124.71637,
            8.47553
          ],
          [
            124.71606,
            8.47536
          ],
          [
            124.71571,
            8.47518
          ],
          [
            124.71549,
            8.47505
          ],
          [
            124.71514,
            8.47485
          ],
          [
            124.71463,
            8.47457
          ],
          [
            124.71448,
            8.47449
          ],
          [
            124.71437,
            8.47443
          ],
          [
            124.7142,
            8.47433
          ],
          [
            124.71419,
            8.47432
          ],
          [
            124.71394,
            8.47416
          ],
          [
            124.71363,
            8.47393
          ],
          [
            124.71359,
            8.47391
          ],
          [
            124.71334,
            8.47372
          ],
          [
            124.71305,
            8.4735
          ],
          [
            124.71266,
            8.47317
          ],
          [
            124.7122,
            8.4728
          ],
          [
            124.71214,
            8.47275
          ],
          [
            124.71161,
            8.47231
          ],
          [
            124.71149,
            8.47222
          ],
          [
            124.71133,
            8.4721
          ],
          [
            124.71115,
            8.47197
          ],
          [
            124.71104,
            8.47189
          ],
          [
            124.7109,
            8.47179
          ],
          [
            124.71062,
            8.47163
          ],
          [
            124.71056,
            8.47159
          ],
          [
            124.71034,
            8.47146
          ],
          [
            124.7102,
            8.47137
          ],
          [
            124.71,
            8.47126
          ],
          [
            124.70986,
            8.47119
          ],
          [
            124.70944,
            8.47099
          ],
          [
            124.70915,
            8.47087
          ],
          [
            124.70893,
            8.47079
          ],
          [
            124.70868,
            8.47071
          ],
          [
            124.70866,
            8.4707
          ],
          [
            124.7084,
            8.47062
          ],
          [
            124.70816,
            8.47057
          ],
          [
            124.70767,
            8.47044
          ],
          [
            124.70717,
            8.47032
          ],
          [
            124.70686,
            8.47025
          ],
          [
            124.70667,
            8.4702
          ],
          [
            124.7062,
            8.47008
          ],
          [
            124.70609,
            8.47006
          ],
          [
            124.70565,
            8.46996
          ],
          [
            124.70518,
            8.46985
          ],
          [
            124.70512,
            8.46984
          ],
          [
            124.70455,
            8.46971
          ],
          [
            124.70442,
            8.46968
          ],
          [
            124.7041,
            8.46965
          ],
          [
            124.70376,
            8.46965
          ],
          [
            124.70352,
            8.46967
          ],
          [
            124.70331,
            8.46969
          ],
          [
            124.70321,
            8.46971
          ],
          [
            124.70304,
            8.46974
          ],
          [
            124.7028,
            8.4698
          ],
          [
            124.70269,
            8.46984
          ],
          [
            124.70267,
            8.46985
          ],
          [
            124.70252,
            8.4699
          ],
          [
            124.70245,
            8.46993
          ],
          [
            124.70231,
            8.46999
          ],
          [
            124.70182,
            8.4702
          ],
          [
            124.70173,
            8.47026
          ],
          [
            124.70123,
            8.47048
          ],
          [
            124.7007,
            8.47073
          ],
          [
            124.70011,
            8.47101
          ],
          [
            124.69951,
            8.4713
          ],
          [
            124.69923,
            8.47142
          ],
          [
            124.69911,
            8.47149
          ],
          [
            124.69789,
            8.47207
          ],
          [
            124.69733,
            8.47234
          ],
          [
            124.69713,
            8.47244
          ],
          [
            124.69644,
            8.47277
          ],
          [
            124.69535,
            8.47331
          ],
          [
            124.69468,
            8.47363
          ],
          [
            124.6943,
            8.4738
          ],
          [
            124.69425,
            8.47382
          ],
          [
            124.69398,
            8.47394
          ],
          [
            124.69384,
            8.47403
          ],
          [
            124.69349,
            8.47419
          ],
          [
            124.69304,
            8.4744
          ],
          [
            124.69255,
            8.47461
          ],
          [
            124.6923,
            8.47471
          ],
          [
            124.69224,
            8.47475
          ],
          [
            124.69219,
            8.47477
          ],
          [
            124.69212,
            8.47479
          ],
          [
            124.69199,
            8.47483
          ],
          [
            124.69185,
            8.47485
          ],
          [
            124.69172,
            8.47487
          ],
          [
            124.69164,
            8.47487
          ],
          [
            124.69154,
            8.47488
          ],
          [
            124.69143,
            8.47488
          ],
          [
            124.69078,
            8.47486
          ],
          [
            124.69004,
            8.47483
          ],
          [
            124.69003,
            8.47483
          ],
          [
            124.68868,
            8.47477
          ],
          [
            124.68795,
            8.47475
          ],
          [
            124.68774,
            8.47474
          ],
          [
            124.68747,
            8.47472
          ],
          [
            124.68723,
            8.4747
          ],
          [
            124.68708,
            8.47468
          ],
          [
            124.68703,
            8.47467
          ],
          [
            124.68702,
            8.47466
          ],
          [
            124.68701,
            8.47466
          ],
          [
            124.68701,
            8.47465
          ],
          [
            124.687,
            8.47465
          ],
          [
            124.68586,
            8.47451
          ],
          [
            124.68494,
            8.47435
          ],
          [
            124.68378,
            8.47418
          ],
          [
            124.68371,
            8.47418
          ],
          [
            124.68351,
            8.47417
          ],
          [
            124.68333,
            8.47417
          ],
          [
            124.68322,
            8.47417
          ],
          [
            124.68316,
            8.47418
          ],
          [
            124.68307,
            8.47419
          ],
          [
            124.68294,
            8.4742
          ],
          [
            124.68282,
            8.47422
          ],
          [
            124.68257,
            8.47426
          ],
          [
            124.68246,
            8.47427
          ],
          [
            124.68216,
            8.47432
          ],
          [
            124.68213,
            8.47432
          ],
          [
            124.68194,
            8.47435
          ],
          [
            124.68174,
            8.47439
          ],
          [
            124.68158,
            8.47444
          ],
          [
            124.68144,
            8.47448
          ],
          [
            124.68128,
            8.47454
          ],
          [
            124.6811,
            8.47462
          ],
          [
            124.68089,
            8.47473
          ],
          [
            124.68059,
            8.47493
          ],
          [
            124.68037,
            8.47509
          ],
          [
            124.67984,
            8.47545
          ],
          [
            124.67958,
            8.47564
          ],
          [
            124.67933,
            8.4758
          ],
          [
            124.67906,
            8.47598
          ],
          [
            124.67836,
            8.47645
          ],
          [
            124.6774,
            8.47703
          ],
          [
            124.67687,
            8.47732
          ],
          [
            124.67665,
            8.47743
          ],
          [
            124.67543,
            8.47812
          ],
          [
            124.67511,
            8.4783
          ],
          [
            124.67295,
            8.47951
          ],
          [
            124.67251,
            8.47974
          ],
          [
            124.67241,
            8.47978
          ],
          [
            124.67211,
            8.47994
          ],
          [
            124.67176,
            8.48013
          ],
          [
            124.67165,
            8.48019
          ],
          [
            124.67157,
            8.48022
          ],
          [
            124.67131,
            8.48036
          ],
          [
            124.67106,
            8.48049
          ],
          [
            124.67071,
            8.48067
          ],
          [
            124.67059,
            8.48073
          ],
          [
            124.67027,
            8.48091
          ],
          [
            124.66993,
            8.48107
          ],
          [
            124.66984,
            8.48111
          ],
          [
            124.6697,
            8.48118
          ],
          [
            124.66957,
            8.48123
          ],
          [
            124.66931,
            8.48134
          ],
          [
            124.66889,
            8.4815
          ],
          [
            124.66844,
            8.48167
          ],
          [
            124.66835,
            8.48169
          ],
          [
            124.66813,
            8.48177
          ],
          [
            124.66688,
            8.48214
          ],
          [
            124.66666,
            8.4822
          ],
          [
            124.66612,
            8.48235
          ],
          [
            124.66607,
            8.48236
          ],
          [
            124.66527,
            8.48257
          ],
          [
            124.66451,
            8.48277
          ],
          [
            124.66428,
            8.48283
          ],
          [
            124.66407,
            8.48289
          ],
          [
            124.66398,
            8.48291
          ],
          [
            124.66369,
            8.48298
          ],
          [
            124.66351,
            8.48301
          ],
          [
            124.66262,
            8.48322
          ],
          [
            124.66178,
            8.48342
          ],
          [
            124.66166,
            8.48345
          ],
          [
            124.66074,
            8.48367
          ],
          [
            124.66003,
            8.48383
          ],
          [
            124.65945,
            8.48397
          ],
          [
            124.6594,
            8.48398
          ],
          [
            124.65914,
            8.48409
          ],
          [
            124.65901,
            8.48412
          ],
          [
            124.65893,
            8.48414
          ],
          [
            124.6587,
            8.48419
          ],
          [
            124.65849,
            8.48423
          ],
          [
            124.65801,
            8.48434
          ],
          [
            124.6577,
            8.48441
          ],
          [
            124.65709,
            8.48455
          ],
          [
            124.65697,
            8.48458
          ],
          [
            124.65662,
            8.48466
          ],
          [
            124.65642,
            8.48469
          ],
          [
            124.65577,
            8.48485
          ],
          [
            124.65558,
            8.48489
          ],
          [
            124.65524,
            8.48496
          ],
          [
            124.65514,
            8.48498
          ],
          [
            124.65506,
            8.485
          ],
          [
            124.65451,
            8.48511
          ],
          [
            124.65382,
            8.48525
          ],
          [
            124.65365,
            8.48528
          ],
          [
            124.65226,
            8.48558
          ],
          [
            124.65214,
            8.48561
          ],
          [
            124.65121,
            8.48582
          ],
          [
            124.6505,
            8.48598
          ],
          [
            124.6506,
            8.48625
          ],
          [
            124.6507,
            8.48651
          ],
          [
            124.65084,
            8.4868
          ],
          [
            124.65134,
            8.48783
          ],
          [
            124.65157,
            8.48829
          ],
          [
            124.65178,
            8.48872
          ],
          [
            124.65187,
            8.48891
          ],
          [
            124.652,
            8.48913
          ],
          [
            124.65219,
            8.48949
          ],
          [
            124.6523,
            8.4897
          ],
          [
            124.65233,
            8.48976
          ],
          [
            124.65246,
            8.48999
          ],
          [
            124.65256,
            8.49014
          ],
          [
            124.65266,
            8.49029
          ],
          [
            124.65284,
            8.4906
          ],
          [
            124.65305,
            8.49092
          ],
          [
            124.65308,
            8.49098
          ],
          [
            124.65362,
            8.49185
          ],
          [
            124.65372,
            8.49201
          ],
          [
            124.65384,
            8.49207
          ],
          [
            124.65388,
            8.49208
          ],
          [
            124.65391,
            8.49209
          ],
          [
            124.65395,
            8.49209
          ],
          [
            124.65399,
            8.49208
          ],
          [
            124.65402,
            8.49207
          ],
          [
            124.65409,
            8.49205
          ],
          [
            124.65433,
            8.4918
          ],
          [
            124.65449,
            8.49163
          ],
          [
            124.65469,
            8.49145
          ],
          [
            124.65543,
            8.49095
          ],
          [
            124.65562,
            8.49086
          ],
          [
            124.65586,
            8.4907
          ],
          [
            124.65626,
            8.49044
          ],
          [
            124.65661,
            8.49022
          ],
          [
            124.65696,
            8.49001
          ],
          [
            124.65756,
            8.48961
          ],
          [
            124.65761,
            8.48959
          ],
          [
            124.6577,
            8.48955
          ],
          [
            124.65731,
            8.48835
          ],
          [
            124.65773,
            8.48821
          ],
          [
            124.658,
            8.48813
          ],
          [
            124.65819,
            8.48806
          ],
          [
            124.65952,
            8.48764
          ],
          [
            124.65931,
            8.48693
          ],
          [
            124.6592,
            8.48653
          ],
          [
            124.65901,
            8.48592
          ],
          [
            124.65881,
            8.48527
          ],
          [
            124.65866,
            8.48477
          ],
          [
            124.65864,
            8.48472
          ],
          [
            124.65857,
            8.4845
          ],
          [
            124.65849,
            8.48423
          ],
          [
            124.65847,
            8.48415
          ],
          [
            124.65868,
            8.4841
          ],
          [
            124.65891,
            8.48405
          ],
          [
            124.65898,
            8.48404
          ],
          [
            124.65911,
            8.484
          ],
          [
            124.6594,
            8.48398
          ],
          [
            124.65945,
            8.48397
          ],
          [
            124.66003,
            8.48383
          ],
          [
            124.66074,
            8.48367
          ],
          [
            124.66166,
            8.48345
          ],
          [
            124.66178,
            8.48342
          ],
          [
            124.66262,
            8.48322
          ],
          [
            124.66351,
            8.48301
          ],
          [
            124.66369,
            8.48298
          ],
          [
            124.66398,
            8.48291
          ],
          [
            124.66407,
            8.48289
          ],
          [
            124.66428,
            8.48283
          ],
          [
            124.66451,
            8.48277
          ],
          [
            124.66527,
            8.48257
          ],
          [
            124.66607,
            8.48236
          ],
          [
            124.66612,
            8.48235
          ],
          [
            124.66666,
            8.4822
          ],
          [
            124.66688,
            8.48214
          ],
          [
            124.66813,
            8.48177
          ],
          [
            124.66835,
            8.48169
          ],
          [
            124.66844,
            8.48167
          ],
          [
            124.66889,
            8.4815
          ],
          [
            124.66931,
            8.48134
          ],
          [
            124.66957,
            8.48123
          ],
          [
            124.6697,
            8.48118
          ],
          [
            124.66984,
            8.48111
          ],
          [
            124.66993,
            8.48107
          ],
          [
            124.67027,
            8.48091
          ],
          [
            124.67059,
            8.48073
          ],
          [
            124.67071,
            8.48067
          ],
          [
            124.67106,
            8.48049
          ],
          [
            124.67131,
            8.48036
          ],
          [
            124.67157,
            8.48022
          ],
          [
            124.67165,
            8.48019
          ],
          [
            124.67176,
            8.48013
          ],
          [
            124.67211,
            8.47994
          ],
          [
            124.67241,
            8.47978
          ],
          [
            124.67251,
            8.47974
          ],
          [
            124.67295,
            8.47951
          ],
          [
            124.67511,
            8.4783
          ],
          [
            124.67543,
            8.47812
          ],
          [
            124.67665,
            8.47743
          ],
          [
            124.67687,
            8.47732
          ],
          [
            124.6774,
            8.47703
          ],
          [
            124.67836,
            8.47645
          ],
          [
            124.67906,
            8.47598
          ],
          [
            124.67933,
            8.4758
          ],
          [
            124.67958,
            8.47564
          ],
          [
            124.67984,
            8.47545
          ],
          [
            124.68037,
            8.47509
          ],
          [
            124.68059,
            8.47493
          ],
          [
            124.68089,
            8.47473
          ],
          [
            124.6811,
            8.47462
          ],
          [
            124.68128,
            8.47454
          ],
          [
            124.68144,
            8.47448
          ],
          [
            124.68158,
            8.47444
          ],
          [
            124.68174,
            8.47439
          ],
          [
            124.68194,
            8.47435
          ],
          [
            124.68213,
            8.47432
          ],
          [
            124.68216,
            8.47432
          ],
          [
            124.68246,
            8.47427
          ],
          [
            124.68257,
            8.47426
          ],
          [
            124.68282,
            8.47422
          ],
          [
            124.68294,
            8.4742
          ],
          [
            124.68307,
            8.47419
          ],
          [
            124.68316,
            8.47418
          ],
          [
            124.68322,
            8.47417
          ],
          [
            124.68333,
            8.47417
          ],
          [
            124.68351,
            8.47417
          ],
          [
            124.68371,
            8.47418
          ],
          [
            124.68378,
            8.47418
          ],
          [
            124.68494,
            8.47435
          ],
          [
            124.68586,
            8.47451
          ],
          [
            124.687,
            8.47465
          ],
          [
            124.68711,
            8.47463
          ],
          [
            124.68725,
            8.47462
          ],
          [
            124.68748,
            8.47462
          ],
          [
            124.68776,
            8.47463
          ],
          [
            124.68783,
            8.47464
          ],
          [
            124.68796,
            8.47464
          ],
          [
            124.6887,
            8.47467
          ],
          [
            124.68921,
            8.47471
          ],
          [
            124.68961,
            8.47473
          ],
          [
            124.69003,
            8.47474
          ],
          [
            124.69006,
            8.47474
          ],
          [
            124.69081,
            8.47476
          ],
          [
            124.69091,
            8.47477
          ],
          [
            124.69125,
            8.47478
          ],
          [
            124.6914,
            8.47479
          ],
          [
            124.69153,
            8.47479
          ],
          [
            124.69162,
            8.47479
          ],
          [
            124.69171,
            8.47478
          ],
          [
            124.69183,
            8.47477
          ],
          [
            124.69198,
            8.47475
          ],
          [
            124.69215,
            8.47472
          ],
          [
            124.69221,
            8.4747
          ],
          [
            124.69223,
            8.4747
          ],
          [
            124.69224,
            8.4747
          ],
          [
            124.69226,
            8.4747
          ],
          [
            124.69228,
            8.4747
          ],
          [
            124.69229,
            8.4747
          ],
          [
            124.6923,
            8.47471
          ],
          [
            124.69255,
            8.47461
          ],
          [
            124.69304,
            8.4744
          ],
          [
            124.69349,
            8.47419
          ],
          [
            124.69384,
            8.47403
          ],
          [
            124.69398,
            8.47394
          ],
          [
            124.69425,
            8.47382
          ],
          [
            124.6943,
            8.4738
          ],
          [
            124.69468,
            8.47363
          ],
          [
            124.69535,
            8.47331
          ],
          [
            124.69644,
            8.47277
          ],
          [
            124.69713,
            8.47244
          ],
          [
            124.69733,
            8.47234
          ],
          [
            124.69789,
            8.47207
          ],
          [
            124.69911,
            8.47149
          ],
          [
            124.69923,
            8.47142
          ],
          [
            124.69951,
            8.4713
          ],
          [
            124.70011,
            8.47101
          ],
          [
            124.7007,
            8.47073
          ],
          [
            124.70123,
            8.47048
          ],
          [
            124.70173,
            8.47026
          ],
          [
            124.70182,
            8.4702
          ],
          [
            124.70231,
            8.46999
          ],
          [
            124.70245,
            8.46993
          ],
          [
            124.70252,
            8.4699
          ],
          [
            124.70267,
            8.46985
          ],
          [
            124.70269,
            8.46984
          ],
          [
            124.7028,
            8.4698
          ],
          [
            124.70304,
            8.46974
          ],
          [
            124.70321,
            8.46971
          ],
          [
            124.70331,
            8.46969
          ],
          [
            124.70352,
            8.46967
          ],
          [
            124.70376,
            8.46965
          ],
          [
            124.7041,
            8.46965
          ],
          [
            124.70442,
            8.46968
          ],
          [
            124.70455,
            8.46971
          ],
          [
            124.70512,
            8.46984
          ],
          [
            124.70518,
            8.46985
          ],
          [
            124.70565,
            8.46996
          ],
          [
            124.70609,
            8.47006
          ],
          [
            124.7062,
            8.47008
          ],
          [
            124.70667,
            8.4702
          ],
          [
            124.70686,
            8.47025
          ],
          [
            124.70717,
            8.47032
          ],
          [
            124.70767,
            8.47044
          ],
          [
            124.70816,
            8.47057
          ],
          [
            124.7084,
            8.47062
          ],
          [
            124.70866,
            8.4707
          ],
          [
            124.70868,
            8.47071
          ],
          [
            124.70893,
            8.47079
          ],
          [
            124.70915,
            8.47087
          ],
          [
            124.70944,
            8.47099
          ],
          [
            124.70986,
            8.47119
          ],
          [
            124.71,
            8.47126
          ],
          [
            124.7102,
            8.47137
          ],
          [
            124.71034,
            8.47146
          ],
          [
            124.71056,
            8.47159
          ],
          [
            124.71062,
            8.47163
          ],
          [
            124.7109,
            8.47179
          ],
          [
            124.71104,
            8.47189
          ],
          [
            124.71115,
            8.47197
          ],
          [
            124.71133,
            8.4721
          ],
          [
            124.71149,
            8.47222
          ],
          [
            124.71161,
            8.47231
          ],
          [
            124.71214,
            8.47275
          ],
          [
            124.7122,
            8.4728
          ],
          [
            124.71266,
            8.47317
          ],
          [
            124.71305,
            8.4735
          ],
          [
            124.71334,
            8.47372
          ],
          [
            124.71359,
            8.47391
          ],
          [
            124.71363,
            8.47393
          ],
          [
            124.71394,
            8.47416
          ],
          [
            124.71419,
            8.47432
          ],
          [
            124.7142,
            8.47433
          ],
          [
            124.71437,
            8.47443
          ],
          [
            124.71448,
            8.47449
          ],
          [
            124.71463,
            8.47457
          ],
          [
            124.71514,
            8.47485
          ],
          [
            124.71549,
            8.47505
          ],
          [
            124.71571,
            8.47518
          ],
          [
            124.71606,
            8.47536
          ],
          [
            124.71637,
            8.47553
          ],
          [
            124.71659,
            8.47564
          ],
          [
            124.71688,
            8.47578
          ],
          [
            124.71715,
            8.47592
          ],
          [
            124.71736,
            8.47602
          ],
          [
            124.71761,
            8.47614
          ],
          [
            124.71798,
            8.4763
          ],
          [
            124.71829,
            8.47643
          ],
          [
            124.71863,
            8.47659
          ],
          [
            124.71937,
            8.47695
          ],
          [
            124.72016,
            8.4773
          ],
          [
            124.72024,
            8.47734
          ],
          [
            124.72073,
            8.47756
          ],
          [
            124.72106,
            8.47772
          ],
          [
            124.72214,
            8.47821
          ],
          [
            124.72231,
            8.47829
          ],
          [
            124.72298,
            8.47861
          ],
          [
            124.72325,
            8.47875
          ],
          [
            124.72352,
            8.4789
          ],
          [
            124.72393,
            8.47913
          ],
          [
            124.7243,
            8.47932
          ],
          [
            124.72453,
            8.47944
          ],
          [
            124.7246,
            8.47948
          ],
          [
            124.72473,
            8.47955
          ],
          [
            124.72507,
            8.47974
          ],
          [
            124.72526,
            8.47983
          ],
          [
            124.72538,
            8.47989
          ],
          [
            124.72547,
            8.47994
          ],
          [
            124.72552,
            8.47997
          ],
          [
            124.72557,
            8.48
          ],
          [
            124.72573,
            8.4801
          ],
          [
            124.72577,
            8.4801
          ],
          [
            124.72585,
            8.48012
          ],
          [
            124.72592,
            8.48015
          ],
          [
            124.72603,
            8.48021
          ],
          [
            124.72645,
            8.48046
          ],
          [
            124.72649,
            8.48048
          ],
          [
            124.72672,
            8.48063
          ],
          [
            124.72707,
            8.48085
          ],
          [
            124.72724,
            8.48096
          ],
          [
            124.72743,
            8.48109
          ],
          [
            124.72781,
            8.48135
          ],
          [
            124.72789,
            8.4814
          ],
          [
            124.72791,
            8.48142
          ],
          [
            124.72823,
            8.48166
          ],
          [
            124.7284,
            8.48178
          ],
          [
            124.72851,
            8.48186
          ],
          [
            124.72869,
            8.48198
          ],
          [
            124.72891,
            8.48215
          ],
          [
            124.72915,
            8.48235
          ],
          [
            124.72934,
            8.4825
          ],
          [
            124.72948,
            8.48262
          ],
          [
            124.72951,
            8.4827
          ],
          [
            124.72973,
            8.48288
          ],
          [
            124.72996,
            8.48305
          ],
          [
            124.73014,
            8.48319
          ],
          [
            124.7305,
            8.48349
          ],
          [
            124.73057,
            8.48355
          ],
          [
            124.73068,
            8.48364
          ],
          [
            124.73076,
            8.4837
          ],
          [
            124.73085,
            8.48377
          ],
          [
            124.73106,
            8.48392
          ],
          [
            124.73119,
            8.48401
          ],
          [
            124.73131,
            8.48408
          ],
          [
            124.7315,
            8.48421
          ],
          [
            124.73169,
            8.48432
          ],
          [
            124.73251,
            8.48482
          ],
          [
            124.73291,
            8.48505
          ],
          [
            124.73302,
            8.48511
          ],
          [
            124.73322,
            8.48523
          ],
          [
            124.73345,
            8.48536
          ],
          [
            124.73394,
            8.48564
          ],
          [
            124.73398,
            8.48567
          ],
          [
            124.73442,
            8.48594
          ],
          [
            124.73477,
            8.48618
          ],
          [
            124.73489,
            8.48626
          ],
          [
            124.73553,
            8.48669
          ],
          [
            124.73636,
            8.48729
          ],
          [
            124.73676,
            8.48759
          ],
          [
            124.73705,
            8.4878
          ],
          [
            124.73739,
            8.48804
          ],
          [
            124.73751,
            8.48813
          ],
          [
            124.73774,
            8.48827
          ],
          [
            124.73798,
            8.48843
          ],
          [
            124.73818,
            8.48858
          ],
          [
            124.73824,
            8.48862
          ],
          [
            124.73833,
            8.48869
          ],
          [
            124.73865,
            8.48889
          ],
          [
            124.73899,
            8.48913
          ],
          [
            124.73905,
            8.48918
          ],
          [
            124.73934,
            8.48942
          ],
          [
            124.73941,
            8.48948
          ],
          [
            124.73965,
            8.48968
          ],
          [
            124.7398,
            8.4898
          ],
          [
            124.74023,
            8.49025
          ],
          [
            124.74079,
            8.49078
          ],
          [
            124.74142,
            8.49136
          ],
          [
            124.74195,
            8.49185
          ],
          [
            124.74209,
            8.49198
          ],
          [
            124.74222,
            8.4921
          ],
          [
            124.74227,
            8.49214
          ],
          [
            124.74236,
            8.49223
          ],
          [
            124.74283,
            8.49265
          ],
          [
            124.74306,
            8.49286
          ],
          [
            124.74329,
            8.49307
          ],
          [
            124.7435,
            8.49326
          ],
          [
            124.74369,
            8.49344
          ],
          [
            124.74383,
            8.49356
          ],
          [
            124.74391,
            8.49364
          ],
          [
            124.74424,
            8.49394
          ],
          [
            124.74451,
            8.49418
          ],
          [
            124.74461,
            8.49427
          ],
          [
            124.74545,
            8.49501
          ],
          [
            124.74569,
            8.49524
          ],
          [
            124.74588,
            8.49542
          ],
          [
            124.74602,
            8.49555
          ],
          [
            124.74617,
            8.49569
          ],
          [
            124.74632,
            8.49585
          ],
          [
            124.74644,
            8.49598
          ],
          [
            124.74656,
            8.49611
          ],
          [
            124.7468,
            8.49639
          ],
          [
            124.74691,
            8.49651
          ],
          [
            124.74701,
            8.49663
          ],
          [
            124.74708,
            8.49672
          ],
          [
            124.74715,
            8.4968
          ],
          [
            124.7473,
            8.49702
          ],
          [
            124.74757,
            8.49737
          ],
          [
            124.74773,
            8.49759
          ],
          [
            124.74789,
            8.49781
          ],
          [
            124.74797,
            8.49793
          ],
          [
            124.74806,
            8.49806
          ],
          [
            124.74806,
            8.49807
          ],
          [
            124.74825,
            8.49834
          ],
          [
            124.74871,
            8.49903
          ],
          [
            124.74886,
            8.49923
          ],
          [
            124.74887,
            8.49926
          ],
          [
            124.74902,
            8.49944
          ],
          [
            124.74904,
            8.49947
          ],
          [
            124.74905,
            8.49949
          ],
          [
            124.74923,
            8.49972
          ],
          [
            124.74928,
            8.49974
          ],
          [
            124.74936,
            8.49981
          ],
          [
            124.74942,
            8.49986
          ],
          [
            124.74975,
            8.49957
          ],
          [
            124.74993,
            8.49939
          ],
          [
            124.75005,
            8.49928
          ],
          [
            124.75014,
            8.49921
          ],
          [
            124.75027,
            8.49935
          ],
          [
            124.75047,
            8.49958
          ],
          [
            124.7505,
            8.4996
          ]
        ]
      },
      "properties": {
        "name": "Puerto (R1) Puerto Public Market – Agora Terminal"
      }
    }
  ]
}